0;0;0;0;land;false;unknown;0
1;205;19;1;land;false;desert;7
2;185;77;1;land;false;plains;7
3;237;113;1;land;true;hills;7
4;175;64;1;land;false;plains;7
5;186;118;1;land;true;plains;7
6;246;139;1;land;true;plains;7
7;230;89;1;land;false;plains;7
8;232;95;1;land;false;urban;7
9;174;232;1;land;false;desert;7
10;153;239;1;land;false;desert;7
11;162;218;1;land;false;plains;7
12;169;251;1;land;false;desert;7
13;125;225;1;land;false;plains;7
14;177;217;1;land;false;desert;7
15;140;228;1;land;false;desert;7
16;155;223;1;land;false;desert;7
17;132;213;1;land;false;desert;7
18;222;115;1;land;false;plains;7
19;224;92;1;land;false;plains;7
20;0;197;1;land;false;desert;7
21;86;65;1;land;true;mountain;7
22;154;66;1;land;true;mountain;7
23;156;73;1;land;true;mountain;7
24;41;189;1;land;true;plains;7
25;48;209;1;land;false;plains;7
26;97;218;1;land;false;plains;7
27;36;212;1;land;true;desert;7
28;40;249;1;land;false;plains;7
29;69;240;1;land;false;plains;7
30;39;239;1;land;false;plains;7
31;44;242;1;land;true;plains;7
32;66;226;1;land;false;plains;7
33;205;101;1;land;false;hills;7
34;190;104;1;land;false;hills;7
35;191;95;1;land;false;hills;7
36;229;162;1;land;false;plains;7
37;6;70;1;land;false;plains;7
38;68;70;1;land;false;plains;7
39;16;25;1;land;true;plains;7
40;40;18;1;land;true;plains;7
41;26;65;1;land;true;plains;7
42;44;17;1;land;true;plains;7
43;39;73;1;land;false;plains;7
44;42;66;1;land;false;plains;7
45;57;43;1;land;false;plains;7
46;112;82;1;land;false;plains;7
47;66;84;1;land;true;mountain;7
48;102;93;1;land;false;hills;7
49;64;95;1;land;false;plains;7
50;55;82;1;land;false;plains;7
51;92;25;1;land;true;hills;7
52;72;43;1;land;false;plains;7
53;67;54;1;land;true;plains;7
54;119;26;1;land;false;desert;7
55;109;78;1;land;false;plains;7
56;96;174;1;land;false;forest;7
57;114;116;1;land;true;forest;7
58;119;117;1;land;false;forest;7
59;117;142;1;land;true;mountain;7
60;90;157;1;land;false;urban;7
61;111;166;1;land;false;forest;7
62;78;166;1;land;true;forest;7
63;80;194;1;land;true;forest;7
64;187;42;1;land;false;plains;7
65;211;35;1;land;false;plains;7
66;240;47;1;land;false;plains;7
67;238;38;1;land;false;hills;7
68;151;185;1;land;false;hills;7
69;150;175;1;land;false;hills;7
70;151;201;1;land;false;hills;7
71;139;172;1;land;false;hills;7
72;239;10;1;land;false;plains;7
73;219;38;1;land;false;plains;7
74;253;21;1;land;false;plains;7
75;231;13;1;land;false;plains;7
76;249;25;1;land;false;plains;7
77;225;42;1;land;false;plains;7
78;46;123;1;land;false;desert;7
79;55;105;1;land;false;desert;7
80;75;125;1;land;false;desert;7
81;56;173;1;land;false;desert;7
82;110;165;1;land;false;desert;7
83;82;135;1;land;false;desert;7
84;34;55;1;land;false;hills;7
85;22;5;1;land;false;desert;7
86;157;174;1;land;true;mountain;7
87;148;131;1;land;true;mountain;7
88;155;191;1;land;true;mountain;7
89;139;209;1;land;false;desert;7
90;113;246;1;land;false;hills;7
91;163;218;1;land;false;desert;7
92;167;210;1;land;false;plains;7
93;184;248;1;land;false;desert;7
94;138;249;1;land;false;plains;7
95;239;102;1;land;false;plains;7
96;237;74;1;land;false;plains;7
97;246;120;1;land;false;plains;7
98;232;137;1;land;false;plains;7
99;229;89;1;land;false;plains;7
100;230;126;1;land;false;plains;7
101;254;146;1;land;false;plains;7
102;229;151;1;land;false;plains;7
103;249;125;1;land;false;plains;7
104;190;33;1;land;false;hills;7
105;208;35;1;land;false;hills;7
106;162;26;1;land;false;plains;7
107;188;11;1;land;false;plains;7
108;71;154;1;land;true;mountain;7
109;49;162;1;land;false;plains;7
110;11;115;1;land;true;hills;7
111;69;153;1;land;false;plains;7
112;45;102;1;land;false;plains;7
113;17;145;1;land;true;desert;7
114;33;245;1;land;false;desert;7
115;30;251;1;land;false;desert;7
116;71;203;1;land;false;desert;7
117;69;254;1;land;false;desert;7
118;44;247;1;land;false;desert;7
119;104;200;1;land;false;desert;7
120;99;184;1;land;false;desert;7
121;55;197;1;land;false;desert;7
122;50;202;1;land;false;desert;7
123;152;70;1;land;false;desert;7
124;176;68;1;land;false;desert;7
125;183;77;1;land;false;desert;7
126;142;94;1;land;false;desert;7
127;191;76;1;land;false;desert;7
128;177;105;1;land;false;desert;7
129;106;250;1;land;false;plains;7
130;66;201;1;land;false;hills;7
131;101;225;1;land;false;plains;7
132;191;101;1;land;false;plains;7
133;215;91;1;land;false;plains;7
134;219;73;1;land;false;desert;7
135;233;102;1;land;false;desert;7
136;195;107;1;land;false;desert;7
137;197;74;1;land;false;plains;7
138;239;84;1;land;false;desert;7
139;212;175;1;land;false;hills;7
140;73;91;1;land;false;desert;7
141;69;39;1;land;false;desert;7
142;130;89;1;land;false;desert;7
143;129;84;1;land;false;desert;7
144;116;28;1;land;false;desert;7
145;91;57;1;land;false;desert;7
146;64;48;1;land;false;desert;7
147;56;67;1;land;false;desert;7
148;52;225;1;land;true;plains;7
149;9;215;1;land;false;plains;7
150;138;38;1;land;true;plains;7
151;83;120;1;land;false;plains;7
152;72;124;1;land;false;plains;7
153;23;160;1;land;false;plains;7
154;49;168;1;land;false;hills;7
155;113;224;1;land;false;forest;7
156;182;240;1;land;false;forest;7
157;138;235;1;land;false;forest;7
158;168;229;1;land;false;forest;7
159;149;217;1;land;false;forest;7
160;96;129;1;land;false;hills;7
161;51;159;1;land;false;hills;7
162;63;135;1;land;false;hills;7
163;192;2;1;land;true;plains;7
164;211;44;1;land;true;mountain;7
165;174;23;1;land;true;mountain;7
166;169;25;1;land;true;hills;7
167;161;22;1;land;true;hills;7
168;222;14;1;land;true;mountain;7
169;242;111;1;land;false;plains;7
170;251;92;1;land;false;plains;7
171;218;94;1;land;false;plains;7
172;185;123;1;land;false;plains;7
173;222;83;1;land;false;plains;7
174;232;82;1;land;false;plains;7
175;201;105;1;land;false;plains;7
176;195;109;1;land;false;plains;7
177;95;198;1;land;false;hills;7
178;36;225;1;land;false;plains;7
179;94;234;1;land;false;hills;7
180;18;81;1;land;false;hills;7
181;41;144;1;land;false;hills;7
182;43;126;1;land;false;desert;7
183;18;96;1;land;false;plains;7
184;10;91;1;land;false;plains;7
185;28;114;1;land;false;plains;7
186;14;102;1;land;false;hills;7
187;25;134;1;land;false;hills;7
188;39;149;1;land;false;hills;7
189;2;105;1;land;false;forest;7
190;34;106;1;land;false;plains;7
191;0;92;1;land;false;hills;7
192;25;121;1;land;false;hills;7
193;134;205;1;land;false;desert;7
194;146;200;1;land;false;desert;7
195;77;254;1;land;false;hills;7
196;96;208;1;land;false;desert;7
197;90;211;1;land;false;desert;7
198;99;212;1;land;false;desert;7
199;99;50;1;land;false;plains;7
200;147;100;1;land;false;plains;7
201;125;67;1;land;false;hills;7
202;138;83;1;land;false;hills;7
203;117;49;1;land;false;hills;7
204;103;38;1;land;false;hills;7
205;252;220;1;land;false;plains;7
206;221;181;1;land;false;plains;7
207;247;203;1;land;true;hills;7
208;240;169;1;land;false;plains;7
209;202;99;1;land;false;desert;7
210;183;86;1;land;false;desert;7
211;162;123;1;land;false;desert;7
212;163;125;1;land;false;desert;7
213;172;95;1;land;false;desert;7
214;197;98;1;land;false;desert;7
215;153;124;1;land;false;desert;7
216;158;93;1;land;false;desert;7
217;211;104;1;land;false;desert;7
218;200;79;1;land;false;desert;7
219;151;105;1;land;false;desert;7
220;190;73;1;land;false;desert;7
221;33;195;1;land;false;desert;7
222;49;171;1;land;false;desert;7
223;60;185;1;land;false;desert;7
224;46;232;1;land;false;desert;7
225;31;216;1;land;false;desert;7
226;40;41;1;land;true;desert;7
227;24;87;1;land;true;desert;7
228;87;50;1;land;false;desert;7
229;72;73;1;land;false;plains;7
230;27;54;1;land;true;hills;7
231;66;73;1;land;true;desert;7
232;89;29;1;land;true;desert;7
233;59;24;1;land;false;hills;7
234;40;9;1;land;true;mountain;7
235;20;59;1;land;true;desert;7
236;83;53;1;land;false;plains;7
237;91;23;1;land;true;desert;7
238;127;179;1;land;false;desert;7
239;188;178;1;land;true;desert;7
240;129;178;1;land;true;desert;7
241;93;28;1;land;false;hills;7
242;91;86;1;land;false;mountain;7
243;240;195;1;land;false;hills;7
244;192;150;1;land;false;plains;7
245;238;145;1;land;false;hills;7
246;164;146;1;land;false;desert;7
247;175;172;1;land;false;mountain;7
248;91;47;1;land;false;plains;7
249;66;42;1;land;false;plains;7
250;83;64;1;land;false;plains;7
251;61;43;1;land;false;hills;7
252;94;66;1;land;false;hills;7
253;91;26;1;land;false;plains;7
254;81;73;1;land;false;hills;7
255;75;40;1;land;false;plains;7
256;105;23;1;land;false;mountain;7
257;92;62;1;land;false;plains;7
258;176;144;1;land;false;plains;7
259;193;215;1;land;false;plains;7
260;174;194;1;land;false;plains;7
261;182;203;1;land;false;plains;7
262;152;57;1;land;false;desert;7
263;86;55;1;land;false;plains;7
264;164;56;1;land;false;desert;7
265;91;46;1;land;false;desert;7
266;117;61;1;land;false;desert;7
267;135;83;1;land;false;plains;7
268;87;43;1;land;false;desert;7
269;220;195;1;land;false;hills;7
270;196;173;1;land;false;plains;7
271;209;202;1;land;false;plains;7
272;244;170;1;land;false;plains;7
273;236;158;1;land;false;plains;7
274;197;171;1;land;false;hills;7
275;225;195;1;land;false;plains;7
276;214;160;1;land;false;hills;7
277;240;192;1;land;false;plains;7
278;200;158;1;land;false;plains;7
279;14;8;1;land;false;plains;7
280;16;42;1;land;false;plains;7
281;32;6;1;land;true;hills;7
282;23;33;1;land;false;urban;7
283;38;22;1;land;true;plains;7
284;8;30;1;land;true;plains;7
285;11;25;1;land;false;plains;7
286;8;69;1;land;false;plains;7
287;147;190;1;land;false;plains;7
288;130;144;1;land;false;plains;7
289;139;119;1;land;false;plains;7
290;140;113;1;land;false;plains;7
291;126;179;1;land;false;plains;7
292;145;157;1;land;false;plains;7
293;35;11;1;land;true;plains;7
294;159;167;1;land;true;plains;7
295;170;134;1;land;true;plains;7
296;178;168;1;land;true;hills;7
297;169;172;1;land;false;plains;7
298;210;0;1;land;false;hills;7
299;147;12;1;land;false;hills;7
300;179;23;1;land;false;hills;7
301;213;15;1;land;false;plains;7
302;42;122;1;land;true;hills;7
303;21;125;1;land;false;plains;7
304;58;144;1;land;false;hills;7
305;34;130;1;land;false;hills;7
306;48;89;1;land;false;plains;7
307;223;1;1;land;false;plains;7
308;216;4;1;land;false;desert;7
309;224;41;1;land;false;desert;7
310;190;15;1;land;false;desert;7
311;232;20;1;land;false;desert;7
312;199;38;1;land;false;desert;7
313;230;16;1;land;false;desert;7
314;236;13;1;land;false;desert;7
315;76;175;1;land;false;desert;7
316;56;126;1;land;false;desert;7
317;95;141;1;land;false;desert;7
318;109;213;1;land;false;plains;7
319;112;213;1;land;false;plains;7
320;54;235;1;land;false;plains;7
321;95;245;1;land;false;hills;7
322;57;207;1;land;false;plains;7
323;238;56;1;land;true;desert;7
324;238;129;1;land;false;plains;7
325;197;113;1;land;false;desert;7
326;201;98;1;land;true;hills;7
327;174;132;1;land;true;plains;7
328;189;95;1;land;false;plains;7
329;166;132;1;land;true;plains;7
330;238;68;1;land;false;mountain;7
331;167;135;1;land;false;desert;7
332;237;109;1;land;true;hills;7
333;186;112;1;land;false;plains;7
334;230;76;1;land;false;desert;7
335;214;69;1;land;false;desert;7
336;211;107;1;land;false;mountain;7
337;174;122;1;land;true;plains;7
338;168;130;1;land;false;plains;7
339;167;109;1;land;true;mountain;7
340;225;80;1;land;false;desert;7
341;230;81;1;land;true;desert;7
342;169;62;1;land;true;mountain;7
343;178;91;1;land;true;mountain;7
344;102;215;1;land;false;hills;7
345;152;252;1;land;false;desert;7
346;251;95;1;land;true;hills;7
347;230;118;1;land;true;plains;7
348;241;97;1;land;false;hills;7
349;174;157;1;land;false;hills;7
350;148;142;1;land;false;desert;7
351;18;55;1;land;false;plains;7
352;27;37;1;land;false;urban;7
353;42;47;1;land;false;plains;7
354;38;10;1;land;false;plains;7
355;204;215;1;land;false;plains;7
356;237;156;1;land;false;plains;7
357;170;199;1;land;true;hills;7
358;231;183;1;land;false;plains;7
359;175;159;1;land;false;plains;7
360;186;203;1;land;false;mountain;7
361;23;45;1;land;true;plains;7
362;55;48;1;land;false;plains;7
363;54;13;1;land;false;plains;7
364;76;13;1;land;false;plains;7
365;64;62;1;land;false;plains;7
366;29;72;1;land;true;plains;7
367;11;36;1;land;false;plains;7
368;71;118;1;land;false;hills;7
369;104;143;1;land;false;plains;7
370;104;116;1;land;false;desert;7
371;47;126;1;land;false;plains;7
372;72;164;1;land;false;desert;7
373;57;105;1;land;false;plains;7
374;67;159;1;land;false;plains;7
375;187;35;1;land;false;plains;7
376;77;187;1;land;false;hills;7
377;132;144;1;land;false;desert;7
378;210;14;1;land;false;plains;7
379;208;13;1;land;false;plains;7
380;203;44;1;land;false;plains;7
381;248;10;1;land;false;plains;7
382;240;43;1;land;false;plains;7
383;247;38;1;land;false;plains;7
384;216;127;1;land;false;hills;7
385;210;103;1;land;false;hills;7
386;237;116;1;land;false;desert;7
387;232;72;1;land;false;hills;7
388;214;95;1;land;false;desert;7
389;223;143;1;land;false;hills;7
390;238;92;1;land;false;desert;7
391;242;76;1;land;false;desert;7
392;68;236;1;land;true;plains;7
393;74;236;1;land;true;plains;7
394;71;193;1;land;false;plains;7
395;135;204;1;land;true;plains;7
396;51;121;1;land;false;desert;7
397;55;165;1;land;false;desert;7
398;40;116;1;land;false;desert;7
399;54;101;1;land;false;hills;7
400;42;132;1;land;false;desert;7
401;147;215;1;land;false;hills;7
402;145;218;1;land;false;desert;7
403;157;234;1;land;false;desert;7
404;181;84;1;land;true;desert;7
405;1;235;1;land;false;desert;7
406;52;226;1;land;false;desert;7
407;37;194;1;land;false;desert;7
408;38;170;1;land;false;desert;7
409;48;194;1;land;false;desert;7
410;236;106;1;land;false;hills;7
411;224;123;1;land;false;desert;7
412;67;205;1;land;false;hills;7
413;45;183;1;land;true;mountain;7
414;35;180;1;land;true;mountain;7
415;32;184;1;land;false;plains;7
416;52;212;1;land;true;mountain;7
417;232;79;1;land;false;desert;7
418;220;92;1;land;false;desert;7
419;217;129;1;land;false;desert;7
420;50;210;1;land;true;mountain;7
421;18;222;1;land;true;hills;7
422;33;193;1;land;true;hills;7
423;207;123;1;land;true;desert;7
424;209;83;1;land;true;desert;7
425;223;120;1;land;true;desert;7
426;119;218;1;land;false;hills;7
427;102;224;1;land;false;hills;7
428;99;247;1;land;false;hills;7
429;76;221;1;land;false;hills;7
430;49;229;1;land;false;plains;7
431;118;239;1;land;false;desert;7
432;117;210;1;land;false;hills;7
433;109;230;1;land;false;hills;7
434;119;80;1;land;false;desert;7
435;137;76;1;land;false;hills;7
436;98;60;1;land;false;desert;7
437;101;38;1;land;false;desert;7
438;112;92;1;land;false;desert;7
439;118;36;1;land;false;hills;7
440;226;172;1;land;false;plains;7
441;199;211;1;land;false;plains;7
442;238;155;1;land;false;plains;7
443;211;166;1;land;false;plains;7
444;144;65;1;land;false;desert;7
445;118;62;1;land;false;desert;7
446;159;61;1;land;false;desert;7
447;147;110;1;land;false;desert;7
448;119;74;1;land;false;desert;7
449;163;96;1;land;false;desert;7
450;171;70;1;land;false;desert;7
451;188;113;1;land;false;desert;7
452;177;82;1;land;false;desert;7
453;120;72;1;land;false;desert;7
454;11;227;1;land;false;plains;7
455;27;218;1;land;false;desert;7
456;2;171;1;land;false;desert;7
457;14;228;1;land;false;desert;7
458;6;221;1;land;false;desert;7
459;44;213;1;land;false;plains;7
460;34;192;1;land;false;desert;7
461;8;213;1;land;false;desert;7
462;42;171;1;land;false;desert;7
463;19;208;1;land;false;desert;7
464;26;233;1;land;false;desert;7
465;19;171;1;land;false;desert;7
466;9;165;1;land;false;desert;7
467;30;66;1;land;false;desert;7
468;5;32;1;land;false;hills;7
469;32;9;1;land;false;desert;7
470;5;20;1;land;false;desert;7
471;62;20;1;land;false;hills;7
472;54;37;1;land;false;desert;7
473;144;119;1;land;false;plains;7
474;168;177;1;land;false;plains;7
475;140;122;1;land;false;plains;7
476;167;163;1;land;false;plains;7
477;150;140;1;land;false;plains;7
478;118;181;1;land;false;plains;7
479;102;183;1;land;false;plains;7
480;147;131;1;land;false;forest;7
481;62;39;1;land;true;desert;7
482;106;28;1;land;true;desert;7
483;82;67;1;land;true;desert;7
484;74;27;1;land;false;desert;7
485;218;183;1;land;true;desert;7
486;157;173;1;land;false;desert;7
487;215;196;1;land;false;desert;7
488;190;180;1;land;false;desert;7
489;155;197;1;land;false;desert;7
490;178;190;1;land;true;desert;7
491;217;212;1;land;false;desert;7
492;156;134;1;land;true;desert;7
493;174;143;1;land;false;desert;7
494;160;178;1;land;false;desert;7
495;175;22;1;land;false;plains;7
496;181;29;1;land;false;hills;7
497;188;6;1;land;false;plains;7
498;198;21;1;land;false;urban;7
499;168;2;1;land;false;plains;7
500;243;8;1;land;true;mountain;7
501;217;21;1;land;false;plains;7
502;200;37;1;land;false;plains;7
503;216;15;1;land;false;plains;7
504;208;33;1;land;false;hills;7
505;190;0;1;land;false;plains;7
506;208;28;1;land;false;desert;7
507;233;56;1;land;false;desert;7
508;210;46;1;land;false;desert;7
509;252;54;1;land;false;desert;7
510;253;55;1;land;false;desert;7
511;217;46;1;land;false;desert;7
512;215;27;1;land;false;desert;7
513;228;49;1;land;false;desert;7
514;216;51;1;land;false;desert;7
515;216;38;1;land;false;desert;7
516;248;64;1;land;false;desert;7
517;228;60;1;land;false;desert;7
518;207;60;1;land;false;desert;7
519;229;16;1;land;false;desert;7
520;208;56;1;land;false;desert;7
521;241;34;1;land;false;desert;7
522;247;4;1;land;false;desert;7
523;253;60;1;land;false;desert;7
524;252;3;1;land;false;desert;7
525;223;51;1;land;false;desert;7
526;122;113;1;land;false;mountain;7
527;64;174;1;land;false;desert;7
528;98;168;1;land;false;plains;7
529;95;107;1;land;false;plains;7
530;94;143;1;land;false;hills;7
531;116;122;1;land;false;plains;7
532;66;158;1;land;false;hills;7
533;118;137;1;land;false;plains;7
534;65;119;1;land;false;hills;7
535;100;122;1;land;false;plains;7
536;92;152;1;land;false;desert;7
537;111;167;1;land;false;hills;7
538;8;167;1;land;false;plains;7
539;28;216;1;land;false;plains;7
540;28;189;1;land;false;plains;7
541;23;228;1;land;false;plains;7
542;19;165;1;land;false;plains;7
543;24;240;1;land;false;plains;7
544;14;182;1;land;true;hills;7
545;25;167;1;land;false;plains;7
546;39;193;1;land;false;plains;7
547;128;83;1;land;true;plains;7
548;121;38;1;land;false;plains;7
549;121;77;1;land;false;plains;7
550;151;49;1;land;true;plains;7
551;91;51;1;land;true;plains;7
552;94;87;1;land;false;plains;7
553;31;197;1;land;false;plains;7
554;32;207;1;land;false;desert;7
555;199;116;1;land;false;mountain;7
556;121;93;1;land;false;hills;7
557;9;69;1;land;false;plains;7
558;52;16;1;land;false;plains;7
559;6;28;1;land;false;desert;7
560;4;57;1;land;false;hills;7
561;66;49;1;land;false;desert;7
562;17;56;1;land;false;desert;7
563;0;76;1;land;false;hills;7
564;57;3;1;land;false;plains;7
565;60;61;1;land;false;plains;7
566;246;163;1;land;false;desert;7
567;189;211;1;land;false;desert;7
568;245;156;1;land;false;desert;7
569;239;196;1;land;false;desert;7
570;227;221;1;land;false;desert;7
571;198;163;1;land;false;desert;7
572;237;174;1;land;false;desert;7
573;112;40;1;land;false;desert;7
574;59;36;1;land;false;desert;7
575;134;170;1;land;false;plains;7
576;95;161;1;land;false;plains;7
577;142;162;1;land;false;mountain;7
578;78;114;1;land;false;hills;7
579;70;139;1;land;false;plains;7
580;79;153;1;land;false;hills;7
581;81;150;1;land;false;plains;7
582;220;51;1;land;false;desert;7
583;222;34;1;land;false;desert;7
584;235;22;1;land;false;desert;7
585;214;45;1;land;false;desert;7
586;248;24;1;land;false;desert;7
587;223;8;1;land;false;desert;7
588;230;47;1;land;false;desert;7
589;209;6;1;land;false;desert;7
590;248;36;1;land;false;desert;7
591;186;40;1;land;false;desert;7
592;234;14;1;land;false;desert;7
593;193;21;1;land;false;desert;7
594;182;32;1;land;false;desert;7
595;239;42;1;land;false;desert;7
596;172;176;1;land;true;desert;7
597;147;199;1;land;false;desert;7
598;110;140;1;land;false;hills;7
599;137;141;1;land;true;desert;7
600;121;145;1;land;false;desert;7
601;147;141;1;land;true;hills;7
602;106;129;1;land;true;desert;7
603;223;19;1;land;false;desert;7
604;237;47;1;land;false;plains;7
605;219;57;1;land;false;desert;7
606;249;24;1;land;false;desert;7
607;236;36;1;land;false;plains;7
608;242;12;1;land;false;plains;7
609;231;45;1;land;false;desert;7
610;35;116;1;land;false;desert;7
611;28;101;1;land;false;desert;7
612;1;160;1;land;false;hills;7
613;58;83;1;land;false;desert;7
614;130;214;1;land;false;desert;7
615;107;237;1;land;false;desert;7
616;52;149;1;land;true;desert;7
617;96;169;1;land;true;plains;7
618;156;4;1;land;true;hills;7
619;146;25;1;land;false;mountain;7
620;32;128;1;land;false;hills;7
621;54;131;1;land;false;desert;7
622;48;150;1;land;false;desert;7
623;75;144;1;land;false;desert;7
624;48;155;1;land;false;desert;7
625;52;164;1;land;false;desert;7
626;161;237;1;land;true;plains;7
627;137;234;1;land;true;plains;7
628;162;251;1;land;true;plains;7
629;170;246;1;land;true;mountain;7
630;95;136;1;land;false;desert;7
631;70;157;1;land;false;desert;7
632;83;123;1;land;false;desert;7
633;59;128;1;land;false;desert;7
634;97;167;1;land;false;desert;7
635;68;156;1;land;false;desert;7
636;105;145;1;land;false;desert;7
637;129;134;1;land;false;desert;7
638;76;137;1;land;false;desert;7
639;86;103;1;land;false;desert;7
640;196;39;1;land;true;desert;7
641;219;9;1;land;true;hills;7
642;217;32;1;land;true;desert;7
643;162;44;1;land;true;desert;7
644;217;16;1;land;true;desert;7
645;234;47;1;land;false;desert;7
646;232;9;1;land;true;desert;7
647;200;16;1;land;true;desert;7
648;222;24;1;land;true;hills;7
649;220;109;1;land;false;desert;7
650;195;111;1;land;false;desert;7
651;220;63;1;land;false;desert;7
652;197;107;1;land;false;desert;7
653;89;254;1;land;true;hills;7
654;42;245;1;land;true;hills;7
655;44;105;1;land;false;desert;7
656;16;116;1;land;false;desert;7
657;37;103;1;land;false;hills;7
658;38;102;1;land;false;desert;7
659;20;104;1;land;false;desert;7
660;105;237;1;land;false;desert;7
661;121;199;1;land;false;hills;7
662;145;234;1;land;false;desert;7
663;100;235;1;land;false;desert;7
664;118;197;1;land;false;plains;7
665;102;239;1;land;false;desert;7
666;115;80;1;land;false;desert;7
667;178;38;1;land;false;desert;7
668;162;97;1;land;false;desert;7
669;123;45;1;land;false;desert;7
670;241;181;1;land;false;plains;7
671;219;181;1;land;false;plains;7
672;215;233;1;land;false;plains;7
673;250;234;1;land;false;hills;7
674;254;211;1;land;false;hills;7
675;217;158;1;land;false;plains;7
676;241;203;1;land;false;plains;7
677;248;159;1;land;false;hills;7
678;250;172;1;land;false;hills;7
679;182;58;1;land;false;desert;7
680;155;92;1;land;false;desert;7
681;32;202;1;land;false;plains;7
682;71;240;1;land;false;desert;7
683;21;195;1;land;false;desert;7
684;59;211;1;land;false;plains;7
685;16;181;1;land;false;desert;7
686;41;183;1;land;false;desert;7
687;32;222;1;land;false;plains;7
688;48;246;1;land;false;hills;7
689;59;234;1;land;false;desert;7
690;91;28;1;land;false;plains;7
691;31;14;1;land;false;plains;7
692;89;46;1;land;false;hills;7
693;21;40;1;land;false;desert;7
694;89;83;1;land;false;plains;7
695;74;52;1;land;false;plains;7
696;87;57;1;land;true;hills;7
697;78;100;1;land;true;mountain;7
698;128;74;1;land;true;hills;7
699;225;158;1;land;false;plains;7
700;206;161;1;land;false;desert;7
701;112;232;1;land;false;desert;7
702;99;213;1;land;true;desert;7
703;95;214;1;land;true;desert;7
704;87;243;1;land;true;desert;7
705;196;121;1;land;false;plains;7
706;226;68;1;land;false;plains;7
707;239;73;1;land;false;plains;7
708;225;112;1;land;false;plains;7
709;212;104;1;land;false;plains;7
710;191;138;1;land;false;plains;7
711;208;91;1;land;false;plains;7
712;18;125;1;land;false;desert;7
713;18;151;1;land;false;desert;7
714;19;146;1;land;false;plains;7
715;65;177;1;land;false;desert;7
716;25;184;1;land;true;hills;7
717;79;206;1;land;false;desert;7
718;19;211;1;land;false;desert;7
719;35;175;1;land;true;mountain;7
720;126;62;1;land;false;desert;7
721;131;85;1;land;false;desert;7
722;142;74;1;land;false;desert;7
723;137;72;1;land;false;desert;7
724;120;73;1;land;false;desert;7
725;153;44;1;land;false;desert;7
726;109;51;1;land;false;desert;7
727;184;49;1;land;false;desert;7
728;164;79;1;land;false;desert;7
729;126;43;1;land;false;desert;7
730;182;57;1;land;false;desert;7
731;127;72;1;land;false;desert;7
732;89;189;1;land;false;plains;7
733;103;199;1;land;false;plains;7
734;52;207;1;land;false;plains;7
735;78;241;1;land;false;urban;7
736;85;214;1;land;false;plains;7
737;81;227;1;land;false;plains;7
738;80;198;1;land;false;plains;7
739;48;237;1;land;false;urban;7
740;201;53;1;land;false;plains;7
741;182;102;1;land;false;plains;7
742;206;81;1;land;false;urban;7
743;221;80;1;land;false;urban;7
744;203;65;1;land;false;forest;7
745;235;169;1;land;false;desert;7
746;185;201;1;land;false;desert;7
747;206;164;1;land;false;desert;7
748;202;209;1;land;false;desert;7
749;229;189;1;land;false;desert;7
750;245;187;1;land;false;desert;7
751;244;196;1;land;false;desert;7
752;232;178;1;land;false;desert;7
753;192;202;1;land;false;desert;7
754;226;144;1;land;false;desert;7
755;223;174;1;land;false;desert;7
756;222;200;1;land;false;desert;7
757;214;209;1;land;false;desert;7
758;196;156;1;land;false;desert;7
759;181;194;1;land;false;desert;7
760;249;155;1;land;false;desert;7
761;229;182;1;land;false;desert;7
762;248;219;1;land;false;desert;7
763;227;184;1;land;false;desert;7
764;215;223;1;land;false;desert;7
765;231;156;1;land;false;desert;7
766;209;165;1;land;false;desert;7
767;246;179;1;land;false;desert;7
768;236;219;1;land;false;desert;7
769;97;58;1;land;true;mountain;7
770;30;221;1;land;false;desert;7
771;20;216;1;land;false;desert;7
772;2;189;1;land;false;desert;7
773;11;198;1;land;false;desert;7
774;35;165;1;land;false;desert;7
775;8;166;1;land;false;desert;7
776;25;197;1;land;false;desert;7
777;17;197;1;land;false;desert;7
778;37;224;1;land;false;desert;7
779;85;34;1;land;false;plains;7
780;143;46;1;land;false;plains;7
781;83;66;1;land;false;plains;7
782;125;95;1;land;false;plains;7
783;146;71;1;land;false;plains;7
784;71;34;1;land;false;plains;7
785;111;156;1;land;false;plains;7
786;94;146;1;land;false;urban;7
787;132;141;1;land;false;plains;7
788;126;183;1;land;false;urban;7
789;237;41;1;land;false;desert;7
790;202;17;1;land;false;desert;7
791;155;167;1;land;false;hills;7
792;159;193;1;land;false;hills;7
793;175;131;1;land;false;hills;7
794;205;176;1;land;false;desert;7
795;174;139;1;land;false;plains;7
796;168;183;1;land;false;plains;7
797;174;162;1;land;false;plains;7
798;201;177;1;land;false;hills;7
799;162;178;1;land;false;hills;7
800;171;147;1;land;false;plains;7
801;27;13;1;land;false;hills;7
802;36;56;1;land;false;hills;7
803;63;50;1;land;false;hills;7
804;217;29;1;land;false;desert;7
805;216;45;1;land;false;desert;7
806;253;22;1;land;false;desert;7
807;221;59;1;land;false;desert;7
808;33;140;1;land;false;desert;7
809;38;169;1;land;false;desert;7
810;42;104;1;land;false;desert;7
811;35;147;1;land;false;desert;7
812;37;134;1;land;false;desert;7
813;29;147;1;land;false;desert;7
814;31;47;1;land;false;desert;7
815;77;125;1;land;false;plains;7
816;28;129;1;land;false;desert;7
817;16;147;1;land;false;desert;7
818;34;144;1;land;false;plains;7
819;27;186;1;land;false;desert;7
820;78;189;1;land;false;plains;7
821;47;150;1;land;false;hills;7
822;29;167;1;land;false;desert;7
823;57;171;1;land;false;plains;7
824;17;143;1;land;false;plains;7
825;152;218;1;land;false;forest;7
826;148;224;1;land;false;forest;7
827;137;214;1;land;false;forest;7
828;164;252;1;land;true;forest;7
829;151;244;1;land;true;forest;7
830;174;246;1;land;false;forest;7
831;147;229;1;land;false;forest;7
832;137;218;1;land;false;forest;7
833;208;215;1;land;false;forest;7
834;185;228;1;land;true;mountain;7
835;185;243;1;land;false;forest;7
836;172;234;1;land;true;forest;7
837;163;220;1;land;false;forest;7
838;146;225;1;land;true;mountain;7
839;178;233;1;land;false;forest;7
840;134;240;1;land;false;forest;7
841;174;145;1;land;false;desert;7
842;222;136;1;land;false;desert;7
843;217;142;1;land;false;desert;7
844;158;90;1;land;false;desert;7
845;216;145;1;land;false;desert;7
846;213;121;1;land;false;desert;7
847;172;71;1;land;false;desert;7
848;214;73;1;land;false;hills;7
849;151;70;1;land;false;desert;7
850;236;27;1;land;false;plains;7
851;223;30;1;land;false;desert;7
852;216;43;1;land;false;plains;7
853;225;14;1;land;false;plains;7
854;229;3;1;land;false;plains;7
855;214;12;1;land;false;plains;7
856;174;21;1;land;false;plains;7
857;221;47;1;land;false;desert;7
858;179;43;1;land;false;desert;7
859;181;16;1;land;false;desert;7
860;204;25;1;land;false;plains;7
861;208;41;1;land;false;plains;7
862;226;38;1;land;false;desert;7
863;239;124;1;land;false;desert;7
864;191;118;1;land;false;desert;7
865;233;111;1;land;false;desert;7
866;243;110;1;land;false;desert;7
867;214;85;1;land;false;desert;7
868;238;142;1;land;false;desert;7
869;110;78;1;land;false;desert;7
870;110;87;1;land;false;plains;7
871;86;79;1;land;false;mountain;7
872;136;250;1;land;true;plains;7
873;145;219;1;land;true;mountain;7
874;156;213;1;land;false;plains;7
875;110;205;1;land;true;mountain;7
876;96;237;1;land;true;mountain;7
877;166;231;1;land;false;forest;7
878;172;135;1;land;true;desert;7
879;155;64;1;land;true;desert;7
880;117;101;1;land;true;desert;7
881;37;221;1;land;false;hills;7
882;23;226;1;land;false;desert;7
883;42;189;1;land;false;hills;7
884;39;167;1;land;false;hills;7
885;16;218;1;land;false;plains;7
886;0;194;1;land;false;hills;7
887;34;170;1;land;false;hills;7
888;23;168;1;land;false;hills;7
889;54;52;1;land;false;desert;7
890;28;41;1;land;false;desert;7
891;37;184;1;land;false;hills;7
892;89;82;1;land;false;plains;7
893;22;51;1;land;false;plains;7
894;30;84;1;land;false;plains;7
895;93;84;1;land;false;plains;7
896;64;75;1;land;false;plains;7
897;66;80;1;land;false;plains;7
898;37;117;1;land;false;hills;7
899;87;117;1;land;false;plains;7
900;109;132;1;land;false;hills;7
901;55;132;1;land;false;hills;7
902;43;159;1;land;false;desert;7
903;78;108;1;land;false;desert;7
904;50;216;1;land;true;plains;7
905;136;174;1;land;false;mountain;7
906;79;135;1;land;false;plains;7
907;86;117;1;land;false;hills;7
908;136;153;1;land;false;hills;7
909;95;126;1;land;false;plains;7
910;104;31;1;land;true;hills;7
911;152;44;1;land;false;plains;7
912;84;14;1;land;false;plains;7
913;129;28;1;land;true;mountain;7
914;238;103;1;land;false;plains;7
915;224;73;1;land;false;desert;7
916;236;77;1;land;false;desert;7
917;228;85;1;land;false;plains;7
918;220;101;1;land;false;desert;7
919;215;83;1;land;false;plains;7
920;254;104;1;land;false;desert;7
921;252;83;1;land;false;desert;7
922;234;123;1;land;false;plains;7
923;222;100;1;land;false;desert;7
924;228;143;1;land;false;plains;7
925;243;94;1;land;false;desert;7
926;224;144;1;land;false;desert;7
927;254;224;1;land;false;plains;7
928;221;215;1;land;false;plains;7
929;250;198;1;land;false;plains;7
930;248;223;1;land;false;urban;7
931;246;245;1;land;false;urban;7
932;223;203;1;land;false;plains;7
933;230;240;1;land;false;plains;7
934;224;193;1;land;false;urban;7
935;229;233;1;land;false;plains;7
936;51;105;1;land;true;mountain;7
937;18;230;1;land;false;desert;7
938;5;250;1;land;false;desert;7
939;4;243;1;land;false;plains;7
940;34;209;1;land;false;desert;7
941;15;215;1;land;false;desert;7
942;130;100;1;land;false;hills;7
943;171;56;1;land;false;mountain;7
944;159;88;1;land;false;hills;7
945;180;197;1;land;false;plains;7
946;205;198;1;land;false;plains;7
947;176;211;1;land;false;plains;7
948;168;167;1;land;false;plains;7
949;158;203;1;land;false;hills;7
950;141;196;1;land;false;hills;7
951;198;182;1;land;false;plains;7
952;171;183;1;land;false;plains;7
953;195;196;1;land;false;plains;7
954;212;163;1;land;false;plains;7
955;172;74;1;land;false;plains;7
956;197;87;1;land;false;desert;7
957;210;123;1;land;false;desert;7
958;241;78;1;land;false;desert;7
959;169;59;1;land;false;desert;7
960;195;181;1;land;false;hills;7
961;212;201;1;land;false;desert;7
962;190;167;1;land;false;mountain;7
963;234;221;1;land;false;desert;7
964;228;191;1;land;false;desert;7
965;174;197;1;land;false;desert;7
966;111;38;1;land;false;mountain;7
967;116;17;1;land;false;hills;7
968;90;25;1;land;false;hills;7
969;125;171;1;land;false;plains;7
970;98;180;1;land;false;plains;7
971;62;154;1;land;false;plains;7
972;104;49;1;land;false;plains;7
973;150;48;1;land;false;plains;7
974;138;97;1;land;false;plains;7
975;106;88;1;land;false;plains;7
976;92;86;1;land;false;plains;7
977;128;71;1;land;false;plains;7
978;136;28;1;land;false;plains;7
979;142;25;1;land;false;plains;7
980;93;54;1;land;false;plains;7
981;116;60;1;land;false;plains;7
982;156;44;1;land;false;plains;7
983;130;46;1;land;false;plains;7
984;154;84;1;land;false;plains;7
985;117;30;1;land;false;plains;7
986;106;64;1;land;false;plains;7
987;123;91;1;land;false;plains;7
988;117;155;1;land;false;desert;7
989;109;173;1;land;false;desert;7
990;143;208;1;land;false;plains;7
991;141;163;1;land;false;plains;7
992;103;189;1;land;false;desert;7
993;136;156;1;land;false;desert;7
994;116;195;1;land;false;plains;7
995;71;91;1;land;false;mountain;7
996;132;158;1;land;false;plains;7
997;97;202;1;land;false;desert;7
998;147;194;1;land;false;hills;7
999;81;204;1;land;false;desert;7
1000;188;66;1;land;false;plains;7
1001;143;109;1;land;false;plains;7
1002;112;47;1;land;false;desert;7
1003;157;87;1;land;false;plains;7
1004;127;60;1;land;false;plains;7
1005;137;43;1;land;false;desert;7
1006;111;106;1;land;false;plains;7
1007;120;53;1;land;false;desert;7
1008;173;78;1;land;false;plains;7
1009;175;38;1;land;false;plains;7
1010;114;79;1;land;false;hills;7
1011;160;39;1;land;false;plains;7
1012;131;93;1;land;false;plains;7
1013;139;111;1;land;false;plains;7
1014;110;47;1;land;false;desert;7
1015;188;110;1;land;false;desert;7
1016;142;61;1;land;false;plains;7
1017;172;36;1;land;false;plains;7
1018;157;103;1;land;false;plains;7
1019;193;210;1;land;false;desert;7
1020;141;212;1;land;false;desert;7
1021;194;191;1;land;false;desert;7
1022;180;226;1;land;false;desert;7
1023;52;40;1;land;false;hills;7
1024;15;18;1;land;false;desert;7
1025;51;58;1;land;false;plains;7
1026;25;0;1;land;false;plains;7
1027;6;126;1;land;false;plains;7
1028;53;124;1;land;true;plains;7
1029;53;171;1;land;false;urban;7
1030;30;142;1;land;true;plains;7
1031;68;129;1;land;false;plains;7
1032;62;164;1;land;false;plains;7
1033;93;32;1;land;false;desert;7
1034;72;13;1;land;false;desert;7
1035;55;66;1;land;false;hills;7
1036;50;138;1;land;false;desert;7
1037;46;147;1;land;false;desert;7
1038;63;155;1;land;false;desert;7
1039;175;33;1;land;false;desert;7
1040;186;12;1;land;false;desert;7
1041;177;24;1;land;false;desert;7
1042;223;27;1;land;false;hills;7
1043;190;9;1;land;false;desert;7
1044;173;7;1;land;false;desert;7
1045;233;133;1;land;false;plains;7
1046;234;85;1;land;false;plains;7
1047;190;158;1;land;false;plains;7
1048;235;52;1;land;false;hills;7
1049;221;95;1;land;true;mountain;7
1050;244;123;1;land;true;mountain;7
1051;220;165;1;land;true;mountain;7
1052;85;243;1;land;false;plains;7
1053;108;244;1;land;false;hills;7
1054;108;196;1;land;false;plains;7
1055;87;250;1;land;false;plains;7
1056;123;205;1;land;false;hills;7
1057;108;236;1;land;false;plains;7
1058;130;200;1;land;false;plains;7
1059;80;234;1;land;false;plains;7
1060;100;232;1;land;false;plains;7
1061;109;232;1;land;false;hills;7
1062;92;214;1;land;false;plains;7
1063;88;247;1;land;false;hills;7
1064;78;198;1;land;false;hills;7
1065;131;115;1;land;false;plains;7
1066;167;78;1;land;false;hills;7
1067;98;58;1;land;false;hills;7
1068;96;59;1;land;false;mountain;7
1069;133;57;1;land;false;hills;7
1070;170;251;1;land;false;hills;7
1071;191;248;1;land;false;mountain;7
1072;162;96;1;land;false;desert;7
1073;160;111;1;land;false;desert;7
1074;134;97;1;land;false;desert;7
1075;159;118;1;land;false;desert;7
1076;189;84;1;land;false;hills;7
1077;136;108;1;land;false;hills;7
1078;168;81;1;land;false;desert;7
1079;190;196;1;land;false;plains;7
1080;196;142;1;land;false;plains;7
1081;172;205;1;land;false;hills;7
1082;212;134;1;land;false;plains;7
1083;213;67;1;land;false;hills;7
1084;174;2;1;land;false;plains;7
1085;191;61;1;land;false;hills;7
1086;192;53;1;land;false;plains;7
1087;223;161;1;land;false;desert;7
1088;218;198;1;land;false;desert;7
1089;235;192;1;land;false;desert;7
1090;245;198;1;land;false;desert;7
1091;213;209;1;land;false;desert;7
1092;232;208;1;land;false;desert;7
1093;253;189;1;land;false;desert;7
1094;246;28;1;land;true;hills;7
1095;130;133;1;land;true;forest;7
1096;134;179;1;land;true;mountain;7
1097;80;134;1;land;false;forest;7
1098;110;114;1;land;true;forest;7
1099;146;9;1;land;false;forest;7
1100;112;39;1;land;false;forest;7
1101;166;127;1;land;true;plains;7
1102;147;122;1;land;true;plains;7
1103;178;154;1;land;false;plains;7
1104;171;155;1;land;true;plains;7
1105;152;34;1;land;false;plains;7
1106;152;38;1;land;false;urban;7
1107;151;37;1;land;false;plains;7
1108;182;37;1;land;false;plains;7
1109;169;6;1;land;false;plains;7
1110;0;77;1;land;false;plains;7
1111;34;74;1;land;false;plains;7
1112;9;133;1;land;false;plains;7
1113;52;121;1;land;false;plains;7
1114;3;104;1;land;false;plains;7
1115;55;90;1;land;false;plains;7
1116;6;141;1;land;false;plains;7
1117;34;112;1;land;false;plains;7
1118;25;108;1;land;false;hills;7
1119;0;100;1;land;false;plains;7
1120;4;123;1;land;false;plains;7
1121;6;108;1;land;false;plains;7
1122;35;77;1;land;false;plains;7
1123;33;99;1;land;false;plains;7
1124;15;118;1;land;false;hills;7
1125;9;200;1;land;true;mountain;7
1126;56;248;1;land;true;plains;7
1127;67;127;1;land;false;desert;7
1128;93;130;1;land;false;plains;7
1129;97;116;1;land;false;desert;7
1130;36;88;1;land;false;desert;7
1131;38;238;1;land;false;plains;7
1132;68;235;1;land;false;plains;7
1133;74;213;1;land;false;plains;7
1134;84;216;1;land;false;plains;7
1135;40;218;1;land;false;plains;7
1136;107;248;1;land;false;plains;7
1137;182;90;1;land;false;plains;7
1138;214;117;1;land;false;plains;7
1139;217;68;1;land;false;plains;7
1140;197;68;1;land;false;plains;7
1141;165;106;1;land;false;plains;7
1142;213;113;1;land;false;plains;7
1143;172;76;1;land;false;plains;7
1144;180;50;1;land;false;plains;7
1145;202;72;1;land;false;plains;7
1146;185;90;1;land;false;plains;7
1147;225;182;1;land;false;hills;7
1148;213;162;1;land;false;hills;7
1149;228;64;1;land;true;plains;7
1150;196;83;1;land;false;plains;7
1151;203;125;1;land;true;plains;7
1152;252;134;1;land;true;plains;7
1153;211;74;1;land;false;plains;7
1154;244;122;1;land;true;plains;7
1155;233;124;1;land;false;plains;7
1156;245;73;1;land;true;plains;7
1157;217;76;1;land;true;plains;7
1158;196;74;1;land;true;plains;7
1159;207;199;1;land;false;plains;7
1160;237;218;1;land;false;plains;7
1161;246;232;1;land;false;plains;7
1162;208;227;1;land;false;plains;7
1163;206;223;1;land;false;plains;7
1164;219;210;1;land;false;plains;7
1165;212;225;1;land;false;plains;7
1166;203;203;1;land;false;plains;7
1167;212;180;1;land;false;hills;7
1168;212;220;1;land;false;plains;7
1169;245;249;1;land;false;hills;7
1170;230;194;1;land;false;plains;7
1171;254;66;1;land;false;desert;7
1172;195;70;1;land;false;desert;7
1173;225;70;1;land;false;desert;7
1174;191;200;1;land;false;forest;7
1175;237;224;1;land;false;forest;7
1176;225;240;1;land;false;forest;7
1177;232;174;1;land;false;forest;7
1178;203;205;1;land;false;forest;7
1179;199;239;1;land;false;forest;7
1180;10;107;1;land;false;plains;7
1181;37;82;1;land;false;plains;7
1182;37;79;1;land;true;mountain;7
1183;24;80;1;land;false;hills;7
1184;44;127;1;land;true;plains;7
1185;1;145;1;land;true;plains;7
1186;8;68;1;land;false;hills;7
1187;51;205;1;land;false;plains;7
1188;10;193;1;land;false;plains;7
1189;7;236;1;land;false;plains;7
1190;168;50;1;land;false;plains;7
1191;109;36;1;land;false;plains;7
1192;125;65;1;land;false;plains;7
1193;149;50;1;land;false;plains;7
1194;116;95;1;land;false;plains;7
1195;124;28;1;land;false;plains;7
1196;174;222;1;land;false;plains;7
1197;112;202;1;land;false;plains;7
1198;181;157;1;land;false;desert;7
1199;156;212;1;land;false;desert;7
1200;170;151;1;land;false;plains;7
1201;120;221;1;land;false;desert;7
1202;109;209;1;land;false;plains;7
1203;162;157;1;land;false;plains;7
1204;140;201;1;land;false;plains;7
1205;119;196;1;land;false;desert;7
1206;159;217;1;land;false;plains;7
1207;110;219;1;land;false;desert;7
1208;154;160;1;land;false;desert;7
1209;125;188;1;land;false;desert;7
1210;123;161;1;land;false;plains;7
1211;182;115;1;land;false;hills;7
1212;185;50;1;land;false;plains;7
1213;185;162;1;land;false;plains;7
1214;157;192;1;land;false;desert;7
1215;222;181;1;land;false;desert;7
1216;176;198;1;land;false;plains;7
1217;189;161;1;land;false;plains;7
1218;190;197;1;land;false;desert;7
1219;204;163;1;land;false;plains;7
1220;153;198;1;land;false;desert;7
1221;152;162;1;land;false;plains;7
1222;161;221;1;land;false;desert;7
1223;74;44;1;land;false;hills;7
1224;78;75;1;land;false;hills;7
1225;42;115;1;land;false;hills;7
1226;44;162;1;land;true;hills;7
1227;41;158;1;land;false;plains;7
1228;32;167;1;land;true;hills;7
1229;118;75;1;land;false;desert;7
1230;96;42;1;land;false;desert;7
1231;67;44;1;land;false;desert;7
1232;102;19;1;land;false;desert;7
1233;74;147;1;land;false;desert;7
1234;130;182;1;land;false;desert;7
1235;136;178;1;land;false;desert;7
1236;143;195;1;land;false;plains;7
1237;205;3;1;land;true;plains;7
1238;234;30;1;land;true;forest;7
1239;213;141;1;land;false;desert;7
1240;241;137;1;land;true;desert;7
1241;213;135;1;land;false;desert;7
1242;228;164;1;land;true;desert;7
1243;225;116;1;land;false;desert;7
1244;229;105;1;land;false;desert;7
1245;244;166;1;land;false;plains;7
1246;211;92;1;land;false;desert;7
1247;254;165;1;land;false;plains;7
1248;240;93;1;land;false;desert;7
1249;254;132;1;land;false;desert;7
1250;212;124;1;land;false;desert;7
1251;9;44;1;land;false;plains;7
1252;20;14;1;land;false;plains;7
1253;12;31;1;land;false;plains;7
1254;24;41;1;land;false;plains;7
1255;46;12;1;land;false;plains;7
1256;34;37;1;land;false;plains;7
1257;36;137;1;land;false;plains;7
1258;24;168;1;land;false;plains;7
1259;20;223;1;land;false;desert;7
1260;40;175;1;land;false;desert;7
1261;55;193;1;land;false;desert;7
1262;66;230;1;land;false;desert;7
1263;8;194;1;land;false;desert;7
1264;30;207;1;land;false;desert;7
1265;47;172;1;land;false;desert;7
1266;40;202;1;land;false;desert;7
1267;4;195;1;land;false;desert;7
1268;29;81;1;land;false;plains;7
1269;61;38;1;land;false;hills;7
1270;22;68;1;land;false;plains;7
1271;30;31;1;land;false;plains;7
1272;79;33;1;land;false;plains;7
1273;67;194;1;land;false;plains;7
1274;99;235;1;land;true;plains;7
1275;95;84;1;land;false;plains;7
1276;79;79;1;land;false;plains;7
1277;65;42;1;land;false;plains;7
1278;105;51;1;land;false;plains;7
1279;116;90;1;land;false;plains;7
1280;68;76;1;land;false;plains;7
1281;59;92;1;land;false;plains;7
1282;62;61;1;land;false;plains;7
1283;93;109;1;land;false;plains;7
1284;50;56;1;land;false;plains;7
1285;63;89;1;land;false;plains;7
1286;126;53;1;land;false;plains;7
1287;65;45;1;land;false;plains;7
1288;78;83;1;land;false;plains;7
1289;121;99;1;land;false;plains;7
1290;208;171;1;land;false;desert;7
1291;224;190;1;land;false;desert;7
1292;213;193;1;land;false;hills;7
1293;193;163;1;land;false;desert;7
1294;199;186;1;land;false;hills;7
1295;207;151;1;land;false;desert;7
1296;209;48;1;land;false;plains;7
1297;196;20;1;land;false;hills;7
1298;236;49;1;land;false;hills;7
1299;216;217;1;land;false;desert;7
1300;233;213;1;land;true;mountain;7
1301;240;153;1;land;false;desert;7
1302;235;173;1;land;false;desert;7
1303;213;230;1;land;true;desert;7
1304;243;162;1;land;false;desert;7
1305;237;200;1;land;true;mountain;7
1306;22;17;1;land;false;plains;7
1307;24;79;1;land;false;plains;7
1308;41;15;1;land;false;plains;7
1309;3;38;1;land;false;plains;7
1310;45;81;1;land;false;plains;7
1311;15;78;1;land;false;plains;7
1312;24;70;1;land;false;plains;7
1313;24;15;1;land;false;plains;7
1314;14;80;1;land;false;plains;7
1315;28;42;1;land;false;plains;7
1316;46;23;1;land;false;plains;7
1317;20;68;1;land;false;hills;7
1318;18;54;1;land;false;plains;7
1319;5;52;1;land;false;plains;7
1320;12;67;1;land;false;plains;7
1321;41;64;1;land;false;plains;7
1322;39;44;1;land;false;hills;7
1323;160;120;1;land;false;plains;7
1324;167;111;1;land;false;plains;7
1325;118;127;1;land;false;plains;7
1326;139;165;1;land;false;urban;7
1327;101;114;1;land;false;urban;7
1328;124;167;1;land;false;urban;7
1329;117;157;1;land;false;plains;7
1330;140;25;1;land;false;desert;7
1331;106;30;1;land;false;plains;7
1332;140;48;1;land;false;desert;7
1333;122;12;1;land;false;plains;7
1334;143;27;1;land;false;plains;7
1335;148;42;1;land;false;desert;7
1336;162;23;1;land;false;plains;7
1337;116;25;1;land;false;desert;7
1338;162;11;1;land;false;plains;7
1339;153;20;1;land;false;desert;7
1340;131;0;1;land;false;desert;7
1341;115;47;1;land;false;plains;7
1342;125;20;1;land;false;plains;7
1343;101;4;1;land;false;desert;7
1344;113;46;1;land;false;plains;7
1345;143;19;1;land;false;desert;7
1346;173;147;1;land;false;desert;7
1347;168;201;1;land;false;desert;7
1348;178;135;1;land;false;desert;7
1349;133;187;1;land;false;desert;7
1350;201;195;1;land;false;desert;7
1351;199;128;1;land;false;desert;7
1352;133;195;1;land;false;desert;7
1353;201;193;1;land;false;plains;7
1354;175;142;1;land;false;desert;7
1355;190;199;1;land;false;plains;7
1356;204;148;1;land;false;desert;7
1357;179;129;1;land;false;desert;7
1358;178;128;1;land;false;desert;7
1359;150;173;1;land;false;desert;7
1360;141;166;1;land;false;plains;7
1361;165;52;1;land;false;forest;7
1362;142;56;1;land;false;desert;7
1363;162;14;1;land;false;mountain;7
1364;141;53;1;land;false;desert;7
1365;154;14;1;land;false;forest;7
1366;70;148;1;land;false;plains;7
1367;8;108;1;land;false;hills;7
1368;72;94;1;land;false;plains;7
1369;62;104;1;land;false;plains;7
1370;18;111;1;land;false;plains;7
1371;18;101;1;land;false;desert;7
1372;53;140;1;land;false;plains;7
1373;57;156;1;land;false;desert;7
1374;48;88;1;land;false;plains;7
1375;20;210;1;land;true;desert;7
1376;19;216;1;land;true;plains;7
1377;108;166;1;land;false;desert;7
1378;71;127;1;land;false;desert;7
1379;96;97;1;land;false;desert;7
1380;92;163;1;land;false;desert;7
1381;65;167;1;land;false;desert;7
1382;101;135;1;land;false;desert;7
1383;58;102;1;land;false;desert;7
1384;129;243;1;land;false;forest;7
1385;92;240;1;land;true;hills;7
1386;114;247;1;land;false;forest;7
1387;69;219;1;land;false;forest;7
1388;124;231;1;land;false;forest;7
1389;94;242;1;land;false;forest;7
1390;100;234;1;land;false;forest;7
1391;114;141;1;land;false;plains;7
1392;56;146;1;land;false;plains;7
1393;96;131;1;land;false;desert;7
1394;74;104;1;land;false;plains;7
1395;68;237;1;land;false;plains;7
1396;101;216;1;land;true;plains;7
1397;100;246;1;land;false;plains;7
1398;108;239;1;land;true;plains;7
1399;115;221;1;land;false;plains;7
1400;74;207;1;land;true;desert;7
1401;80;113;1;land;true;hills;7
1402;136;143;1;land;false;hills;7
1403;159;21;1;land;false;plains;7
1404;111;16;1;land;false;plains;7
1405;241;66;1;land;false;plains;7
1406;229;117;1;land;false;plains;7
1407;225;82;1;land;false;plains;7
1408;249;123;1;land;false;plains;7
1409;245;140;1;land;false;plains;7
1410;247;97;1;land;false;plains;7
1411;240;87;1;land;false;plains;7
1412;209;84;1;land;false;plains;7
1413;238;102;1;land;false;desert;7
1414;26;226;1;land;false;desert;7
1415;8;208;1;land;false;desert;7
1416;30;206;1;land;false;plains;7
1417;3;242;1;land;false;desert;7
1418;31;211;1;land;false;desert;7
1419;8;135;1;land;false;plains;7
1420;17;149;1;land;false;plains;7
1421;16;127;1;land;false;hills;7
1422;59;217;1;land;false;hills;7
1423;50;217;1;land;false;hills;7
1424;22;234;1;land;false;plains;7
1425;162;107;1;land;false;hills;7
1426;137;97;1;land;false;desert;7
1427;166;36;1;land;false;forest;7
1428;144;52;1;land;false;hills;7
1429;138;53;1;land;false;hills;7
1430;167;41;1;land;false;plains;7
1431;200;82;1;land;false;desert;7
1432;161;99;1;land;false;desert;7
1433;192;109;1;land;false;plains;7
1434;133;73;1;land;false;desert;7
1435;179;178;1;land;true;desert;7
1436;176;189;1;land;true;desert;7
1437;202;121;1;land;false;mountain;7
1438;207;65;1;land;false;hills;7
1439;251;195;1;land;false;plains;7
1440;219;218;1;land;false;plains;7
1441;218;190;1;land;true;plains;7
1442;185;223;1;land;false;plains;7
1443;214;226;1;land;true;plains;7
1444;226;169;1;land;false;plains;7
1445;194;209;1;land;true;plains;7
1446;254;237;1;land;true;hills;7
1447;249;190;1;land;false;plains;7
1448;214;207;1;land;false;plains;7
1449;222;220;1;land;true;plains;7
1450;232;206;1;land;false;plains;7
1451;60;57;1;land;false;desert;7
1452;55;38;1;land;false;desert;7
1453;102;54;1;land;false;desert;7
1454;79;192;1;land;false;plains;7
1455;108;138;1;land;false;plains;7
1456;84;160;1;land;false;urban;7
1457;61;198;1;land;false;urban;7
1458;93;164;1;land;false;plains;7
1459;104;47;1;land;false;plains;7
1460;132;92;1;land;false;urban;7
1461;150;70;1;land;false;plains;7
1462;107;88;1;land;false;plains;7
1463;111;88;1;land;false;urban;7
1464;127;46;1;land;false;plains;7
1465;113;28;1;land;false;plains;7
1466;149;191;1;land;false;hills;7
1467;138;180;1;land;false;hills;7
1468;99;177;1;land;false;plains;7
1469;161;141;1;land;false;desert;7
1470;162;147;1;land;false;plains;7
1471;119;203;1;land;false;hills;7
1472;173;184;1;land;false;plains;7
1473;151;145;1;land;false;plains;7
1474;150;206;1;land;false;plains;7
1475;110;231;1;land;true;plains;7
1476;120;244;1;land;false;plains;7
1477;114;227;1;land;true;mountain;7
1478;163;234;1;land;true;mountain;7
1479;140;245;1;land;true;plains;7
1480;132;231;1;land;true;mountain;7
1481;122;234;1;land;true;mountain;7
1482;114;240;1;land;false;plains;7
1483;120;226;1;land;true;mountain;7
1484;175;250;1;land;true;mountain;7
1485;167;216;1;land;false;desert;7
1486;119;233;1;land;false;plains;7
1487;143;248;1;land;true;plains;7
1488;172;134;1;land;false;plains;7
1489;122;83;1;land;false;plains;7
1490;141;107;1;land;false;plains;7
1491;172;124;1;land;false;plains;7
1492;149;92;1;land;false;plains;7
1493;139;121;1;land;false;plains;7
1494;154;134;1;land;false;plains;7
1495;173;75;1;land;false;desert;7
1496;167;246;1;land;false;desert;7
1497;210;243;1;land;false;plains;7
1498;175;218;1;land;false;plains;7
1499;178;243;1;land;false;plains;7
1500;157;249;1;land;false;hills;7
1501;166;245;1;land;false;plains;7
1502;219;145;1;land;false;desert;7
1503;236;123;1;land;false;desert;7
1504;184;100;1;land;false;desert;7
1505;188;126;1;land;false;desert;7
1506;78;197;1;land;false;plains;7
1507;43;190;1;land;false;plains;7
1508;51;214;1;land;false;plains;7
1509;95;239;1;land;false;plains;7
1510;94;245;1;land;false;plains;7
1511;40;238;1;land;false;plains;7
1512;59;183;1;land;false;plains;7
1513;32;223;1;land;false;plains;7
1514;80;192;1;land;false;plains;7
1515;88;66;1;land;false;plains;7
1516;87;96;1;land;false;desert;7
1517;107;35;1;land;false;desert;7
1518;88;86;1;land;false;desert;7
1519;83;46;1;land;false;desert;7
1520;85;75;1;land;false;plains;7
1521;67;40;1;land;false;desert;7
1522;138;192;1;land;false;hills;7
1523;143;213;1;land;false;plains;7
1524;99;234;1;land;false;plains;7
1525;140;249;1;land;false;plains;7
1526;114;225;1;land;false;plains;7
1527;104;248;1;land;false;desert;7
1528;129;102;1;land;false;plains;7
1529;159;71;1;land;false;desert;7
1530;86;109;1;land;false;plains;7
1531;147;69;1;land;false;hills;7
1532;128;64;1;land;false;hills;7
1533;146;64;1;land;false;plains;7
1534;136;109;1;land;false;hills;7
1535;121;117;1;land;false;plains;7
1536;120;86;1;land;true;plains;7
1537;104;68;1;land;false;hills;7
1538;87;69;1;land;false;hills;7
1539;249;159;1;land;false;desert;7
1540;230;164;1;land;false;desert;7
1541;250;206;1;land;false;desert;7
1542;213;177;1;land;false;desert;7
1543;239;200;1;land;false;desert;7
1544;216;218;1;land;false;desert;7
1545;220;200;1;land;false;desert;7
1546;244;208;1;land;false;desert;7
1547;254;220;1;land;false;desert;7
1548;223;220;1;land;false;desert;7
1549;215;215;1;land;false;desert;7
1550;202;156;1;land;false;desert;7
1551;241;158;1;land;false;desert;7
1552;216;81;1;land;false;plains;7
1553;239;57;1;land;false;plains;7
1554;250;33;1;land;false;plains;7
1555;219;11;1;land;false;plains;7
1556;238;32;1;land;false;plains;7
1557;240;50;1;land;false;plains;7
1558;237;73;1;land;false;plains;7
1559;216;9;1;land;false;plains;7
1560;254;56;1;land;false;plains;7
1561;220;84;1;land;false;plains;7
1562;240;73;1;land;false;plains;7
1563;221;51;1;land;false;plains;7
1564;231;60;1;land;false;plains;7
1565;37;185;1;land;true;mountain;7
1566;7;165;1;land;false;plains;7
1567;56;220;1;land;false;hills;7
1568;47;184;1;land;false;plains;7
1569;51;165;1;land;true;mountain;7
1570;28;223;1;land;false;hills;7
1571;9;230;1;land;false;hills;7
1572;38;193;1;land;false;plains;7
1573;34;57;1;land;false;desert;7
1574;51;83;1;land;false;desert;7
1575;26;86;1;land;false;desert;7
1576;28;75;1;land;false;desert;7
1577;1;39;1;land;false;desert;7
1578;69;98;1;land;false;desert;7
1579;14;46;1;land;false;desert;7
1580;33;54;1;land;false;desert;7
1581;1;85;1;land;false;desert;7
1582;65;39;1;land;false;desert;7
1583;63;68;1;land;false;desert;7
1584;33;52;1;land;false;desert;7
1585;143;150;1;land;false;plains;7
1586;136;125;1;land;false;plains;7
1587;190;143;1;land;false;hills;7
1588;135;194;1;land;false;hills;7
1589;195;119;1;land;false;hills;7
1590;195;21;1;land;false;plains;7
1591;154;35;1;land;false;desert;7
1592;188;47;1;land;false;desert;7
1593;165;38;1;land;false;desert;7
1594;130;49;1;land;false;desert;7
1595;145;22;1;land;false;plains;7
1596;145;16;1;land;false;desert;7
1597;167;13;1;land;false;plains;7
1598;163;51;1;land;false;desert;7
1599;228;157;1;land;false;plains;7
1600;188;202;1;land;false;plains;7
1601;226;209;1;land;false;plains;7
1602;229;138;1;land;false;plains;7
1603;212;208;1;land;false;plains;7
1604;161;177;1;land;false;plains;7
1605;227;164;1;land;false;plains;7
1606;202;157;1;land;false;plains;7
1607;217;148;1;land;false;plains;7
1608;229;190;1;land;false;plains;7
1609;215;148;1;land;false;plains;7
1610;186;154;1;land;false;plains;7
1611;228;35;1;land;false;plains;7
1612;187;70;1;land;false;plains;7
1613;221;49;1;land;false;plains;7
1614;199;66;1;land;false;plains;7
1615;30;36;1;land;false;plains;7
1616;2;31;1;land;false;plains;7
1617;14;49;1;land;false;plains;7
1618;54;10;1;land;false;plains;7
1619;30;58;1;land;false;plains;7
1620;29;44;1;land;false;plains;7
1621;51;8;1;land;false;plains;7
1622;46;33;1;land;false;hills;7
1623;38;1;1;land;false;plains;7
1624;1;1;1;land;false;plains;7
1625;19;50;1;land;false;hills;7
1626;60;21;1;land;false;plains;7
1627;2;50;1;land;false;plains;7
1628;55;0;1;land;false;plains;7
1629;48;7;1;land;false;plains;7
1630;45;42;1;land;false;plains;7
1631;54;21;1;land;false;plains;7
1632;35;53;1;land;false;plains;7
1633;55;13;1;land;false;plains;7
1634;55;36;1;land;false;plains;7
1635;29;23;1;land;false;plains;7
1636;30;39;1;land;false;plains;7
1637;24;126;1;land;false;plains;7
1638;17;178;1;land;false;plains;7
1639;35;156;1;land;false;plains;7
1640;57;162;1;land;false;plains;7
1641;27;145;1;land;false;plains;7
1642;19;122;1;land;false;plains;7
1643;99;38;1;land;false;desert;7
1644;91;25;1;land;false;desert;7
1645;88;9;1;land;false;desert;7
1646;87;5;1;land;false;desert;7
1647;85;18;1;land;false;desert;7
1648;46;29;1;land;false;desert;7
1649;74;65;1;land;false;desert;7
1650;102;39;1;land;false;desert;7
1651;92;27;1;land;false;desert;7
1652;94;145;1;land;false;forest;7
1653;44;132;1;land;false;forest;7
1654;178;250;1;land;false;desert;7
1655;161;239;1;land;false;desert;7
1656;162;217;1;land;false;desert;7
1657;219;227;1;land;false;desert;7
1658;226;245;1;land;false;desert;7
1659;209;236;1;land;false;desert;7
1660;170;144;1;land;false;forest;7
1661;206;91;1;land;false;forest;7
1662;203;143;1;land;false;forest;7
1663;225;89;1;land;false;forest;7
1664;246;79;1;land;false;forest;7
1665;198;22;1;land;false;desert;7
1666;252;15;1;land;false;hills;7
1667;228;128;1;land;false;desert;7
1668;229;135;1;land;false;desert;7
1669;248;151;1;land;false;desert;7
1670;130;193;1;land;false;plains;7
1671;113;216;1;land;false;plains;7
1672;118;198;1;land;false;desert;7
1673;138;227;1;land;false;plains;7
1674;134;246;1;land;false;plains;7
1675;105;47;1;land;true;desert;7
1676;125;232;1;land;true;desert;7
1677;183;253;1;land;false;desert;7
1678;187;254;1;land;true;mountain;7
1679;190;251;1;land;true;plains;7
1680;132;202;1;land;false;plains;7
1681;161;215;1;land;false;desert;7
1682;187;223;1;land;false;desert;7
1683;148;236;1;land;true;hills;7
1684;152;75;1;land;true;hills;7
1685;161;86;1;land;true;plains;7
1686;168;76;1;land;true;hills;7
1687;180;65;1;land;false;plains;7
1688;150;58;1;land;true;hills;7
1689;184;135;1;land;true;hills;7
1690;192;72;1;land;false;mountain;7
1691;164;83;1;land;true;hills;7
1692;179;105;1;land;true;mountain;7
1693;163;130;1;land;true;mountain;7
1694;170;100;1;land;true;hills;7
1695;9;210;1;land;false;plains;7
1696;28;207;1;land;false;plains;7
1697;67;235;1;land;false;plains;7
1698;55;192;1;land;false;plains;7
1699;53;185;1;land;false;plains;7
1700;48;179;1;land;false;plains;7
1701;60;165;1;land;false;mountain;7
1702;2;197;1;land;false;plains;7
1703;16;89;1;land;false;desert;7
1704;62;53;1;land;false;desert;7
1705;66;68;1;land;false;desert;7
1706;45;181;1;land;false;plains;7
1707;52;205;1;land;false;plains;7
1708;93;200;1;land;false;plains;7
1709;108;208;1;land;false;plains;7
1710;33;186;1;land;false;plains;7
1711;39;230;1;land;false;plains;7
1712;81;40;1;land;true;mountain;7
1713;70;112;1;land;false;plains;7
1714;110;139;1;land;true;hills;7
1715;89;133;1;land;true;hills;7
1716;87;150;1;land;true;desert;7
1717;87;102;1;land;true;hills;7
1718;116;169;1;land;false;plains;7
1719;130;219;1;land;false;forest;7
1720;108;232;1;land;false;plains;7
1721;102;244;1;land;false;urban;7
1722;109;217;1;land;false;urban;7
1723;70;231;1;land;false;forest;7
1724;76;254;1;land;false;forest;7
1725;110;247;1;land;false;forest;7
1726;167;173;1;land;false;desert;7
1727;120;9;1;land;true;hills;7
1728;15;127;1;land;false;forest;7
1729;12;127;1;land;false;forest;7
1730;28;107;1;land;false;forest;7
1731;56;231;1;land;false;desert;7
1732;26;205;1;land;false;desert;7
1733;55;185;1;land;false;desert;7
1734;66;137;1;land;false;hills;7
1735;36;219;1;land;false;desert;7
1736;46;252;1;land;false;desert;7
1737;72;208;1;land;false;desert;7
1738;94;228;1;land;false;desert;7
1739;43;198;1;land;false;desert;7
1740;92;217;1;land;false;desert;7
1741;34;224;1;land;false;desert;7
1742;93;252;1;land;false;hills;7
1743;54;253;1;land;false;plains;7
1744;83;237;1;land;false;desert;7
1745;47;212;1;land;false;desert;7
1746;183;64;1;land;false;plains;7
1747;183;116;1;land;false;hills;7
1748;175;44;1;land;false;hills;7
1749;167;81;1;land;false;hills;7
1750;224;53;1;land;false;hills;7
1751;172;55;1;land;false;hills;7
1752;178;108;1;land;false;hills;7
1753;210;73;1;land;false;hills;7
1754;165;50;1;land;false;plains;7
1755;225;202;1;land;false;plains;7
1756;181;213;1;land;false;hills;7
1757;222;155;1;land;false;plains;7
1758;221;169;1;land;false;hills;7
1759;174;227;1;land;false;hills;7
1760;243;127;1;land;false;hills;7
1761;222;111;1;land;false;desert;7
1762;210;84;1;land;false;desert;7
1763;192;116;1;land;false;hills;7
1764;210;78;1;land;false;hills;7
1765;219;83;1;land;false;desert;7
1766;214;131;1;land;false;desert;7
1767;224;172;1;land;true;desert;7
1768;214;182;1;land;false;desert;7
1769;238;191;1;land;false;plains;7
1770;225;194;1;land;true;desert;7
1771;201;231;1;land;false;desert;7
1772;232;238;1;land;false;desert;7
1773;211;183;1;land;false;plains;7
1774;124;70;1;land;false;hills;7
1775;139;22;1;land;false;hills;7
1776;114;15;1;land;false;plains;7
1777;141;84;1;land;false;hills;7
1778;98;72;1;land;false;plains;7
1779;101;54;1;land;false;hills;7
1780;83;35;1;land;false;hills;7
1781;71;30;1;land;false;hills;7
1782;77;69;1;land;false;hills;7
1783;89;70;1;land;false;hills;7
1784;116;27;1;land;false;plains;7
1785;75;140;1;land;false;hills;7
1786;146;184;1;land;false;hills;7
1787;112;95;1;land;false;plains;7
1788;156;103;1;land;false;plains;7
1789;163;166;1;land;false;hills;7
1790;140;153;1;land;false;hills;7
1791;125;140;1;land;true;hills;7
1792;138;157;1;land;true;plains;7
1793;142;148;1;land;true;plains;7
1794;147;140;1;land;false;hills;7
1795;93;30;1;land;true;desert;7
1796;103;99;1;land;false;hills;7
1797;101;52;1;land;true;hills;7
1798;112;48;1;land;false;plains;7
1799;109;25;1;land;false;hills;7
1800;155;22;1;land;true;mountain;7
1801;167;80;1;land;true;desert;7
1802;161;159;1;land;false;hills;7
1803;165;196;1;land;false;hills;7
1804;138;164;1;land;false;desert;7
1805;160;164;1;land;false;hills;7
1806;203;51;1;land;false;plains;7
1807;183;35;1;land;false;plains;7
1808;160;77;1;land;false;plains;7
1809;210;51;1;land;false;plains;7
1810;210;90;1;land;false;plains;7
1811;176;99;1;land;false;plains;7
1812;151;89;1;land;false;plains;7
1813;212;178;1;land;false;desert;7
1814;86;33;1;land;false;desert;7
1815;34;19;1;land;false;desert;7
1816;90;181;1;land;false;desert;7
1817;94;76;1;land;false;desert;7
1818;65;54;1;land;false;desert;7
1819;117;141;1;land;false;plains;7
1820;132;154;1;land;true;plains;7
1821;211;37;1;land;false;plains;7
1822;198;5;1;land;false;plains;7
1823;193;34;1;land;false;desert;7
1824;244;5;1;land;false;plains;7
1825;206;22;1;land;false;plains;7
1826;207;22;1;land;false;desert;7
1827;246;10;1;land;false;desert;7
1828;253;0;1;land;false;plains;7
1829;214;10;1;land;false;plains;7
1830;206;14;1;land;false;desert;7
1831;218;20;1;land;false;plains;7
1832;238;16;1;land;false;desert;7
1833;239;155;1;land;false;plains;7
1834;212;98;1;land;false;plains;7
1835;249;131;1;land;false;plains;7
1836;237;124;1;land;false;urban;7
1837;43;29;1;land;false;plains;7
1838;19;26;1;land;false;plains;7
1839;30;48;1;land;false;hills;7
1840;13;9;1;land;false;plains;7
1841;23;3;1;land;false;hills;7
1842;39;102;1;land;false;plains;7
1843;36;111;1;land;false;desert;7
1844;46;167;1;land;false;forest;7
1845;24;167;1;land;false;plains;7
1846;11;128;1;land;false;plains;7
1847;144;252;1;land;false;hills;7
1848;150;223;1;land;false;hills;7
1849;127;117;1;land;false;hills;7
1850;124;78;1;land;false;plains;7
1851;193;55;1;land;false;desert;7
1852;138;93;1;land;false;plains;7
1853;159;115;1;land;false;plains;7
1854;167;97;1;land;false;plains;7
1855;134;109;1;land;false;plains;7
1856;186;75;1;land;false;hills;7
1857;170;254;1;land;false;plains;7
1858;144;237;1;land;false;plains;7
1859;196;243;1;land;false;hills;7
1860;198;94;1;land;false;plains;7
1861;223;146;1;land;false;plains;7
1862;195;137;1;land;false;plains;7
1863;194;82;1;land;false;plains;7
1864;204;111;1;land;false;plains;7
1865;158;108;1;land;false;plains;7
1866;205;70;1;land;false;plains;7
1867;231;110;1;land;false;hills;7
1868;213;137;1;land;true;desert;7
1869;185;33;1;land;false;plains;7
1870;239;66;1;land;false;plains;7
1871;248;50;1;land;false;hills;7
1872;189;13;1;land;false;hills;7
1873;229;10;1;land;false;plains;7
1874;195;28;1;land;false;forest;7
1875;215;165;1;land;false;desert;7
1876;124;160;1;land;true;forest;7
1877;152;17;1;land;false;forest;7
1878;151;28;1;land;false;plains;7
1879;99;13;1;land;false;forest;7
1880;160;191;1;land;false;desert;7
1881;136;141;1;land;false;desert;7
1882;196;151;1;land;false;desert;7
1883;192;186;1;land;false;desert;7
1884;136;6;1;land;false;urban;7
1885;145;47;1;land;false;plains;7
1886;166;15;1;land;false;urban;7
1887;188;3;1;land;false;plains;7
1888;171;36;1;land;false;plains;7
1889;27;135;1;land;false;plains;7
1890;6;128;1;land;false;plains;7
1891;31;87;1;land;false;plains;7
1892;56;131;1;land;false;plains;7
1893;52;86;1;land;false;plains;7
1894;11;80;1;land;false;plains;7
1895;22;133;1;land;false;plains;7
1896;25;146;1;land;false;plains;7
1897;43;144;1;land;false;plains;7
1898;16;136;1;land;false;plains;7
1899;66;125;1;land;false;plains;7
1900;54;144;1;land;false;plains;7
1901;58;189;1;land;false;desert;7
1902;81;235;1;land;false;desert;7
1903;69;249;1;land;false;desert;7
1904;55;243;1;land;false;desert;7
1905;39;238;1;land;false;desert;7
1906;64;152;1;land;true;mountain;7
1907;67;101;1;land;false;plains;7
1908;114;144;1;land;false;plains;7
1909;46;166;1;land;true;mountain;7
1910;45;104;1;land;false;plains;7
1911;124;236;1;land;true;desert;7
1912;252;110;1;land;true;hills;7
1913;192;104;1;land;false;hills;7
1914;214;94;1;land;true;plains;7
1915;245;61;1;land;true;hills;7
1916;179;117;1;land;false;plains;7
1917;179;96;1;land;true;plains;7
1918;191;126;1;land;false;hills;7
1919;240;124;1;land;false;plains;7
1920;241;191;1;land;false;hills;7
1921;242;164;1;land;false;desert;7
1922;215;164;1;land;false;desert;7
1923;231;201;1;land;false;desert;7
1924;225;228;1;land;false;desert;7
1925;213;203;1;land;false;desert;7
1926;225;176;1;land;false;hills;7
1927;207;234;1;land;false;desert;7
1928;32;130;1;land;false;desert;7
1929;29;93;1;land;false;desert;7
1930;25;97;1;land;false;desert;7
1931;28;83;1;land;false;desert;7
1932;10;214;1;land;false;plains;7
1933;10;244;1;land;false;plains;7
1934;36;215;1;land;false;plains;7
1935;39;179;1;land;false;plains;7
1936;26;208;1;land;false;plains;7
1937;16;184;1;land;false;plains;7
1938;46;241;1;land;false;plains;7
1939;11;250;1;land;false;plains;7
1940;39;194;1;land;false;plains;7
1941;218;75;1;land;true;mountain;7
1942;223;112;1;land;true;mountain;7
1943;245;71;1;land;true;mountain;7
1944;247;69;1;land;true;mountain;7
1945;218;205;1;land;false;hills;7
1946;235;198;1;land;false;desert;7
1947;246;186;1;land;false;desert;7
1948;234;204;1;land;false;hills;7
1949;253;229;1;land;false;desert;7
1950;235;232;1;land;false;hills;7
1951;252;237;1;land;false;desert;7
1952;228;198;1;land;false;plains;7
1953;233;228;1;land;false;desert;7
1954;1;83;1;land;true;mountain;7
1955;4;200;1;land;false;plains;7
1956;49;225;1;land;false;desert;7
1957;75;224;1;land;false;desert;7
1958;25;248;1;land;false;desert;7
1959;28;186;1;land;false;desert;7
1960;29;238;1;land;false;desert;7
1961;2;195;1;land;false;desert;7
1962;21;187;1;land;false;plains;7
1963;199;58;1;land;false;hills;7
1964;186;60;1;land;false;plains;7
1965;147;41;1;land;false;plains;7
1966;189;96;1;land;false;plains;7
1967;138;160;1;land;false;plains;7
1968;199;184;1;land;false;plains;7
1969;199;210;1;land;false;plains;7
1970;160;187;1;land;false;plains;7
1971;146;197;1;land;false;plains;7
1972;176;169;1;land;false;plains;7
1973;187;219;1;land;false;plains;7
1974;137;175;1;land;false;plains;7
1975;193;143;1;land;false;plains;7
1976;174;221;1;land;false;plains;7
1977;137;170;1;land;false;plains;7
1978;211;151;1;land;false;plains;7
1979;195;175;1;land;false;plains;7
1980;175;213;1;land;false;plains;7
1981;147;201;1;land;false;plains;7
1982;171;218;1;land;false;plains;7
1983;135;153;1;land;false;plains;7
1984;188;99;1;land;false;desert;7
1985;193;71;1;land;false;desert;7
1986;172;61;1;land;false;desert;7
1987;172;96;1;land;false;desert;7
1988;198;54;1;land;false;desert;7
1989;193;75;1;land;false;desert;7
1990;239;180;1;land;false;forest;7
1991;221;165;1;land;false;forest;7
1992;194;193;1;land;false;forest;7
1993;246;192;1;land;false;forest;7
1994;231;159;1;land;false;forest;7
1995;96;15;1;land;false;hills;7
1996;40;16;1;land;false;desert;7
1997;55;49;1;land;false;hills;7
1998;115;35;1;land;false;plains;7
1999;58;10;1;land;false;hills;7
2000;114;65;1;land;false;hills;7
2001;119;45;1;land;false;desert;7
2002;85;17;1;land;false;hills;7
2003;111;65;1;land;false;desert;7
2004;93;9;1;land;false;plains;7
2005;106;53;1;land;false;plains;7
2006;99;30;1;land;false;hills;7
2007;113;122;1;land;false;hills;7
2008;71;182;1;land;false;hills;7
2009;78;129;1;land;false;plains;7
2010;114;189;1;land;false;hills;7
2011;127;178;1;land;false;plains;7
2012;69;191;1;land;false;hills;7
2013;54;150;1;land;false;plains;7
2014;82;133;1;land;false;hills;7
2015;144;29;1;land;true;desert;7
2016;150;22;1;land;true;desert;7
2017;113;60;1;land;false;desert;7
2018;124;58;1;land;false;desert;7
2019;119;178;1;land;false;desert;7
2020;155;178;1;land;false;desert;7
2021;156;180;1;land;false;plains;7
2022;134;136;1;land;false;desert;7
2023;233;25;1;land;false;plains;7
2024;232;36;1;land;false;plains;7
2025;5;10;1;land;false;plains;7
2026;0;20;1;land;true;mountain;7
2027;14;54;1;land;true;plains;7
2028;64;66;1;land;false;plains;7
2029;78;34;1;land;true;plains;7
2030;41;41;1;land;false;plains;7
2031;25;1;1;land;false;plains;7
2032;25;41;1;land;true;plains;7
2033;0;66;1;land;true;plains;7
2034;2;37;1;land;true;mountain;7
2035;46;30;1;land;true;mountain;7
2036;47;50;1;land;false;plains;7
2037;13;41;1;land;true;mountain;7
2038;42;39;1;land;false;plains;7
2039;3;51;1;land;false;plains;7
2040;20;128;1;land;false;hills;7
2041;53;174;1;land;false;plains;7
2042;63;168;1;land;false;hills;7
2043;91;218;1;land;false;hills;7
2044;58;191;1;land;false;desert;7
2045;81;167;1;land;false;hills;7
2046;50;235;1;land;false;desert;7
2047;54;183;1;land;false;hills;7
2048;88;241;1;land;false;plains;7
2049;78;26;1;land;false;plains;7
2050;58;68;1;land;false;plains;7
2051;94;43;1;land;false;desert;7
2052;74;32;1;land;false;plains;7
2053;97;47;1;land;false;plains;7
2054;90;37;1;land;false;plains;7
2055;69;66;1;land;false;desert;7
2056;45;53;1;land;false;desert;7
2057;33;82;1;land;false;plains;7
2058;44;91;1;land;false;plains;7
2059;79;100;1;land;false;plains;7
2060;113;235;1;land;false;desert;7
2061;95;204;1;land;false;hills;7
2062;138;209;1;land;false;hills;7
2063;84;194;1;land;false;hills;7
2064;82;220;1;land;false;desert;7
2065;134;252;1;land;false;desert;7
2066;93;60;1;land;false;plains;7
2067;79;77;1;land;false;hills;7
2068;94;55;1;land;false;hills;7
2069;79;71;1;land;false;plains;7
2070;97;77;1;land;false;plains;7
2071;111;44;1;land;false;plains;7
2072;95;72;1;land;false;hills;7
2073;145;51;1;land;false;plains;7
2074;121;69;1;land;false;plains;7
2075;113;72;1;land;false;hills;7
2076;116;84;1;land;false;plains;7
2077;97;93;1;land;false;hills;7
2078;250;156;1;land;true;plains;7
2079;216;182;1;land;false;hills;7
2080;247;193;1;land;true;plains;7
2081;240;206;1;land;false;plains;7
2082;200;184;1;land;true;plains;7
2083;242;174;1;land;true;plains;7
2084;228;165;1;land;false;plains;7
2085;215;200;1;land;true;mountain;7
2086;242;172;1;land;true;plains;7
2087;234;31;1;land;false;plains;7
2088;220;48;1;land;false;plains;7
2089;226;23;1;land;false;plains;7
2090;235;17;1;land;false;plains;7
2091;237;59;1;land;false;urban;7
2092;247;57;1;land;false;plains;7
2093;24;160;1;land;true;mountain;7
2094;1;49;1;land;false;desert;7
2095;46;37;1;land;false;plains;7
2096;26;87;1;land;false;desert;7
2097;48;43;1;land;false;desert;7
2098;52;69;1;land;false;desert;7
2099;61;90;1;land;false;desert;7
2100;149;128;1;land;true;mountain;7
2101;136;173;1;land;true;hills;7
2102;167;166;1;land;true;hills;7
2103;143;111;1;land;true;hills;7
2104;127;11;1;land;false;hills;7
2105;126;15;1;land;true;hills;7
2106;127;26;1;land;false;hills;7
2107;162;21;1;land;true;mountain;7
2108;167;22;1;land;true;mountain;7
2109;182;25;1;land;false;plains;7
2110;159;47;1;land;false;plains;7
2111;199;12;1;land;false;hills;7
2112;138;0;1;land;true;desert;7
2113;152;50;1;land;false;plains;7
2114;205;188;1;land;false;plains;7
2115;176;132;1;land;false;plains;7
2116;212;40;1;land;false;hills;7
2117;178;29;1;land;false;hills;7
2118;42;119;1;land;false;plains;7
2119;100;118;1;land;false;plains;7
2120;107;136;1;land;false;hills;7
2121;32;143;1;land;false;hills;7
2122;117;251;1;land;false;plains;7
2123;73;214;1;land;false;plains;7
2124;125;101;1;land;false;plains;7
2125;137;176;1;land;false;urban;7
2126;121;157;1;land;false;plains;7
2127;135;251;1;land;true;desert;7
2128;70;166;1;land;false;plains;7
2129;66;117;1;land;false;plains;7
2130;85;165;1;land;false;plains;7
2131;85;149;1;land;false;plains;7
2132;132;236;1;land;true;mountain;7
2133;103;238;1;land;true;mountain;7
2134;88;248;1;land;true;mountain;7
2135;134;148;1;land;false;plains;7
2136;141;115;1;land;true;hills;7
2137;145;112;1;land;false;plains;7
2138;142;130;1;land;true;hills;7
2139;123;169;1;land;true;plains;7
2140;121;6;1;land;true;plains;7
2141;44;133;1;land;false;plains;7
2142;29;67;1;land;false;desert;7
2143;55;129;1;land;false;plains;7
2144;45;130;1;land;false;plains;7
2145;5;115;1;land;false;desert;7
2146;49;71;1;land;false;plains;7
2147;36;79;1;land;false;hills;7
2148;19;141;1;land;false;plains;7
2149;41;141;1;land;false;desert;7
2150;14;128;1;land;false;hills;7
2151;1;254;1;land;false;plains;7
2152;32;122;1;land;true;mountain;7
2153;22;111;1;land;true;plains;7
2154;58;195;1;land;false;plains;7
2155;43;232;1;land;false;desert;7
2156;33;209;1;land;false;plains;7
2157;76;200;1;land;false;plains;7
2158;74;230;1;land;false;plains;7
2159;97;252;1;land;false;desert;7
2160;61;239;1;land;false;plains;7
2161;98;251;1;land;false;plains;7
2162;220;42;1;land;false;plains;7
2163;195;52;1;land;false;plains;7
2164;225;97;1;land;false;desert;7
2165;174;65;1;land;false;desert;7
2166;204;54;1;land;false;desert;7
2167;209;112;1;land;false;plains;7
2168;152;65;1;land;false;plains;7
2169;226;90;1;land;false;desert;7
2170;208;45;1;land;false;plains;7
2171;160;86;1;land;false;desert;7
2172;200;185;1;land;false;plains;7
2173;216;226;1;land;false;plains;7
2174;210;213;1;land;false;plains;7
2175;182;202;1;land;false;plains;7
2176;206;212;1;land;false;plains;7
2177;172;204;1;land;false;plains;7
2178;202;206;1;land;false;plains;7
2179;169;189;1;land;false;plains;7
2180;180;225;1;land;false;plains;7
2181;252;61;1;land;false;hills;7
2182;245;98;1;land;false;hills;7
2183;193;99;1;land;false;mountain;7
2184;243;224;1;land;false;hills;7
2185;254;216;1;land;false;desert;7
2186;220;193;1;land;false;desert;7
2187;103;40;1;land;false;mountain;7
2188;121;140;1;land;false;hills;7
2189;84;178;1;land;false;hills;7
2190;115;152;1;land;false;plains;7
2191;134;204;1;land;false;hills;7
2192;118;87;1;land;true;hills;7
2193;131;54;1;land;false;plains;7
2194;156;70;1;land;true;mountain;7
2195;189;53;1;land;false;plains;7
2196;126;35;1;land;false;plains;7
2197;179;70;1;land;false;plains;7
2198;132;24;1;land;false;plains;7
2199;187;208;1;land;false;plains;7
2200;178;212;1;land;false;plains;7
2201;170;210;1;land;false;plains;7
2202;136;147;1;land;false;plains;7
2203;128;212;1;land;false;plains;7
2204;137;184;1;land;false;desert;7
2205;160;188;1;land;false;plains;7
2206;134;191;1;land;false;plains;7
2207;175;152;1;land;false;plains;7
2208;142;178;1;land;false;hills;7
2209;150;162;1;land;false;plains;7
2210;151;197;1;land;false;plains;7
2211;192;148;1;land;false;plains;7
2212;125;186;1;land;false;plains;7
2213;188;198;1;land;false;plains;7
2214;182;201;1;land;false;plains;7
2215;164;187;1;land;false;plains;7
2216;136;198;1;land;false;hills;7
2217;149;178;1;land;false;plains;7
2218;175;205;1;land;false;plains;7
2219;123;182;1;land;false;plains;7
2220;186;183;1;land;false;plains;7
2221;164;182;1;land;false;desert;7
2222;187;157;1;land;false;plains;7
2223;149;182;1;land;false;plains;7
2224;160;153;1;land;false;plains;7
2225;181;163;1;land;false;plains;7
2226;169;196;1;land;false;plains;7
2227;162;214;1;land;false;plains;7
2228;163;210;1;land;false;plains;7
2229;187;142;1;land;false;desert;7
2230;141;173;1;land;false;plains;7
2231;134;175;1;land;false;plains;7
2232;139;216;1;land;false;plains;7
2233;193;179;1;land;false;plains;7
2234;165;243;1;land;false;plains;7
2235;198;209;1;land;false;hills;7
2236;197;248;1;land;false;plains;7
2237;206;209;1;land;false;plains;7
2238;144;243;1;land;false;plains;7
2239;218;97;1;land;false;hills;7
2240;198;67;1;land;false;plains;7
2241;146;138;1;land;false;plains;7
2242;191;111;1;land;false;hills;7
2243;184;142;1;land;false;plains;7
2244;201;116;1;land;false;plains;7
2245;219;117;1;land;false;plains;7
2246;238;30;1;land;false;hills;7
2247;186;3;1;land;false;plains;7
2248;225;16;1;land;false;plains;7
2249;241;19;1;land;false;hills;7
2250;178;14;1;land;false;plains;7
2251;176;27;1;land;false;hills;7
2252;200;125;1;land;false;plains;7
2253;184;146;1;land;false;plains;7
2254;212;116;1;land;false;plains;7
2255;230;79;1;land;false;plains;7
2256;240;105;1;land;false;desert;7
2257;249;124;1;land;false;plains;7
2258;253;128;1;land;false;plains;7
2259;204;76;1;land;false;plains;7
2260;114;249;1;land;false;plains;7
2261;99;179;1;land;false;urban;7
2262;119;192;1;land;false;plains;7
2263;78;254;1;land;false;plains;7
2264;99;228;1;land;false;plains;7
2265;64;181;1;land;false;plains;7
2266;79;98;1;land;false;plains;7
2267;81;87;1;land;false;plains;7
2268;67;109;1;land;false;plains;7
2269;97;65;1;land;false;plains;7
2270;66;74;1;land;false;plains;7
2271;105;91;1;land;false;plains;7
2272;78;113;1;land;false;plains;7
2273;85;60;1;land;false;plains;7
2274;135;69;1;land;false;plains;7
2275;70;50;1;land;false;plains;7
2276;119;52;1;land;false;plains;7
2277;130;52;1;land;false;hills;7
2278;88;104;1;land;false;plains;7
2279;70;36;1;land;false;plains;7
2280;81;86;1;land;false;plains;7
2281;110;198;1;land;false;plains;7
2282;131;205;1;land;false;plains;7
2283;116;243;1;land;false;hills;7
2284;95;249;1;land;false;desert;7
2285;107;61;1;land;false;desert;7
2286;129;78;1;land;false;plains;7
2287;179;50;1;land;false;desert;7
2288;150;54;1;land;false;plains;7
2289;139;53;1;land;false;plains;7
2290;129;103;1;land;false;desert;7
2291;40;185;1;land;false;desert;7
2292;36;224;1;land;false;desert;7
2293;23;210;1;land;false;desert;7
2294;22;176;1;land;false;desert;7
2295;37;220;1;land;false;desert;7
2296;46;156;1;land;false;desert;7
2297;2;173;1;land;false;desert;7
2298;21;24;1;land;true;hills;7
2299;36;60;1;land;false;plains;7
2300;4;51;1;land;true;plains;7
2301;38;69;1;land;true;plains;7
2302;3;54;1;land;false;plains;7
2303;10;81;1;land;false;plains;7
2304;50;230;1;land;false;plains;7
2305;67;225;1;land;false;desert;7
2306;65;224;1;land;false;plains;7
2307;44;172;1;land;false;plains;7
2308;56;205;1;land;false;hills;7
2309;89;43;1;land;false;desert;7
2310;30;69;1;land;false;desert;7
2311;93;99;1;land;false;desert;7
2312;27;82;1;land;false;desert;7
2313;46;42;1;land;false;desert;7
2314;58;100;1;land;false;desert;7
2315;67;98;1;land;false;desert;7
2316;67;71;1;land;false;desert;7
2317;205;197;1;land;false;hills;7
2318;179;139;1;land;false;plains;7
2319;198;136;1;land;false;plains;7
2320;148;159;1;land;false;plains;7
2321;180;160;1;land;true;mountain;7
2322;149;185;1;land;false;plains;7
2323;162;153;1;land;false;plains;7
2324;157;182;1;land;true;plains;7
2325;163;151;1;land;false;plains;7
2326;182;140;1;land;true;plains;7
2327;211;132;1;land;false;hills;7
2328;219;179;1;land;true;mountain;7
2329;191;193;1;land;true;mountain;7
2330;143;129;1;land;true;plains;7
2331;201;133;1;land;false;plains;7
2332;191;132;1;land;true;mountain;7
2333;160;122;1;land;false;plains;7
2334;197;159;1;land;false;plains;7
2335;179;163;1;land;false;plains;7
2336;174;150;1;land;true;mountain;7
2337;175;149;1;land;false;plains;7
2338;150;158;1;land;false;plains;7
2339;208;150;1;land;true;mountain;7
2340;183;183;1;land;false;hills;7
2341;227;41;1;land;true;plains;7
2342;198;19;1;land;false;plains;7
2343;221;163;1;land;false;plains;7
2344;242;194;1;land;false;plains;7
2345;191;184;1;land;false;plains;7
2346;215;137;1;land;false;plains;7
2347;75;56;1;land;false;plains;7
2348;48;16;1;land;false;plains;7
2349;38;42;1;land;false;plains;7
2350;9;17;1;land;false;forest;7
2351;75;25;1;land;false;plains;7
2352;68;18;1;land;false;plains;7
2353;40;49;1;land;false;plains;7
2354;85;19;1;land;false;plains;7
2355;64;44;1;land;false;plains;7
2356;35;45;1;land;false;forest;7
2357;9;25;1;land;false;plains;7
2358;20;56;1;land;false;plains;7
2359;170;148;1;land;false;desert;7
2360;186;177;1;land;false;desert;7
2361;119;172;1;land;false;desert;7
2362;172;160;1;land;false;desert;7
2363;134;121;1;land;false;desert;7
2364;192;181;1;land;false;desert;7
2365;151;165;1;land;false;desert;7
2366;151;152;1;land;false;desert;7
2367;182;157;1;land;false;desert;7
2368;141;155;1;land;false;desert;7
2369;141;62;1;land;false;desert;7
2370;140;10;1;land;false;desert;7
2371;124;54;1;land;false;desert;7
2372;26;150;1;land;true;desert;7
2373;6;165;1;land;true;desert;7
2374;34;153;1;land;true;mountain;7
2375;29;133;1;land;true;desert;7
2376;214;252;1;land;false;desert;7
2377;203;241;1;land;false;desert;7
2378;249;252;1;land;false;desert;7
2379;193;243;1;land;false;desert;7
2380;251;249;1;land;false;desert;7
2381;221;252;1;land;false;desert;7
2382;249;227;1;land;false;desert;7
2383;228;226;1;land;false;desert;7
2384;211;217;1;land;false;desert;7
2385;218;247;1;land;false;desert;7
2386;198;228;1;land;false;desert;7
2387;89;120;1;land;false;plains;7
2388;73;125;1;land;false;plains;7
2389;36;87;1;land;false;plains;7
2390;98;110;1;land;false;urban;7
2391;107;24;1;land;false;desert;7
2392;40;0;1;land;false;desert;7
2393;163;114;1;land;true;plains;7
2394;179;99;1;land;true;plains;7
2395;199;101;1;land;true;plains;7
2396;195;133;1;land;false;plains;7
2397;210;151;1;land;false;plains;7
2398;150;127;1;land;true;plains;7
2399;189;126;1;land;true;plains;7
2400;204;149;1;land;false;plains;7
2401;134;203;1;land;false;hills;7
2402;151;232;1;land;false;plains;7
2403;129;233;1;land;false;plains;7
2404;124;248;1;land;false;hills;7
2405;107;194;1;land;false;hills;7
2406;102;187;1;land;false;hills;7
2407;210;128;1;land;false;mountain;7
2408;237;197;1;land;false;hills;7
2409;234;215;1;land;false;hills;7
2410;228;234;1;land;false;forest;7
2411;79;62;1;land;false;plains;7
2412;72;77;1;land;false;plains;7
2413;66;67;1;land;true;plains;7
2414;124;123;1;land;false;plains;7
2415;100;111;1;land;false;plains;7
2416;67;114;1;land;true;hills;7
2417;83;60;1;land;false;desert;7
2418;64;56;1;land;true;plains;7
2419;68;188;1;land;true;plains;7
2420;83;231;1;land;true;plains;7
2421;29;175;1;land;true;plains;7
2422;47;190;1;land;false;plains;7
2423;81;174;1;land;true;plains;7
2424;47;193;1;land;true;plains;7
2425;33;219;1;land;false;hills;7
2426;41;196;1;land;true;plains;7
2427;60;193;1;land;true;plains;7
2428;60;223;1;land;true;plains;7
2429;158;87;1;land;false;mountain;7
2430;201;47;1;land;false;desert;7
2431;144;46;1;land;false;desert;7
2432;151;91;1;land;false;desert;7
2433;176;236;1;land;false;forest;7
2434;136;236;1;land;false;urban;7
2435;169;240;1;land;false;forest;7
2436;126;211;1;land;false;plains;7
2437;181;232;1;land;false;plains;7
2438;153;181;1;land;false;plains;7
2439;2;47;1;land;false;plains;7
2440;43;62;1;land;false;plains;7
2441;15;33;1;land;false;plains;7
2442;1;93;1;land;false;plains;7
2443;26;56;1;land;false;plains;7
2444;37;85;1;land;false;plains;7
2445;41;56;1;land;false;plains;7
2446;39;49;1;land;false;plains;7
2447;14;48;1;land;false;desert;7
2448;95;123;1;land;false;plains;7
2449;147;134;1;land;false;hills;7
2450;154;100;1;land;false;plains;7
2451;130;106;1;land;false;forest;7
2452;103;101;1;land;false;hills;7
2453;137;118;1;land;false;forest;7
2454;239;9;1;land;false;plains;7
2455;250;30;1;land;false;plains;7
2456;202;5;1;land;false;plains;7
2457;192;26;1;land;false;plains;7
2458;205;16;1;land;false;plains;7
2459;233;27;1;land;false;plains;7
2460;245;27;1;land;false;plains;7
2461;235;14;1;land;false;plains;7
2462;218;6;1;land;false;plains;7
2463;226;163;1;land;false;plains;7
2464;208;132;1;land;false;plains;7
2465;243;161;1;land;false;forest;7
2466;229;166;1;land;false;plains;7
2467;184;174;1;land;false;plains;7
2468;91;35;1;land;false;plains;7
2469;85;39;1;land;false;plains;7
2470;85;33;1;land;false;plains;7
2471;69;1;1;land;false;plains;7
2472;74;26;1;land;false;plains;7
2473;39;41;1;land;false;plains;7
2474;96;40;1;land;false;plains;7
2475;101;42;1;land;false;plains;7
2476;63;20;1;land;false;plains;7
2477;20;123;1;land;false;desert;7
2478;70;140;1;land;false;desert;7
2479;72;125;1;land;false;desert;7
2480;19;109;1;land;false;desert;7
2481;65;142;1;land;false;desert;7
2482;113;228;1;land;false;desert;7
2483;135;214;1;land;false;desert;7
2484;141;247;1;land;false;desert;7
2485;123;233;1;land;false;desert;7
2486;162;244;1;land;false;desert;7
2487;133;234;1;land;false;desert;7
2488;141;248;1;land;false;desert;7
2489;149;222;1;land;false;desert;7
2490;160;124;1;land;false;desert;7
2491;147;77;1;land;false;desert;7
2492;119;130;1;land;false;desert;7
2493;147;132;1;land;false;desert;7
2494;211;194;1;land;false;desert;7
2495;242;254;1;land;false;desert;7
2496;239;193;1;land;false;desert;7
2497;219;197;1;land;false;desert;7
2498;209;97;1;land;false;plains;7
2499;247;109;1;land;false;forest;7
2500;205;108;1;land;false;forest;7
2501;87;170;1;land;false;plains;7
2502;44;167;1;land;false;urban;7
2503;79;224;1;land;false;urban;7
2504;39;175;1;land;false;plains;7
2505;67;224;1;land;false;plains;7
2506;73;46;1;land;false;desert;7
2507;165;204;1;land;true;forest;7
2508;151;204;1;land;true;forest;7
2509;184;224;1;land;true;mountain;7
2510;120;74;1;land;false;hills;7
2511;110;66;1;land;false;hills;7
2512;142;88;1;land;false;desert;7
2513;143;45;1;land;false;hills;7
2514;220;201;1;land;true;plains;7
2515;246;150;1;land;false;plains;7
2516;229;154;1;land;true;plains;7
2517;211;137;1;land;true;plains;7
2518;242;133;1;land;true;mountain;7
2519;244;80;1;land;false;plains;7
2520;201;30;1;land;false;plains;7
2521;208;20;1;land;false;plains;7
2522;223;77;1;land;false;plains;7
2523;244;30;1;land;false;plains;7
2524;233;40;1;land;false;plains;7
2525;107;202;1;land;false;plains;7
2526;70;188;1;land;false;plains;7
2527;75;176;1;land;false;plains;7
2528;45;191;1;land;false;plains;7
2529;48;148;1;land;false;plains;7
2530;137;37;1;land;false;plains;7
2531;40;163;1;land;true;hills;7
2532;18;177;1;land;true;hills;7
2533;36;182;1;land;true;hills;7
2534;23;157;1;land;true;desert;7
2535;12;199;1;land;false;hills;7
2536;44;61;1;land;false;desert;7
2537;8;93;1;land;false;desert;7
2538;118;155;1;land;false;plains;7
2539;145;210;1;land;false;plains;7
2540;102;163;1;land;false;plains;7
2541;124;189;1;land;false;hills;7
2542;145;195;1;land;false;plains;7
2543;92;205;1;land;false;hills;7
2544;150;224;1;land;false;hills;7
2545;108;22;1;land;false;plains;7
2546;105;66;1;land;false;plains;7
2547;35;22;1;land;false;plains;7
2548;62;32;1;land;false;plains;7
2549;62;41;1;land;false;plains;7
2550;112;4;1;land;false;plains;7
2551;190;132;1;land;false;desert;7
2552;183;55;1;land;false;plains;7
2553;185;56;1;land;false;plains;7
2554;145;56;1;land;false;plains;7
2555;154;58;1;land;false;forest;7
2556;217;26;1;land;false;plains;7
2557;149;60;1;land;false;plains;7
2558;70;186;1;land;false;hills;7
2559;47;158;1;land;false;hills;7
2560;18;148;1;land;false;hills;7
2561;210;19;1;land;false;plains;7
2562;237;3;1;land;false;plains;7
2563;212;14;1;land;false;urban;7
2564;240;18;1;land;false;plains;7
2565;124;94;1;land;false;hills;7
2566;91;94;1;land;false;hills;7
2567;123;130;1;land;false;plains;7
2568;92;3;1;land;false;desert;7
2569;73;33;1;land;false;desert;7
2570;74;47;1;land;false;desert;7
2571;189;124;1;land;false;plains;7
2572;183;166;1;land;false;mountain;7
2573;202;120;1;land;false;hills;7
2574;172;106;1;land;false;plains;7
2575;176;120;1;land;false;plains;7
2576;223;158;1;land;false;plains;7
2577;195;163;1;land;false;hills;7
2578;144;217;1;land;false;desert;7
2579;156;232;1;land;false;desert;7
2580;128;221;1;land;false;desert;7
2581;48;111;1;land;false;plains;7
2582;48;67;1;land;false;plains;7
2583;24;61;1;land;false;hills;7
2584;4;240;1;land;false;desert;7
2585;42;225;1;land;false;plains;7
2586;50;211;1;land;false;desert;7
2587;108;89;1;land;false;urban;7
2588;137;65;1;land;false;plains;7
2589;156;123;1;land;false;plains;7
2590;148;136;1;land;false;urban;7
2591;134;131;1;land;false;urban;7
2592;220;180;1;land;false;hills;7
2593;243;200;1;land;false;hills;7
2594;236;155;1;land;false;plains;7
2595;60;17;1;land;false;plains;7
2596;83;74;1;land;false;plains;7
2597;88;173;1;land;false;plains;7
2598;63;179;1;land;false;plains;7
2599;86;202;1;land;false;plains;7
2600;175;59;1;land;false;desert;7
2601;133;169;1;land;false;plains;7
2602;182;113;1;land;false;hills;7
2603;131;129;1;land;false;mountain;7
2604;252;38;1;land;false;plains;7
2605;242;14;1;land;false;plains;7
2606;239;7;1;land;false;forest;7
2607;249;41;1;land;false;plains;7
2608;236;2;1;land;false;plains;7
2609;218;33;1;land;false;plains;7
2610;243;179;1;land;false;plains;7
2611;219;134;1;land;false;plains;7
2612;235;113;1;land;false;desert;7
2613;214;163;1;land;false;desert;7
2614;240;117;1;land;false;desert;7
2615;253;162;1;land;false;desert;7
2616;217;159;1;land;false;desert;7
2617;229;143;1;land;false;plains;7
2618;214;111;1;land;false;desert;7
2619;222;158;1;land;false;plains;7
2620;136;41;1;land;false;desert;7
2621;117;27;1;land;false;desert;7
2622;73;3;1;land;false;desert;7
2623;84;33;1;land;false;plains;7
2624;76;28;1;land;false;desert;7
2625;88;49;1;land;false;desert;7
2626;136;33;1;land;false;desert;7
2627;98;123;1;land;false;mountain;7
2628;66;115;1;land;false;desert;7
2629;49;78;1;land;false;desert;7
2630;190;248;1;land;false;hills;7
2631;167;123;1;land;false;plains;7
2632;202;101;1;land;false;plains;7
2633;181;141;1;land;false;plains;7
2634;155;78;1;land;false;plains;7
2635;35;234;1;land;false;plains;7
2636;21;251;1;land;false;urban;7
2637;21;212;1;land;false;forest;7
2638;49;208;1;land;false;plains;7
2639;51;225;1;land;false;plains;7
2640;33;239;1;land;false;plains;7
2641;16;233;1;land;false;forest;7
2642;54;201;1;land;false;forest;7
2643;25;254;1;land;false;plains;7
2644;55;231;1;land;false;forest;7
2645;25;220;1;land;false;forest;7
2646;254;75;1;land;false;plains;7
2647;250;78;1;land;false;plains;7
2648;203;52;1;land;false;hills;7
2649;238;59;1;land;false;plains;7
2650;231;79;1;land;false;plains;7
2651;203;72;1;land;false;hills;7
2652;232;87;1;land;false;plains;7
2653;252;56;1;land;false;plains;7
2654;116;204;1;land;false;plains;7
2655;60;64;1;land;false;desert;7
2656;104;119;1;land;false;desert;7
2657;117;98;1;land;false;desert;7
2658;60;56;1;land;false;desert;7
2659;111;111;1;land;false;desert;7
2660;180;228;1;land;false;plains;7
2661;208;247;1;land;false;plains;7
2662;185;220;1;land;false;plains;7
2663;225;247;1;land;false;plains;7
2664;212;177;1;land;false;plains;7
2665;192;230;1;land;false;plains;7
2666;195;210;1;land;false;plains;7
2667;42;111;1;land;false;mountain;7
2668;29;111;1;land;false;desert;7
2669;141;202;1;land;false;desert;7
2670;95;77;1;land;true;plains;7
2671;127;132;1;land;true;plains;7
2672;97;69;1;land;true;hills;7
2673;102;63;1;land;true;plains;7
2674;238;199;1;land;false;desert;7
2675;189;216;1;land;false;desert;7
2676;185;186;1;land;false;desert;7
2677;237;189;1;land;false;desert;7
2678;241;227;1;land;false;desert;7
2679;237;191;1;land;false;desert;7
2680;202;84;1;land;false;desert;7
2681;27;207;1;land;false;plains;7
2682;1;214;1;land;false;plains;7
2683;73;190;1;land;true;plains;7
2684;57;225;1;land;false;plains;7
2685;51;162;1;land;false;plains;7
2686;76;165;1;land;false;plains;7
2687;25;174;1;land;false;hills;7
2688;49;161;1;land;false;plains;7
2689;69;176;1;land;false;plains;7
2690;72;220;1;land;false;plains;7
2691;52;208;1;land;false;plains;7
2692;50;50;1;land;false;plains;7
2693;23;65;1;land;false;plains;7
2694;49;95;1;land;false;forest;7
2695;51;62;1;land;false;plains;7
2696;69;93;1;land;false;plains;7
2697;125;178;1;land;false;desert;7
2698;134;167;1;land;false;desert;7
2699;106;8;1;land;false;desert;7
2700;98;76;1;land;false;desert;7
2701;82;38;1;land;false;desert;7
2702;131;70;1;land;false;desert;7
2703;75;43;1;land;false;desert;7
2704;143;31;1;land;false;desert;7
2705;111;17;1;land;false;desert;7
2706;142;20;1;land;false;desert;7
2707;137;59;1;land;false;desert;7
2708;89;79;1;land;false;desert;7
2709;96;78;1;land;false;desert;7
2710;217;172;1;land;false;plains;7
2711;210;179;1;land;false;plains;7
2712;231;178;1;land;false;plains;7
2713;225;46;1;land;false;desert;7
2714;190;40;1;land;false;desert;7
2715;224;75;1;land;false;desert;7
2716;181;77;1;land;false;desert;7
2717;78;178;1;land;false;desert;7
2718;72;194;1;land;false;desert;7
2719;93;141;1;land;false;desert;7
2720;56;160;1;land;false;desert;7
2721;62;179;1;land;false;desert;7
2722;94;165;1;land;false;desert;7
2723;8;27;1;land;false;hills;7
2724;47;54;1;land;false;plains;7
2725;41;31;1;land;false;desert;7
2726;46;18;1;land;false;hills;7
2727;42;31;1;land;false;plains;7
2728;28;9;1;land;false;plains;7
2729;54;32;1;land;false;hills;7
2730;20;3;1;land;false;hills;7
2731;121;97;1;land;true;plains;7
2732;123;153;1;land;false;plains;7
2733;168;154;1;land;false;desert;7
2734;153;146;1;land;false;plains;7
2735;131;122;1;land;false;plains;7
2736;139;166;1;land;true;plains;7
2737;148;123;1;land;false;desert;7
2738;145;147;1;land;false;plains;7
2739;162;98;1;land;false;plains;7
2740;126;23;1;land;false;plains;7
2741;124;7;1;land;false;plains;7
2742;105;55;1;land;false;plains;7
2743;119;13;1;land;false;plains;7
2744;110;1;1;land;false;plains;7
2745;164;38;1;land;false;plains;7
2746;120;3;1;land;false;plains;7
2747;110;19;1;land;false;plains;7
2748;216;136;1;land;false;hills;7
2749;209;151;1;land;true;mountain;7
2750;240;139;1;land;true;mountain;7
2751;242;145;1;land;true;mountain;7
2752;52;228;1;land;false;plains;7
2753;75;243;1;land;false;hills;7
2754;106;177;1;land;false;hills;7
2755;107;167;1;land;false;plains;7
2756;231;83;1;land;true;hills;7
2757;224;212;1;land;false;plains;7
2758;165;192;1;land;false;urban;7
2759;170;213;1;land;true;plains;7
2760;176;176;1;land;false;urban;7
2761;225;173;1;land;false;plains;7
2762;149;179;1;land;false;plains;7
2763;210;237;1;land;false;plains;7
2764;35;103;1;land;false;hills;7
2765;34;93;1;land;false;plains;7
2766;72;38;1;land;false;plains;7
2767;22;200;1;land;false;desert;7
2768;0;160;1;land;false;desert;7
2769;35;167;1;land;true;desert;7
2770;17;157;1;land;false;desert;7
2771;33;198;1;land;true;desert;7
2772;33;191;1;land;true;mountain;7
2773;0;202;1;land;false;desert;7
2774;21;201;1;land;false;desert;7
2775;22;179;1;land;false;desert;7
2776;25;163;1;land;false;desert;7
2777;27;197;1;land;false;plains;7
2778;20;179;1;land;false;desert;7
2779;2;167;1;land;true;desert;7
2780;12;149;1;land;true;desert;7
2781;9;158;1;land;false;plains;7
2782;6;144;1;land;false;desert;7
2783;11;193;1;land;false;desert;7
2784;82;76;1;land;false;plains;7
2785;132;52;1;land;false;plains;7
2786;122;77;1;land;false;plains;7
2787;93;50;1;land;false;plains;7
2788;95;16;1;land;false;plains;7
2789;131;7;1;land;false;desert;7
2790;77;144;1;land;false;desert;7
2791;118;159;1;land;false;urban;7
2792;69;194;1;land;false;hills;7
2793;140;194;1;land;false;plains;7
2794;133;178;1;land;false;urban;7
2795;115;196;1;land;false;plains;7
2796;178;73;1;land;false;plains;7
2797;181;73;1;land;false;forest;7
2798;181;22;1;land;false;forest;7
2799;207;16;1;land;false;jungle;7
2800;218;79;1;land;false;forest;7
2801;176;81;1;land;false;jungle;7
2802;249;27;1;land;false;forest;7
2803;211;68;1;land;false;forest;7
2804;185;127;1;land;false;hills;7
2805;177;175;1;land;false;hills;7
2806;195;130;1;land;false;hills;7
2807;138;140;1;land;false;hills;7
2808;182;153;1;land;false;hills;7
2809;147;173;1;land;false;desert;7
2810;187;148;1;land;false;hills;7
2811;146;166;1;land;false;hills;7
2812;6;17;1;land;true;forest;7
2813;18;11;1;land;false;forest;7
2814;17;33;1;land;true;mountain;7
2815;13;2;1;land;true;forest;7
2816;13;5;1;land;false;forest;7
2817;23;16;1;land;true;mountain;7
2818;3;172;1;land;false;desert;7
2819;16;128;1;land;false;desert;7
2820;54;125;1;land;false;desert;7
2821;53;181;1;land;false;desert;7
2822;36;118;1;land;false;desert;7
2823;129;27;1;land;true;plains;7
2824;127;19;1;land;false;plains;7
2825;158;44;1;land;true;plains;7
2826;128;42;1;land;true;plains;7
2827;159;50;1;land;false;plains;7
2828;103;37;1;land;true;plains;7
2829;107;40;1;land;true;plains;7
2830;76;128;1;land;false;desert;7
2831;204;206;1;land;false;desert;7
2832;213;219;1;land;false;desert;7
2833;219;247;1;land;false;desert;7
2834;232;254;1;land;false;desert;7
2835;216;216;1;land;false;desert;7
2836;194;248;1;land;false;desert;7
2837;181;243;1;land;false;desert;7
2838;222;101;1;land;false;plains;7
2839;164;134;1;land;false;plains;7
2840;185;124;1;land;false;plains;7
2841;89;229;1;land;false;plains;7
2842;78;236;1;land;false;plains;7
2843;15;240;1;land;false;desert;7
2844;25;233;1;land;false;desert;7
2845;29;210;1;land;false;desert;7
2846;32;244;1;land;false;desert;7
2847;31;242;1;land;false;desert;7
2848;35;217;1;land;false;plains;7
2849;28;242;1;land;false;desert;7
2850;57;210;1;land;false;desert;7
2851;159;150;1;land;false;jungle;7
2852;133;162;1;land;false;jungle;7
2853;86;97;1;land;false;plains;7
2854;123;160;1;land;false;jungle;7
2855;108;154;1;land;false;jungle;7
2856;109;128;1;land;false;plains;7
2857;244;243;1;land;false;desert;7
2858;202;248;1;land;false;desert;7
2859;242;232;1;land;false;desert;7
2860;201;229;1;land;false;desert;7
2861;249;247;1;land;false;desert;7
2862;219;228;1;land;false;desert;7
2863;210;234;1;land;false;desert;7
2864;236;237;1;land;false;desert;7
2865;195;233;1;land;false;desert;7
2866;225;244;1;land;false;desert;7
2867;214;254;1;land;false;desert;7
2868;197;252;1;land;false;desert;7
2869;251;218;1;land;false;desert;7
2870;211;229;1;land;false;desert;7
2871;226;236;1;land;false;desert;7
2872;243;147;1;land;false;urban;7
2873;234;126;1;land;true;plains;7
2874;192;160;1;land;true;plains;7
2875;207;102;1;land;false;plains;7
2876;84;20;1;land;false;plains;7
2877;45;10;1;land;false;plains;7
2878;100;30;1;land;false;plains;7
2879;101;22;1;land;false;plains;7
2880;110;27;1;land;false;plains;7
2881;76;7;1;land;false;plains;7
2882;58;137;1;land;true;plains;7
2883;23;111;1;land;true;plains;7
2884;13;127;1;land;false;plains;7
2885;9;72;1;land;true;mountain;7
2886;38;79;1;land;false;plains;7
2887;119;215;1;land;false;hills;7
2888;117;240;1;land;false;plains;7
2889;149;138;1;land;false;desert;7
2890;147;92;1;land;false;desert;7
2891;125;108;1;land;false;desert;7
2892;136;102;1;land;false;desert;7
2893;163;128;1;land;false;hills;7
2894;118;96;1;land;false;desert;7
2895;117;116;1;land;false;desert;7
2896;159;138;1;land;false;hills;7
2897;144;130;1;land;false;desert;7
2898;183;102;1;land;false;desert;7
2899;128;120;1;land;false;desert;7
2900;155;100;1;land;false;desert;7
2901;242;199;1;land;false;plains;7
2902;213;195;1;land;false;plains;7
2903;252;225;1;land;false;plains;7
2904;250;237;1;land;false;plains;7
2905;227;219;1;land;false;plains;7
2906;247;207;1;land;false;plains;7
2907;245;238;1;land;false;plains;7
2908;249;199;1;land;false;plains;7
2909;219;75;1;land;false;desert;7
2910;181;41;1;land;false;desert;7
2911;249;112;1;land;false;desert;7
2912;203;81;1;land;false;desert;7
2913;33;218;1;land;false;desert;7
2914;86;195;1;land;false;desert;7
2915;98;222;1;land;false;desert;7
2916;91;119;1;land;false;desert;7
2917;54;69;1;land;false;desert;7
2918;31;108;1;land;false;hills;7
2919;197;189;1;land;false;plains;7
2920;178;222;1;land;false;desert;7
2921;201;216;1;land;false;plains;7
2922;151;66;1;land;false;desert;7
2923;155;34;1;land;false;desert;7
2924;118;39;1;land;true;plains;7
2925;141;14;1;land;false;desert;7
2926;124;60;1;land;false;desert;7
2927;164;32;1;land;true;hills;7
2928;144;31;1;land;true;mountain;7
2929;123;24;1;land;false;desert;7
2930;132;43;1;land;false;plains;7
2931;151;52;1;land;false;desert;7
2932;251;194;1;land;false;desert;7
2933;210;195;1;land;false;desert;7
2934;201;158;1;land;false;desert;7
2935;224;35;1;land;false;desert;7
2936;85;170;1;land;false;desert;7
2937;70;147;1;land;false;hills;7
2938;69;154;1;land;true;hills;7
2939;67;172;1;land;false;hills;7
2940;173;222;1;land;false;desert;7
2941;194;213;1;land;false;hills;7
2942;177;230;1;land;false;hills;7
2943;190;234;1;land;false;desert;7
2944;228;247;1;land;false;hills;7
2945;41;110;1;land;true;desert;7
2946;41;70;1;land;true;desert;7
2947;85;113;1;land;true;desert;7
2948;37;140;1;land;true;desert;7
2949;79;214;1;land;false;desert;7
2950;34;251;1;land;false;desert;7
2951;76;209;1;land;false;desert;7
2952;76;218;1;land;false;desert;7
2953;60;230;1;land;false;desert;7
2954;48;223;1;land;false;desert;7
2955;54;231;1;land;false;desert;7
2956;58;238;1;land;false;desert;7
2957;14;230;1;land;false;desert;7
2958;34;250;1;land;false;desert;7
2959;19;233;1;land;false;desert;7
2960;36;236;1;land;false;desert;7
2961;71;249;1;land;false;desert;7
2962;43;244;1;land;false;desert;7
2963;36;228;1;land;false;desert;7
2964;170;85;1;land;false;plains;7
2965;116;116;1;land;false;plains;7
2966;191;73;1;land;false;plains;7
2967;172;109;1;land;false;urban;7
2968;181;83;1;land;false;plains;7
2969;182;80;1;land;false;plains;7
2970;126;189;1;land;false;desert;7
2971;110;177;1;land;false;plains;7
2972;84;223;1;land;false;desert;7
2973;200;91;1;land;false;plains;7
2974;237;49;1;land;false;plains;7
2975;246;46;1;land;false;desert;7
2976;236;71;1;land;false;plains;7
2977;241;71;1;land;false;plains;7
2978;234;114;1;land;false;plains;7
2979;224;50;1;land;false;desert;7
2980;252;119;1;land;false;plains;7
2981;199;76;1;land;false;plains;7
2982;230;216;1;land;false;desert;7
2983;184;200;1;land;false;desert;7
2984;182;196;1;land;false;desert;7
2985;40;106;1;land;false;plains;7
2986;61;113;1;land;false;plains;7
2987;59;123;1;land;false;plains;7
2988;88;74;1;land;false;plains;7
2989;43;45;1;land;false;plains;7
2990;16;215;1;land;false;plains;7
2991;37;197;1;land;false;plains;7
2992;35;222;1;land;false;plains;7
2993;60;156;1;land;false;plains;7
2994;17;174;1;land;false;plains;7
2995;38;156;1;land;false;plains;7
2996;27;162;1;land;false;plains;7
2997;173;25;1;land;false;plains;7
2998;149;194;1;land;true;plains;7
2999;112;165;1;land;true;plains;7
3000;249;94;1;land;false;hills;7
3001;213;54;1;land;false;plains;7
3002;239;70;1;land;false;hills;7
3003;178;193;1;land;false;plains;7
3004;187;136;1;land;false;plains;7
3005;212;188;1;land;false;plains;7
3006;195;143;1;land;false;plains;7
3007;177;169;1;land;false;plains;7
3008;183;122;1;land;false;plains;7
3009;242;144;1;land;false;plains;7
3010;170;164;1;land;false;plains;7
3011;225;165;1;land;false;desert;7
3012;244;187;1;land;false;plains;7
3013;240;189;1;land;false;plains;7
3014;42;33;1;land;false;plains;7
3015;57;23;1;land;false;plains;7
3016;24;26;1;land;false;plains;7
3017;75;30;1;land;false;plains;7
3018;72;29;1;land;false;plains;7
3019;67;52;1;land;false;plains;7
3020;85;191;1;land;false;hills;7
3021;18;128;1;land;false;desert;7
3022;93;127;1;land;false;mountain;7
3023;35;125;1;land;false;hills;7
3024;37;142;1;land;false;mountain;7
3025;40;153;1;land;false;hills;7
3026;93;187;1;land;false;plains;7
3027;62;175;1;land;false;desert;7
3028;42;202;1;land;false;desert;7
3029;76;199;1;land;false;mountain;7
3030;77;159;1;land;false;hills;7
3031;143;8;1;land;false;plains;7
3032;144;13;1;land;false;forest;7
3033;196;6;1;land;false;forest;7
3034;155;37;1;land;false;plains;7
3035;201;68;1;land;false;forest;7
3036;62;14;1;land;false;plains;7
3037;91;42;1;land;false;plains;7
3038;78;31;1;land;false;plains;7
3039;101;26;1;land;false;plains;7
3040;84;42;1;land;false;desert;7
3041;41;7;1;land;false;plains;7
3042;79;64;1;land;false;plains;7
3043;107;45;1;land;false;plains;7
3044;37;52;1;land;false;plains;7
3045;107;1;1;land;false;plains;7
3046;53;31;1;land;false;desert;7
3047;49;13;1;land;false;hills;7
3048;53;49;1;land;false;desert;7
3049;105;5;1;land;false;plains;7
3050;80;41;1;land;false;plains;7
3051;87;16;1;land;false;plains;7
3052;44;23;1;land;false;desert;7
3053;197;135;1;land;false;desert;7
3054;176;173;1;land;false;plains;7
3055;148;14;1;land;false;plains;7
3056;152;29;1;land;false;plains;7
3057;198;41;1;land;false;desert;7
3058;164;7;1;land;false;plains;7
3059;180;68;1;land;false;plains;7
3060;161;3;1;land;false;desert;7
3061;154;26;1;land;false;plains;7
3062;28;156;1;land;true;mountain;7
3063;25;162;1;land;true;hills;7
3064;60;110;1;land;true;hills;7
3065;206;241;1;land;false;plains;7
3066;242;226;1;land;false;plains;7
3067;253;228;1;land;false;plains;7
3068;227;241;1;land;false;plains;7
3069;80;109;1;land;false;plains;7
3070;123;81;1;land;false;plains;7
3071;89;90;1;land;false;plains;7
3072;66;92;1;land;false;plains;7
3073;127;134;1;land;false;plains;7
3074;89;18;1;land;true;plains;7
3075;118;17;1;land;true;mountain;7
3076;89;1;1;land;true;mountain;7
3077;63;13;1;land;true;mountain;7
3078;109;11;1;land;false;plains;7
3079;213;150;1;land;false;plains;7
3080;207;99;1;land;false;plains;7
3081;174;112;1;land;false;plains;7
3082;228;158;1;land;false;plains;7
3083;209;144;1;land;false;plains;7
3084;163;137;1;land;false;plains;7
3085;175;130;1;land;false;plains;7
3086;188;109;1;land;false;plains;7
3087;172;112;1;land;false;desert;7
3088;231;158;1;land;false;plains;7
3089;188;234;1;land;false;plains;7
3090;136;216;1;land;false;desert;7
3091;199;216;1;land;false;desert;7
3092;196;232;1;land;false;desert;7
3093;1;121;1;land;true;plains;7
3094;40;201;1;land;false;plains;7
3095;43;202;1;land;false;plains;7
3096;22;236;1;land;false;plains;7
3097;43;218;1;land;false;plains;7
3098;10;204;1;land;false;plains;7
3099;5;213;1;land;false;plains;7
3100;20;238;1;land;false;plains;7
3101;47;220;1;land;false;plains;7
3102;23;207;1;land;false;plains;7
3103;1;194;1;land;false;desert;7
3104;32;252;1;land;false;plains;7
3105;1;201;1;land;false;plains;7
3106;106;79;1;land;false;plains;7
3107;133;92;1;land;false;hills;7
3108;136;129;1;land;false;hills;7
3109;109;93;1;land;false;hills;7
3110;92;97;1;land;false;plains;7
3111;94;56;1;land;false;hills;7
3112;52;203;1;land;false;desert;7
3113;115;227;1;land;false;hills;7
3114;81;236;1;land;true;desert;7
3115;51;231;1;land;true;desert;7
3116;101;173;1;land;false;desert;7
3117;117;173;1;land;false;desert;7
3118;63;225;1;land;true;hills;7
3119;154;27;1;land;false;desert;7
3120;180;99;1;land;false;desert;7
3121;224;96;1;land;false;desert;7
3122;208;198;1;land;false;plains;7
3123;173;169;1;land;false;plains;7
3124;197;195;1;land;false;hills;7
3125;178;196;1;land;false;hills;7
3126;169;198;1;land;false;hills;7
3127;146;175;1;land;false;hills;7
3128;207;175;1;land;false;hills;7
3129;206;234;1;land;false;hills;7
3130;216;213;1;land;false;desert;7
3131;146;237;1;land;false;plains;7
3132;68;95;1;land;false;plains;7
3133;43;83;1;land;false;desert;7
3134;15;68;1;land;false;plains;7
3135;3;82;1;land;false;plains;7
3136;72;61;1;land;false;plains;7
3137;63;49;1;land;false;plains;7
3138;126;125;1;land;true;desert;7
3139;120;141;1;land;true;plains;7
3140;246;3;1;land;false;hills;7
3141;252;25;1;land;false;desert;7
3142;217;3;1;land;false;desert;7
3143;243;7;1;land;false;plains;7
3144;218;12;1;land;false;desert;7
3145;228;34;1;land;false;desert;7
3146;238;24;1;land;false;desert;7
3147;250;27;1;land;false;desert;7
3148;244;9;1;land;false;desert;7
3149;230;39;1;land;false;desert;7
3150;214;8;1;land;false;desert;7
3151;229;32;1;land;false;hills;7
3152;245;2;1;land;false;desert;7
3153;229;27;1;land;false;desert;7
3154;252;129;1;land;false;plains;7
3155;250;161;1;land;false;plains;7
3156;253;144;1;land;false;plains;7
3157;228;159;1;land;false;plains;7
3158;234;172;1;land;false;plains;7
3159;211;150;1;land;false;plains;7
3160;66;11;1;land;true;plains;7
3161;111;25;1;land;true;plains;7
3162;123;0;1;land;true;plains;7
3163;102;32;1;land;true;plains;7
3164;69;32;1;land;false;plains;7
3165;120;33;1;land;false;plains;7
3166;56;89;1;land;false;plains;7
3167;69;75;1;land;true;plains;7
3168;55;121;1;land;false;plains;7
3169;36;106;1;land;false;plains;7
3170;192;239;1;land;true;plains;7
3171;127;225;1;land;true;plains;7
3172;186;76;1;land;true;mountain;7
3173;168;120;1;land;true;mountain;7
3174;144;118;1;land;true;mountain;7
3175;182;146;1;land;true;mountain;7
3176;186;127;1;land;true;mountain;7
3177;41;209;1;land;false;plains;7
3178;10;205;1;land;false;plains;7
3179;24;214;1;land;false;desert;7
3180;38;206;1;land;false;plains;7
3181;51;193;1;land;false;desert;7
3182;53;193;1;land;false;desert;7
3183;48;200;1;land;false;desert;7
3184;54;229;1;land;false;plains;7
3185;52;216;1;land;false;desert;7
3186;31;245;1;land;false;plains;7
3187;202;71;1;land;false;hills;7
3188;218;63;1;land;false;hills;7
3189;224;99;1;land;false;hills;7
3190;196;59;1;land;false;hills;7
3191;86;164;1;land;false;desert;7
3192;106;172;1;land;false;desert;7
3193;50;215;1;land;false;desert;7
3194;57;52;1;land;false;hills;7
3195;176;188;1;land;false;plains;7
3196;181;196;1;land;false;plains;7
3197;167;205;1;land;false;plains;7
3198;158;210;1;land;false;plains;7
3199;158;202;1;land;false;plains;7
3200;217;244;1;land;false;plains;7
3201;190;189;1;land;false;plains;7
3202;206;229;1;land;false;plains;7
3203;166;47;1;land;false;plains;7
3204;159;31;1;land;true;plains;7
3205;164;42;1;land;false;hills;7
3206;145;64;1;land;true;plains;7
3207;146;48;1;land;false;mountain;7
3208;0;208;1;land;true;mountain;7
3209;25;207;1;land;false;plains;7
3210;0;48;1;land;false;plains;7
3211;22;73;1;land;false;urban;7
3212;17;86;1;land;false;urban;7
3213;144;172;1;land;false;plains;7
3214;88;190;1;land;false;hills;7
3215;105;166;1;land;false;plains;7
3216;87;192;1;land;false;hills;7
3217;144;151;1;land;false;plains;7
3218;116;208;1;land;false;plains;7
3219;144;207;1;land;false;plains;7
3220;121;185;1;land;false;plains;7
3221;143;138;1;land;true;hills;7
3222;112;176;1;land;false;hills;7
3223;122;206;1;land;false;plains;7
3224;95;147;1;land;false;plains;7
3225;130;211;1;land;true;mountain;7
3226;133;182;1;land;false;plains;7
3227;112;187;1;land;false;plains;7
3228;113;205;1;land;false;plains;7
3229;189;25;1;land;false;desert;7
3230;151;36;1;land;false;desert;7
3231;154;93;1;land;false;desert;7
3232;152;94;1;land;false;desert;7
3233;173;62;1;land;false;desert;7
3234;160;61;1;land;false;desert;7
3235;175;77;1;land;false;desert;7
3236;163;35;1;land;false;desert;7
3237;194;71;1;land;false;desert;7
3238;18;220;1;land;false;hills;7
3239;32;217;1;land;false;plains;7
3240;61;167;1;land;false;hills;7
3241;2;217;1;land;false;plains;7
3242;17;100;1;land;false;hills;7
3243;26;54;1;land;false;hills;7
3244;51;70;1;land;false;plains;7
3245;63;82;1;land;false;hills;7
3246;117;169;1;land;false;plains;7
3247;102;216;1;land;false;plains;7
3248;111;223;1;land;false;mountain;7
3249;164;218;1;land;false;mountain;7
3250;75;50;1;land;false;plains;7
3251;98;35;1;land;false;forest;7
3252;59;12;1;land;false;forest;7
3253;225;169;1;land;false;hills;7
3254;233;151;1;land;false;plains;7
3255;241;154;1;land;false;plains;7
3256;180;118;1;land;false;desert;7
3257;171;174;1;land;false;desert;7
3258;192;124;1;land;false;desert;7
3259;228;195;1;land;false;hills;7
3260;195;48;1;land;false;hills;7
3261;218;77;1;land;false;plains;7
3262;221;50;1;land;false;hills;7
3263;57;190;1;land;false;plains;7
3264;88;182;1;land;true;desert;7
3265;41;133;1;land;false;plains;7
3266;50;37;1;land;false;plains;7
3267;19;24;1;land;false;plains;7
3268;160;147;1;land;false;hills;7
3269;111;145;1;land;true;plains;7
3270;122;146;1;land;true;plains;7
3271;84;30;1;land;true;plains;7
3272;156;16;1;land;true;plains;7
3273;153;11;1;land;false;plains;7
3274;129;15;1;land;false;plains;7
3275;106;10;1;land;true;mountain;7
3276;100;37;1;land;true;mountain;7
3277;224;128;1;land;false;plains;7
3278;207;153;1;land;false;plains;7
3279;230;159;1;land;false;hills;7
3280;250;142;1;land;false;plains;7
3281;193;94;1;land;false;plains;7
3282;229;126;1;land;false;hills;7
3283;252;103;1;land;false;plains;7
3284;197;102;1;land;false;plains;7
3285;207;227;1;land;true;hills;7
3286;155;221;1;land;false;desert;7
3287;179;203;1;land;true;plains;7
3288;192;242;1;land;false;plains;7
3289;62;69;1;land;false;desert;7
3290;61;81;1;land;true;desert;7
3291;61;87;1;land;false;desert;7
3292;20;79;1;land;true;desert;7
3293;51;206;1;land;false;desert;7
3294;36;209;1;land;false;desert;7
3295;17;208;1;land;false;desert;7
3296;65;247;1;land;false;hills;7
3297;40;206;1;land;false;plains;7
3298;35;249;1;land;false;desert;7
3299;21;233;1;land;false;desert;7
3300;36;235;1;land;false;plains;7
3301;53;215;1;land;false;desert;7
3302;62;228;1;land;false;desert;7
3303;146;84;1;land;false;plains;7
3304;113;74;1;land;false;plains;7
3305;185;71;1;land;false;desert;7
3306;123;94;1;land;false;plains;7
3307;130;114;1;land;false;plains;7
3308;156;77;1;land;false;plains;7
3309;174;103;1;land;false;desert;7
3310;148;139;1;land;false;desert;7
3311;136;69;1;land;false;plains;7
3312;145;77;1;land;false;plains;7
3313;244;192;1;land;false;plains;7
3314;225;187;1;land;false;plains;7
3315;237;209;1;land;false;plains;7
3316;236;190;1;land;false;urban;7
3317;236;172;1;land;false;plains;7
3318;135;30;1;land;false;plains;7
3319;142;22;1;land;false;desert;7
3320;111;18;1;land;true;desert;7
3321;130;50;1;land;false;desert;7
3322;137;39;1;land;false;plains;7
3323;74;37;1;land;false;plains;7
3324;83;50;1;land;false;desert;7
3325;133;69;1;land;false;plains;7
3326;122;58;1;land;true;desert;7
3327;100;56;1;land;false;plains;7
3328;65;70;1;land;false;plains;7
3329;98;181;1;land;false;plains;7
3330;111;135;1;land;false;plains;7
3331;107;208;1;land;false;plains;7
3332;96;139;1;land;false;urban;7
3333;78;145;1;land;false;plains;7
3334;137;211;1;land;false;urban;7
3335;172;46;1;land;false;plains;7
3336;220;26;1;land;false;plains;7
3337;206;12;1;land;false;hills;7
3338;192;62;1;land;false;plains;7
3339;183;5;1;land;false;desert;7
3340;191;34;1;land;false;desert;7
3341;157;165;1;land;false;desert;7
3342;167;114;1;land;false;desert;7
3343;162;126;1;land;false;desert;7
3344;205;118;1;land;false;desert;7
3345;196;158;1;land;false;desert;7
3346;136;162;1;land;false;desert;7
3347;201;141;1;land;false;desert;7
3348;185;111;1;land;false;desert;7
3349;181;123;1;land;false;desert;7
3350;155;134;1;land;false;desert;7
3351;140;158;1;land;false;desert;7
3352;203;165;1;land;false;desert;7
3353;175;143;1;land;false;desert;7
3354;178;127;1;land;false;plains;7
3355;143;167;1;land;false;desert;7
3356;140;176;1;land;false;desert;7
3357;160;114;1;land;false;desert;7
3358;162;127;1;land;false;desert;7
3359;170;125;1;land;false;desert;7
3360;186;147;1;land;false;desert;7
3361;142;149;1;land;false;desert;7
3362;153;118;1;land;false;desert;7
3363;148;121;1;land;false;desert;7
3364;153;159;1;land;false;desert;7
3365;184;125;1;land;false;desert;7
3366;206;178;1;land;false;desert;7
3367;168;163;1;land;false;desert;7
3368;199;164;1;land;false;desert;7
3369;198;165;1;land;false;desert;7
3370;199;166;1;land;false;desert;7
3371;185;155;1;land;false;desert;7
3372;198;175;1;land;false;desert;7
3373;199;158;1;land;false;desert;7
3374;154;138;1;land;false;plains;7
3375;143;117;1;land;false;desert;7
3376;197;160;1;land;false;desert;7
3377;50;17;1;land;false;desert;7
3378;5;30;1;land;false;desert;7
3379;30;23;1;land;false;desert;7
3380;52;23;1;land;false;desert;7
3381;62;25;1;land;false;desert;7
3382;55;46;1;land;false;desert;7
3383;35;26;1;land;false;desert;7
3384;5;21;1;land;false;desert;7
3385;9;20;1;land;false;desert;7
3386;19;39;1;land;false;desert;7
3387;58;42;1;land;false;desert;7
3388;59;151;1;land;false;desert;7
3389;31;128;1;land;false;desert;7
3390;38;167;1;land;false;desert;7
3391;164;18;1;land;false;hills;7
3392;124;122;1;land;false;hills;7
3393;79;131;1;land;false;plains;7
3394;65;123;1;land;false;plains;7
3395;68;93;1;land;false;plains;7
3396;113;109;1;land;false;plains;7
3397;220;235;1;land;false;plains;7
3398;227;231;1;land;false;plains;7
3399;160;146;1;land;false;plains;7
3400;231;153;1;land;false;plains;7
3401;184;119;1;land;false;plains;7
3402;206;137;1;land;false;plains;7
3403;192;138;1;land;false;plains;7
3404;223;93;1;land;false;plains;7
3405;188;84;1;land;false;plains;7
3406;190;116;1;land;false;plains;7
3407;27;250;1;land;false;plains;7
3408;23;232;1;land;false;plains;7
3409;62;227;1;land;false;plains;7
3410;55;207;1;land;false;urban;7
3411;0;51;1;land;false;plains;7
3412;32;66;1;land;false;plains;7
3413;7;59;1;land;false;desert;7
3414;110;233;1;land;false;desert;7
3415;127;172;1;land;false;desert;7
3416;136;171;1;land;false;desert;7
3417;120;173;1;land;false;desert;7
3418;130;218;1;land;false;desert;7
3419;112;191;1;land;false;desert;7
3420;88;238;1;land;false;desert;7
3421;116;220;1;land;false;desert;7
3422;113;196;1;land;false;desert;7
3423;115;244;1;land;false;desert;7
3424;148;173;1;land;false;desert;7
3425;115;224;1;land;false;desert;7
3426;107;195;1;land;false;desert;7
3427;142;60;1;land;false;desert;7
3428;81;127;1;land;false;desert;7
3429;96;88;1;land;false;desert;7
3430;113;95;1;land;false;desert;7
3431;76;59;1;land;false;desert;7
3432;108;59;1;land;false;desert;7
3433;95;75;1;land;false;desert;7
3434;132;84;1;land;false;desert;7
3435;112;84;1;land;false;desert;7
3436;251;183;1;land;false;plains;7
3437;226;226;1;land;false;plains;7
3438;221;230;1;land;false;plains;7
3439;184;211;1;land;false;plains;7
3440;180;231;1;land;false;plains;7
3441;1;103;1;land;false;desert;7
3442;159;185;1;land;false;plains;7
3443;177;220;1;land;false;plains;7
3444;114;122;1;land;true;desert;7
3445;105;126;1;land;false;desert;7
3446;173;102;1;land;false;desert;7
3447;109;102;1;land;true;plains;7
3448;247;188;1;land;false;hills;7
3449;252;223;1;land;false;plains;7
3450;208;232;1;land;false;plains;7
3451;228;185;1;land;false;plains;7
3452;226;203;1;land;false;urban;7
3453;193;63;1;land;true;plains;7
3454;182;105;1;land;true;mountain;7
3455;180;85;1;land;false;plains;7
3456;221;87;1;land;false;plains;7
3457;204;79;1;land;true;mountain;7
3458;80;193;1;land;false;plains;7
3459;86;174;1;land;false;plains;7
3460;33;167;1;land;false;desert;7
3461;32;178;1;land;false;plains;7
3462;46;94;1;land;false;desert;7
3463;75;65;1;land;false;desert;7
3464;83;65;1;land;false;desert;7
3465;78;76;1;land;false;desert;7
3466;22;39;1;land;false;desert;7
3467;87;51;1;land;false;desert;7
3468;91;96;1;land;false;desert;7
3469;86;61;1;land;false;desert;7
3470;140;155;1;land;false;plains;7
3471;159;195;1;land;true;hills;7
3472;172;197;1;land;true;plains;7
3473;154;20;1;land;false;plains;7
3474;125;73;1;land;false;plains;7
3475;158;25;1;land;false;desert;7
3476;158;22;1;land;false;plains;7
3477;147;28;1;land;false;plains;7
3478;96;80;1;land;false;plains;7
3479;98;14;1;land;false;plains;7
3480;101;21;1;land;false;plains;7
3481;127;36;1;land;false;plains;7
3482;248;142;1;land;true;hills;7
3483;235;134;1;land;true;hills;7
3484;226;173;1;land;true;plains;7
3485;231;36;1;land;false;plains;7
3486;199;30;1;land;false;urban;7
3487;213;25;1;land;true;plains;7
3488;230;61;1;land;true;plains;7
3489;221;81;1;land;false;plains;7
3490;254;32;1;land;false;plains;7
3491;195;79;1;land;true;plains;7
3492;239;60;1;land;false;plains;7
3493;201;76;1;land;false;urban;7
3494;199;39;1;land;true;plains;7
3495;248;18;1;land;false;plains;7
3496;98;194;1;land;false;desert;7
3497;68;20;1;land;false;hills;7
3498;33;50;1;land;false;mountain;7
3499;71;52;1;land;false;plains;7
3500;140;124;1;land;false;desert;7
3501;188;164;1;land;false;mountain;7
3502;184;108;1;land;false;hills;7
3503;163;3;1;land;false;plains;7
3504;116;50;1;land;false;plains;7
3505;146;11;1;land;false;plains;7
3506;111;45;1;land;false;plains;7
3507;158;30;1;land;false;plains;7
3508;169;47;1;land;false;plains;7
3509;39;140;1;land;false;plains;7
3510;20;103;1;land;false;desert;7
3511;23;165;1;land;false;desert;7
3512;8;126;1;land;false;plains;7
3513;30;156;1;land;false;plains;7
3514;35;121;1;land;false;plains;7
3515;23;100;1;land;false;desert;7
3516;10;116;1;land;false;plains;7
3517;128;180;1;land;false;desert;7
3518;85;223;1;land;false;desert;7
3519;95;225;1;land;false;desert;7
3520;132;208;1;land;false;desert;7
3521;140;224;1;land;false;plains;7
3522;111;175;1;land;false;desert;7
3523;76;192;1;land;false;desert;7
3524;209;45;1;land;false;desert;7
3525;228;113;1;land;true;desert;7
3526;226;98;1;land;false;desert;7
3527;209;196;1;land;false;hills;7
3528;233;195;1;land;false;hills;7
3529;197;205;1;land;false;hills;7
3530;231;250;1;land;false;hills;7
3531;183;175;1;land;false;forest;7
3532;65;91;1;land;true;plains;7
3533;90;108;1;land;true;plains;7
3534;51;88;1;land;false;plains;7
3535;26;92;1;land;false;plains;7
3536;69;96;1;land;true;plains;7
3537;40;169;1;land;false;plains;7
3538;30;182;1;land;false;urban;7
3539;7;168;1;land;false;urban;7
3540;163;38;1;land;false;hills;7
3541;94;20;1;land;false;hills;7
3542;171;69;1;land;false;desert;7
3543;104;21;1;land;false;hills;7
3544;105;20;1;land;false;plains;7
3545;111;28;1;land;false;hills;7
3546;132;71;1;land;false;desert;7
3547;150;198;1;land;true;desert;7
3548;162;216;1;land;false;desert;7
3549;126;190;1;land;true;mountain;7
3550;161;214;1;land;true;plains;7
3551;95;221;1;land;false;desert;7
3552;159;198;1;land;true;desert;7
3553;239;40;1;land;false;desert;7
3554;221;72;1;land;false;hills;7
3555;230;69;1;land;false;desert;7
3556;212;133;1;land;false;hills;7
3557;194;185;1;land;false;desert;7
3558;160;158;1;land;false;hills;7
3559;182;132;1;land;false;hills;7
3560;228;163;1;land;false;plains;7
3561;213;178;1;land;false;hills;7
3562;219;139;1;land;false;hills;7
3563;239;131;1;land;false;hills;7
3564;165;120;1;land;false;plains;7
3565;48;39;1;land;false;desert;7
3566;52;47;1;land;false;desert;7
3567;73;34;1;land;false;desert;7
3568;71;174;1;land;false;hills;7
3569;13;192;1;land;false;hills;7
3570;19;134;1;land;false;hills;7
3571;83;136;1;land;false;hills;7
3572;45;126;1;land;false;plains;7
3573;85;130;1;land;false;hills;7
3574;48;137;1;land;false;hills;7
3575;32;121;1;land;false;plains;7
3576;143;51;1;land;false;plains;7
3577;163;59;1;land;false;hills;7
3578;139;46;1;land;false;hills;7
3579;150;7;1;land;true;plains;7
3580;164;31;1;land;true;plains;7
3581;157;35;1;land;false;hills;7
3582;117;21;1;land;false;hills;7
3583;183;27;1;land;true;mountain;7
3584;153;143;1;land;false;plains;7
3585;139;128;1;land;false;desert;7
3586;146;114;1;land;false;desert;7
3587;123;133;1;land;false;mountain;7
3588;82;112;1;land;false;hills;7
3589;143;139;1;land;false;hills;7
3590;144;98;1;land;false;hills;7
3591;127;129;1;land;false;desert;7
3592;128;110;1;land;false;desert;7
3593;234;225;1;land;false;plains;7
3594;229;223;1;land;false;urban;7
3595;228;155;1;land;false;desert;7
3596;252;102;1;land;false;desert;7
3597;205;141;1;land;false;plains;7
3598;186;139;1;land;false;plains;7
3599;188;90;1;land;false;plains;7
3600;225;91;1;land;false;plains;7
3601;248;112;1;land;false;desert;7
3602;246;141;1;land;false;plains;7
3603;237;95;1;land;false;desert;7
3604;242;89;1;land;false;plains;7
3605;239;89;1;land;false;plains;7
3606;92;219;1;land;false;plains;7
3607;55;249;1;land;false;hills;7
3608;47;224;1;land;false;plains;7
3609;177;127;1;land;false;plains;7
3610;118;174;1;land;false;plains;7
3611;172;118;1;land;false;plains;7
3612;170;95;1;land;false;plains;7
3613;112;123;1;land;false;plains;7
3614;235;39;1;land;false;hills;7
3615;248;21;1;land;false;hills;7
3616;244;6;1;land;false;plains;7
3617;217;15;1;land;false;plains;7
3618;248;126;1;land;true;mountain;7
3619;70;11;1;land;false;hills;7
3620;68;79;1;land;false;desert;7
3621;78;135;1;land;false;desert;7
3622;98;90;1;land;true;plains;7
3623;90;75;1;land;false;plains;7
3624;51;95;1;land;true;desert;7
3625;61;124;1;land;true;desert;7
3626;45;86;1;land;false;desert;7
3627;152;212;1;land;false;forest;7
3628;176;221;1;land;false;forest;7
3629;206;248;1;land;false;forest;7
3630;175;215;1;land;false;forest;7
3631;161;72;1;land;false;plains;7
3632;143;92;1;land;false;plains;7
3633;188;107;1;land;false;hills;7
3634;146;90;1;land;false;plains;7
3635;184;129;1;land;false;hills;7
3636;139;86;1;land;false;hills;7
3637;46;253;1;land;true;plains;7
3638;13;211;1;land;true;plains;7
3639;209;106;1;land;false;desert;7
3640;251;100;1;land;false;desert;7
3641;210;97;1;land;false;desert;7
3642;208;62;1;land;false;desert;7
3643;234;92;1;land;false;desert;7
3644;202;55;1;land;false;desert;7
3645;235;101;1;land;true;desert;7
3646;201;45;1;land;false;desert;7
3647;222;89;1;land;false;desert;7
3648;204;73;1;land;true;hills;7
3649;230;70;1;land;false;desert;7
3650;248;82;1;land;false;desert;7
3651;231;40;1;land;false;desert;7
3652;250;87;1;land;true;desert;7
3653;248;110;1;land;false;desert;7
3654;207;69;1;land;false;desert;7
3655;243;116;1;land;false;desert;7
3656;244;42;1;land;false;desert;7
3657;79;211;1;land;false;forest;7
3658;116;216;1;land;false;plains;7
3659;65;211;1;land;false;plains;7
3660;55;190;1;land;false;forest;7
3661;81;219;1;land;false;plains;7
3662;114;235;1;land;false;forest;7
3663;124;220;1;land;false;urban;7
3664;103;52;1;land;false;mountain;7
3665;183;72;1;land;false;plains;7
3666;143;40;1;land;false;hills;7
3667;179;15;1;land;false;plains;7
3668;31;196;1;land;false;desert;7
3669;0;151;1;land;false;desert;7
3670;0;162;1;land;false;desert;7
3671;43;205;1;land;false;desert;7
3672;17;203;1;land;false;desert;7
3673;36;59;1;land;false;hills;7
3674;137;190;1;land;false;hills;7
3675;218;243;1;land;false;desert;7
3676;222;212;1;land;false;desert;7
3677;179;225;1;land;false;plains;7
3678;191;206;1;land;false;desert;7
3679;90;114;1;land;false;desert;7
3680;106;110;1;land;false;desert;7
3681;76;131;1;land;false;desert;7
3682;77;110;1;land;false;desert;7
3683;101;121;1;land;false;plains;7
3684;64;131;1;land;false;plains;7
3685;90;127;1;land;false;desert;7
3686;71;146;1;land;false;desert;7
3687;67;85;1;land;false;plains;7
3688;96;109;1;land;false;desert;7
3689;64;139;1;land;false;desert;7
3690;52;148;1;land;false;desert;7
3691;72;143;1;land;false;desert;7
3692;85;237;1;land;false;plains;7
3693;55;254;1;land;false;plains;7
3694;65;239;1;land;false;plains;7
3695;63;233;1;land;false;plains;7
3696;52;214;1;land;false;plains;7
3697;85;230;1;land;false;plains;7
3698;140;134;1;land;false;desert;7
3699;156;75;1;land;false;hills;7
3700;185;132;1;land;false;hills;7
3701;160;181;1;land;true;plains;7
3702;140;181;1;land;false;plains;7
3703;146;196;1;land;false;mountain;7
3704;106;223;1;land;false;plains;7
3705;115;204;1;land;false;hills;7
3706;158;188;1;land;false;plains;7
3707;223;75;1;land;false;mountain;7
3708;241;95;1;land;false;plains;7
3709;215;79;1;land;false;hills;7
3710;248;49;1;land;false;hills;7
3711;231;86;1;land;false;mountain;7
3712;211;201;1;land;false;desert;7
3713;238;214;1;land;false;desert;7
3714;232;196;1;land;false;desert;7
3715;121;98;1;land;false;desert;7
3716;96;51;1;land;false;desert;7
3717;63;76;1;land;false;desert;7
3718;105;76;1;land;false;desert;7
3719;54;90;1;land;false;desert;7
3720;54;103;1;land;false;desert;7
3721;77;91;1;land;false;desert;7
3722;115;72;1;land;false;desert;7
3723;104;84;1;land;false;desert;7
3724;68;61;1;land;false;desert;7
3725;128;87;1;land;false;desert;7
3726;84;54;1;land;false;desert;7
3727;123;97;1;land;false;desert;7
3728;75;82;1;land;false;desert;7
3729;131;87;1;land;false;desert;7
3730;62;213;1;land;false;plains;7
3731;77;154;1;land;false;plains;7
3732;79;201;1;land;false;plains;7
3733;66;167;1;land;false;hills;7
3734;154;70;1;land;false;forest;7
3735;123;84;1;land;true;jungle;7
3736;162;45;1;land;true;jungle;7
3737;177;227;1;land;false;plains;7
3738;156;164;1;land;false;urban;7
3739;192;196;1;land;false;plains;7
3740;139;231;1;land;false;plains;7
3741;130;156;1;land;false;plains;7
3742;156;171;1;land;false;urban;7
3743;16;94;1;land;true;plains;7
3744;32;21;1;land;true;plains;7
3745;1;59;1;land;true;hills;7
3746;190;138;1;land;false;plains;7
3747;220;166;1;land;false;forest;7
3748;98;28;1;land;false;desert;7
3749;83;39;1;land;false;hills;7
3750;56;27;1;land;false;plains;7
3751;68;8;1;land;false;desert;7
3752;71;44;1;land;false;plains;7
3753;117;154;1;land;false;forest;7
3754;97;169;1;land;false;plains;7
3755;102;141;1;land;false;forest;7
3756;57;195;1;land;false;forest;7
3757;45;167;1;land;false;forest;7
3758;87;174;1;land;false;forest;7
3759;63;125;1;land;false;forest;7
3760;85;133;1;land;false;forest;7
3761;83;193;1;land;false;forest;7
3762;206;7;1;land;false;plains;7
3763;155;60;1;land;false;plains;7
3764;175;62;1;land;false;plains;7
3765;201;32;1;land;false;plains;7
3766;190;61;1;land;false;plains;7
3767;172;31;1;land;false;plains;7
3768;214;18;1;land;false;plains;7
3769;199;68;1;land;false;plains;7
3770;159;10;1;land;false;plains;7
3771;160;20;1;land;false;plains;7
3772;219;67;1;land;false;plains;7
3773;148;62;1;land;false;plains;7
3774;176;2;1;land;false;plains;7
3775;160;25;1;land;false;plains;7
3776;175;1;1;land;false;plains;7
3777;107;34;1;land;false;plains;7
3778;114;55;1;land;false;plains;7
3779;132;42;1;land;false;plains;7
3780;130;38;1;land;false;plains;7
3781;54;47;1;land;false;plains;7
3782;122;47;1;land;false;plains;7
3783;71;45;1;land;false;plains;7
3784;136;139;1;land;false;forest;7
3785;94;120;1;land;false;urban;7
3786;124;157;1;land;false;forest;7
3787;139;161;1;land;false;forest;7
3788;65;103;1;land;false;forest;7
3789;66;104;1;land;false;forest;7
3790;237;9;1;land;false;hills;7
3791;204;40;1;land;false;hills;7
3792;220;27;1;land;false;hills;7
3793;231;173;1;land;false;hills;7
3794;224;131;1;land;false;hills;7
3795;207;115;1;land;false;hills;7
3796;212;119;1;land;false;hills;7
3797;50;39;1;land;false;mountain;7
3798;31;10;1;land;false;plains;7
3799;46;21;1;land;false;mountain;7
3800;51;20;1;land;false;hills;7
3801;11;14;1;land;false;plains;7
3802;15;6;1;land;false;hills;7
3803;44;101;1;land;false;plains;7
3804;7;155;1;land;false;urban;7
3805;46;134;1;land;false;plains;7
3806;50;122;1;land;false;urban;7
3807;138;98;1;land;false;desert;7
3808;105;153;1;land;false;hills;7
3809;120;98;1;land;false;plains;7
3810;161;90;1;land;false;hills;7
3811;90;144;1;land;false;hills;7
3812;129;100;1;land;false;plains;7
3813;150;148;1;land;false;hills;7
3814;147;88;1;land;false;hills;7
3815;140;140;1;land;false;desert;7
3816;208;244;1;land;true;plains;7
3817;217;191;1;land;false;plains;7
3818;175;230;1;land;false;plains;7
3819;187;226;1;land;true;plains;7
3820;213;189;1;land;true;plains;7
3821;180;75;1;land;false;desert;7
3822;177;93;1;land;false;desert;7
3823;211;115;1;land;false;desert;7
3824;34;244;1;land;false;plains;7
3825;13;213;1;land;false;plains;7
3826;9;250;1;land;false;plains;7
3827;36;69;1;land;false;plains;7
3828;67;125;1;land;false;plains;7
3829;15;109;1;land;false;plains;7
3830;12;70;1;land;false;plains;7
3831;59;119;1;land;false;desert;7
3832;13;116;1;land;false;plains;7
3833;77;104;1;land;false;desert;7
3834;84;120;1;land;false;plains;7
3835;6;54;1;land;false;plains;7
3836;99;201;1;land;false;plains;7
3837;136;186;1;land;false;plains;7
3838;96;166;1;land;false;plains;7
3839;141;219;1;land;false;plains;7
3840;153;38;1;land;false;desert;7
3841;131;95;1;land;false;desert;7
3842;88;22;1;land;false;desert;7
3843;140;74;1;land;false;desert;7
3844;86;38;1;land;false;desert;7
3845;82;93;1;land;false;desert;7
3846;152;43;1;land;false;desert;7
3847;225;183;1;land;false;desert;7
3848;235;33;1;land;false;plains;7
3849;195;26;1;land;false;plains;7
3850;216;89;1;land;false;plains;7
3851;215;52;1;land;false;plains;7
3852;196;77;1;land;false;plains;7
3853;248;92;1;land;false;plains;7
3854;185;43;1;land;false;plains;7
3855;172;99;1;land;false;desert;7
3856;187;112;1;land;true;hills;7
3857;151;243;1;land;false;hills;7
3858;7;149;1;land;true;hills;7
3859;22;177;1;land;true;plains;7
3860;19;152;1;land;false;plains;7
3861;44;7;1;land;false;desert;7
3862;37;32;1;land;false;desert;7
3863;6;29;1;land;false;desert;7
3864;66;10;1;land;false;desert;7
3865;105;123;1;land;false;plains;7
3866;72;122;1;land;false;plains;7
3867;49;124;1;land;false;hills;7
3868;51;100;1;land;false;plains;7
3869;117;91;1;land;false;hills;7
3870;92;149;1;land;false;hills;7
3871;64;249;1;land;false;hills;7
3872;108;221;1;land;false;hills;7
3873;203;86;1;land;true;plains;7
3874;189;110;1;land;true;plains;7
3875;150;97;1;land;true;plains;7
3876;209;90;1;land;false;plains;7
3877;220;231;1;land;false;plains;7
3878;234;218;1;land;false;plains;7
3879;215;207;1;land;false;plains;7
3880;237;193;1;land;false;plains;7
3881;204;224;1;land;false;plains;7
3882;222;246;1;land;false;plains;7
3883;3;96;1;land;false;plains;7
3884;34;111;1;land;false;mountain;7
3885;6;81;1;land;false;hills;7
3886;25;98;1;land;false;hills;7
3887;15;54;1;land;false;plains;7
3888;21;121;1;land;false;hills;7
3889;41;82;1;land;false;plains;7
3890;0;107;1;land;false;desert;7
3891;2;175;1;land;false;hills;7
3892;5;166;1;land;false;hills;7
3893;3;220;1;land;true;hills;7
3894;51;176;1;land;false;forest;7
3895;33;188;1;land;true;hills;7
3896;71;124;1;land;false;plains;7
3897;108;114;1;land;false;plains;7
3898;131;74;1;land;false;plains;7
3899;140;79;1;land;false;urban;7
3900;134;232;1;land;false;plains;7
3901;90;208;1;land;false;urban;7
3902;111;162;1;land;false;plains;7
3903;152;24;1;land;true;plains;7
3904;139;87;1;land;true;plains;7
3905;147;34;1;land;false;plains;7
3906;167;68;1;land;true;plains;7
3907;162;46;1;land;true;plains;7
3908;152;33;1;land;false;plains;7
3909;187;39;1;land;false;plains;7
3910;190;161;1;land;false;mountain;7
3911;191;154;1;land;true;hills;7
3912;181;149;1;land;false;plains;7
3913;167;143;1;land;false;mountain;7
3914;188;182;1;land;false;mountain;7
3915;207;146;1;land;false;mountain;7
3916;59;42;1;land;false;desert;7
3917;35;55;1;land;false;desert;7
3918;48;87;1;land;false;desert;7
3919;7;41;1;land;false;plains;7
3920;63;22;1;land;false;desert;7
3921;7;69;1;land;false;desert;7
3922;35;42;1;land;false;desert;7
3923;56;91;1;land;false;desert;7
3924;71;156;1;land;false;hills;7
3925;18;140;1;land;false;desert;7
3926;204;86;1;land;false;plains;7
3927;189;34;1;land;false;plains;7
3928;203;210;1;land;false;desert;7
3929;254;162;1;land;false;desert;7
3930;213;179;1;land;false;plains;7
3931;219;192;1;land;false;plains;7
3932;197;183;1;land;false;desert;7
3933;236;202;1;land;false;plains;7
3934;236;183;1;land;false;desert;7
3935;180;189;1;land;false;desert;7
3936;67;48;1;land;false;hills;7
3937;37;42;1;land;true;hills;7
3938;52;51;1;land;false;forest;7
3939;64;34;1;land;true;mountain;7
3940;60;210;1;land;false;plains;7
3941;81;175;1;land;false;urban;7
3942;130;4;1;land;true;hills;7
3943;106;2;1;land;true;forest;7
3944;102;33;1;land;false;hills;7
3945;136;58;1;land;false;hills;7
3946;92;29;1;land;false;hills;7
3947;139;120;1;land;false;plains;7
3948;167;159;1;land;false;desert;7
3949;142;187;1;land;false;plains;7
3950;155;189;1;land;false;plains;7
3951;131;131;1;land;false;plains;7
3952;114;169;1;land;false;desert;7
3953;110;153;1;land;false;desert;7
3954;150;114;1;land;false;plains;7
3955;136;124;1;land;false;desert;7
3956;235;66;1;land;false;plains;7
3957;245;47;1;land;false;plains;7
3958;218;65;1;land;false;plains;7
3959;240;65;1;land;false;plains;7
3960;196;50;1;land;false;plains;7
3961;199;8;1;land;false;plains;7
3962;194;40;1;land;false;plains;7
3963;252;66;1;land;false;plains;7
3964;235;126;1;land;false;plains;7
3965;229;180;1;land;false;plains;7
3966;243;168;1;land;false;plains;7
3967;9;19;1;land;false;desert;7
3968;40;33;1;land;false;plains;7
3969;66;30;1;land;false;plains;7
3970;39;43;1;land;false;plains;7
3971;130;19;1;land;true;mountain;7
3972;171;47;1;land;true;plains;7
3973;193;137;1;land;false;hills;7
3974;125;122;1;land;false;plains;7
3975;120;105;1;land;false;plains;7
3976;194;93;1;land;false;plains;7
3977;127;128;1;land;false;forest;7
3978;158;166;1;land;false;hills;7
3979;178;163;1;land;false;forest;7
3980;144;99;1;land;false;urban;7
3981;181;160;1;land;false;plains;7
3982;227;218;1;land;false;plains;7
3983;190;224;1;land;false;plains;7
3984;204;217;1;land;false;plains;7
3985;176;214;1;land;false;plains;7
3986;253;77;1;land;false;plains;7
3987;205;84;1;land;false;plains;7
3988;222;117;1;land;false;plains;7
3989;241;120;1;land;false;plains;7
3990;238;110;1;land;false;plains;7
3991;213;133;1;land;false;plains;7
3992;78;217;1;land;false;plains;7
3993;80;245;1;land;false;hills;7
3994;76;109;1;land;false;desert;7
3995;39;101;1;land;false;desert;7
3996;42;112;1;land;false;desert;7
3997;86;76;1;land;false;desert;7
3998;14;144;1;land;false;plains;7
3999;50;160;1;land;false;desert;7
4000;41;179;1;land;false;desert;7
4001;31;190;1;land;false;desert;7
4002;32;196;1;land;false;desert;7
4003;31;210;1;land;false;desert;7
4004;18;165;1;land;false;desert;7
4005;60;198;1;land;false;desert;7
4006;1;176;1;land;false;desert;7
4007;15;188;1;land;false;desert;7
4008;17;199;1;land;false;desert;7
4009;6;162;1;land;false;desert;7
4010;61;9;1;land;false;plains;7
4011;13;50;1;land;true;plains;7
4012;107;206;1;land;false;plains;7
4013;136;146;1;land;false;plains;7
4014;124;154;1;land;false;plains;7
4015;93;137;1;land;false;plains;7
4016;141;215;1;land;false;plains;7
4017;124;52;1;land;true;hills;7
4018;144;47;1;land;false;hills;7
4019;123;20;1;land;true;hills;7
4020;101;27;1;land;true;mountain;7
4021;162;62;1;land;false;hills;7
4022;225;170;1;land;false;desert;7
4023;194;107;1;land;false;desert;7
4024;234;149;1;land;false;desert;7
4025;164;107;1;land;false;plains;7
4026;164;175;1;land;false;desert;7
4027;230;152;1;land;false;plains;7
4028;212;155;1;land;false;plains;7
4029;185;151;1;land;false;desert;7
4030;210;144;1;land;false;plains;7
4031;202;2;1;land;false;plains;7
4032;207;12;1;land;false;plains;7
4033;67;166;1;land;false;plains;7
4034;32;174;1;land;true;desert;7
4035;83;147;1;land;true;desert;7
4036;61;147;1;land;false;desert;7
4037;38;177;1;land;false;desert;7
4038;16;143;1;land;false;desert;7
4039;70;121;1;land;true;desert;7
4040;83;32;1;land;false;plains;7
4041;67;1;1;land;false;plains;7
4042;83;23;1;land;false;plains;7
4043;40;12;1;land;false;plains;7
4044;98;106;1;land;true;plains;7
4045;102;134;1;land;false;desert;7
4046;163;198;1;land;false;plains;7
4047;143;207;1;land;false;plains;7
4048;93;224;1;land;false;plains;7
4049;139;196;1;land;false;plains;7
4050;240;110;1;land;false;plains;7
4051;195;138;1;land;false;plains;7
4052;205;160;1;land;false;plains;7
4053;184;159;1;land;false;plains;7
4054;189;141;1;land;false;urban;7
4055;180;149;1;land;false;plains;7
4056;225;104;1;land;false;urban;7
4057;239;103;1;land;false;urban;7
4058;197;93;1;land;false;plains;7
4059;227;235;1;land;false;hills;7
4060;217;249;1;land;false;hills;7
4061;191;199;1;land;false;plains;7
4062;245;230;1;land;false;plains;7
4063;221;249;1;land;false;hills;7
4064;12;71;1;land;true;hills;7
4065;67;90;1;land;true;plains;7
4066;23;58;1;land;true;plains;7
4067;41;212;1;land;false;desert;7
4068;54;171;1;land;false;desert;7
4069;28;200;1;land;false;desert;7
4070;79;218;1;land;false;desert;7
4071;142;82;1;land;false;plains;7
4072;112;114;1;land;false;plains;7
4073;118;94;1;land;false;hills;7
4074;165;79;1;land;false;hills;7
4075;136;73;1;land;false;plains;7
4076;153;70;1;land;false;plains;7
4077;180;238;1;land;false;plains;7
4078;183;241;1;land;false;plains;7
4079;42;99;1;land;false;desert;7
4080;96;110;1;land;false;desert;7
4081;65;92;1;land;false;desert;7
4082;27;131;1;land;false;desert;7
4083;41;113;1;land;false;desert;7
4084;86;136;1;land;false;desert;7
4085;67;135;1;land;false;desert;7
4086;73;124;1;land;false;desert;7
4087;23;98;1;land;false;desert;7
4088;57;98;1;land;false;desert;7
4089;70;89;1;land;false;desert;7
4090;21;73;1;land;false;desert;7
4091;21;100;1;land;false;desert;7
4092;37;105;1;land;false;desert;7
4093;53;130;1;land;false;desert;7
4094;95;92;1;land;false;desert;7
4095;97;196;1;land;false;desert;7
4096;100;201;1;land;false;desert;7
4097;152;83;1;land;false;desert;7
4098;130;86;1;land;false;desert;7
4099;144;77;1;land;true;desert;7
4100;191;130;1;land;true;mountain;7
4101;191;207;1;land;true;mountain;7
4102;173;217;1;land;true;desert;7
4103;212;207;1;land;true;mountain;7
4104;198;189;1;land;false;forest;7
4105;176;252;1;land;true;mountain;7
4106;194;229;1;land;false;hills;7
4107;217;90;1;land;false;desert;7
4108;244;72;1;land;false;desert;7
4109;239;64;1;land;false;hills;7
4110;229;85;1;land;false;desert;7
4111;237;96;1;land;false;hills;7
4112;241;163;1;land;false;plains;7
4113;236;206;1;land;false;plains;7
4114;211;227;1;land;false;desert;7
4115;217;200;1;land;false;plains;7
4116;219;174;1;land;false;plains;7
4117;75;109;1;land;false;plains;7
4118;44;71;1;land;false;plains;7
4119;62;65;1;land;false;plains;7
4120;110;59;1;land;false;plains;7
4121;109;179;1;land;false;plains;7
4122;106;220;1;land;false;plains;7
4123;131;59;1;land;false;desert;7
4124;114;10;1;land;false;desert;7
4125;142;37;1;land;false;desert;7
4126;159;68;1;land;false;desert;7
4127;115;52;1;land;false;desert;7
4128;159;23;1;land;false;desert;7
4129;180;83;1;land;false;desert;7
4130;141;38;1;land;false;desert;7
4131;178;189;1;land;false;hills;7
4132;123;195;1;land;false;plains;7
4133;168;159;1;land;false;plains;7
4134;33;77;1;land;true;hills;7
4135;46;148;1;land;false;plains;7
4136;5;177;1;land;false;mountain;7
4137;45;19;1;land;false;plains;7
4138;81;32;1;land;false;forest;7
4139;39;52;1;land;false;forest;7
4140;75;155;1;land;false;desert;7
4141;95;167;1;land;false;plains;7
4142;104;122;1;land;false;plains;7
4143;44;104;1;land;false;plains;7
4144;184;47;1;land;false;plains;7
4145;163;9;1;land;false;desert;7
4146;160;121;1;land;false;forest;7
4147;220;174;1;land;false;forest;7
4148;157;122;1;land;true;mountain;7
4149;219;98;1;land;false;hills;7
4150;183;155;1;land;false;forest;7
4151;200;162;1;land;true;mountain;7
4152;170;114;1;land;false;forest;7
4153;224;162;1;land;false;forest;7
4154;200;136;1;land;false;forest;7
4155;169;152;1;land;false;forest;7
4156;181;170;1;land;true;mountain;7
4157;220;143;1;land;false;hills;7
4158;221;150;1;land;false;hills;7
4159;98;232;1;land;false;plains;7
4160;142;220;1;land;false;plains;7
4161;159;182;1;land;false;desert;7
4162;162;172;1;land;false;desert;7
4163;170;226;1;land;false;hills;7
4164;149;229;1;land;false;desert;7
4165;167;229;1;land;false;plains;7
4166;159;225;1;land;false;hills;7
4167;153;83;1;land;false;desert;7
4168;114;76;1;land;false;desert;7
4169;121;71;1;land;false;desert;7
4170;153;58;1;land;false;desert;7
4171;182;101;1;land;false;desert;7
4172;165;85;1;land;false;desert;7
4173;155;109;1;land;false;desert;7
4174;109;54;1;land;false;desert;7
4175;160;33;1;land;false;desert;7
4176;134;100;1;land;false;desert;7
4177;105;52;1;land;false;desert;7
4178;234;198;1;land;false;hills;7
4179;253;213;1;land;false;desert;7
4180;234;207;1;land;false;desert;7
4181;236;43;1;land;true;desert;7
4182;239;48;1;land;true;desert;7
4183;217;55;1;land;true;desert;7
4184;221;61;1;land;false;desert;7
4185;217;70;1;land;false;desert;7
4186;231;44;1;land;false;desert;7
4187;217;67;1;land;false;desert;7
4188;217;81;1;land;false;desert;7
4189;248;39;1;land;true;desert;7
4190;248;89;1;land;false;desert;7
4191;239;85;1;land;false;desert;7
4192;249;52;1;land;true;desert;7
4193;209;108;1;land;true;desert;7
4194;229;106;1;land;false;desert;7
4195;55;214;1;land;false;desert;7
4196;18;212;1;land;false;desert;7
4197;87;179;1;land;false;plains;7
4198;67;168;1;land;false;plains;7
4199;25;161;1;land;false;plains;7
4200;53;165;1;land;false;plains;7
4201;67;167;1;land;false;desert;7
4202;56;186;1;land;false;plains;7
4203;82;181;1;land;false;desert;7
4204;40;216;1;land;false;plains;7
4205;80;207;1;land;false;desert;7
4206;91;73;1;land;false;desert;7
4207;55;73;1;land;false;plains;7
4208;59;65;1;land;false;hills;7
4209;84;35;1;land;false;plains;7
4210;44;2;1;land;false;plains;7
4211;70;28;1;land;false;desert;7
4212;67;35;1;land;false;plains;7
4213;83;75;1;land;false;desert;7
4214;83;30;1;land;false;plains;7
4215;23;67;1;land;false;desert;7
4216;152;217;1;land;true;plains;7
4217;178;157;1;land;false;hills;7
4218;144;32;1;land;false;desert;7
4219;162;33;1;land;false;desert;7
4220;157;43;1;land;false;desert;7
4221;137;53;1;land;false;plains;7
4222;154;39;1;land;false;desert;7
4223;133;27;1;land;false;desert;7
4224;172;70;1;land;false;plains;7
4225;159;25;1;land;false;plains;7
4226;132;48;1;land;false;desert;7
4227;151;44;1;land;false;desert;7
4228;252;192;1;land;false;desert;7
4229;251;15;1;land;false;plains;7
4230;101;190;1;land;false;plains;7
4231;72;159;1;land;false;desert;7
4232;80;143;1;land;false;plains;7
4233;39;144;1;land;false;plains;7
4234;99;40;1;land;false;plains;7
4235;63;5;1;land;false;plains;7
4236;110;13;1;land;false;plains;7
4237;77;24;1;land;false;plains;7
4238;102;45;1;land;false;desert;7
4239;180;156;1;land;false;plains;7
4240;165;161;1;land;false;hills;7
4241;138;87;1;land;false;hills;7
4242;122;102;1;land;false;plains;7
4243;113;145;1;land;false;hills;7
4244;142;92;1;land;false;hills;7
4245;180;143;1;land;false;plains;7
4246;117;165;1;land;false;mountain;7
4247;124;151;1;land;false;plains;7
4248;157;106;1;land;false;plains;7
4249;141;229;1;land;true;plains;7
4250;147;213;1;land;true;plains;7
4251;131;209;1;land;false;plains;7
4252;215;141;1;land;false;desert;7
4253;251;144;1;land;false;desert;7
4254;221;121;1;land;false;desert;7
4255;223;151;1;land;false;desert;7
4256;219;124;1;land;false;desert;7
4257;8;218;1;land;false;plains;7
4258;27;211;1;land;false;plains;7
4259;22;229;1;land;false;desert;7
4260;35;250;1;land;false;desert;7
4261;24;207;1;land;false;desert;7
4262;160;172;1;land;false;plains;7
4263;204;126;1;land;false;urban;7
4264;197;136;1;land;false;plains;7
4265;182;223;1;land;true;mountain;7
4266;185;251;1;land;true;forest;7
4267;172;237;1;land;false;forest;7
4268;174;229;1;land;true;forest;7
4269;187;221;1;land;true;mountain;7
4270;212;230;1;land;true;mountain;7
4271;38;134;1;land;false;plains;7
4272;4;147;1;land;false;plains;7
4273;35;170;1;land;false;plains;7
4274;20;164;1;land;false;plains;7
4275;69;230;1;land;false;plains;7
4276;35;229;1;land;false;plains;7
4277;0;234;1;land;false;plains;7
4278;42;239;1;land;false;plains;7
4279;46;229;1;land;false;plains;7
4280;116;141;1;land;false;plains;7
4281;120;148;1;land;false;plains;7
4282;89;84;1;land;false;plains;7
4283;65;86;1;land;false;desert;7
4284;116;109;1;land;false;urban;7
4285;110;123;1;land;false;plains;7
4286;76;116;1;land;false;urban;7
4287;108;126;1;land;false;desert;7
4288;90;111;1;land;false;plains;7
4289;110;119;1;land;false;desert;7
4290;60;72;1;land;false;plains;7
4291;82;229;1;land;false;desert;7
4292;75;254;1;land;false;desert;7
4293;80;199;1;land;false;desert;7
4294;104;253;1;land;false;desert;7
4295;224;150;1;land;false;desert;7
4296;202;106;1;land;false;desert;7
4297;194;112;1;land;false;desert;7
4298;222;76;1;land;false;desert;7
4299;204;150;1;land;false;desert;7
4300;190;117;1;land;false;desert;7
4301;233;131;1;land;false;desert;7
4302;172;84;1;land;false;desert;7
4303;205;144;1;land;false;desert;7
4304;171;121;1;land;false;desert;7
4305;164;144;1;land;false;desert;7
4306;218;138;1;land;false;desert;7
4307;192;74;1;land;false;desert;7
4308;232;133;1;land;false;desert;7
4309;232;81;1;land;false;desert;7
4310;201;215;1;land;false;mountain;7
4311;195;213;1;land;false;hills;7
4312;210;224;1;land;false;hills;7
4313;236;210;1;land;false;mountain;7
4314;14;116;1;land;false;forest;7
4315;29;73;1;land;false;forest;7
4316;31;68;1;land;false;forest;7
4317;38;75;1;land;false;forest;7
4318;36;162;1;land;false;plains;7
4319;11;182;1;land;false;plains;7
4320;31;225;1;land;false;plains;7
4321;37;191;1;land;false;plains;7
4322;85;101;1;land;false;plains;7
4323;146;100;1;land;false;plains;7
4324;133;54;1;land;false;plains;7
4325;154;185;1;land;false;plains;7
4326;96;175;1;land;false;plains;7
4327;120;181;1;land;false;plains;7
4328;85;161;1;land;false;plains;7
4329;133;176;1;land;false;plains;7
4330;142;232;1;land;false;plains;7
4331;123;170;1;land;false;plains;7
4332;89;169;1;land;false;plains;7
4333;108;202;1;land;false;plains;7
4334;132;190;1;land;false;plains;7
4335;127;223;1;land;false;plains;7
4336;151;161;1;land;false;hills;7
4337;83;238;1;land;false;plains;7
4338;120;212;1;land;false;plains;7
4339;152;81;1;land;false;plains;7
4340;208;87;1;land;false;desert;7
4341;203;92;1;land;false;desert;7
4342;166;22;1;land;false;desert;7
4343;218;161;1;land;false;hills;7
4344;188;153;1;land;false;hills;7
4345;230;131;1;land;false;plains;7
4346;37;53;1;land;true;plains;7
4347;48;61;1;land;true;plains;7
4348;14;185;1;land;false;plains;7
4349;45;169;1;land;false;plains;7
4350;44;161;1;land;false;plains;7
4351;49;146;1;land;false;plains;7
4352;25;208;1;land;false;desert;7
4353;47;208;1;land;false;plains;7
4354;75;189;1;land;false;plains;7
4355;41;184;1;land;false;plains;7
4356;65;165;1;land;false;plains;7
4357;8;170;1;land;false;plains;7
4358;13;163;1;land;false;plains;7
4359;36;206;1;land;false;plains;7
4360;44;183;1;land;false;desert;7
4361;60;190;1;land;false;plains;7
4362;23;181;1;land;false;desert;7
4363;53;153;1;land;false;plains;7
4364;5;160;1;land;false;plains;7
4365;206;228;1;land;false;hills;7
4366;206;230;1;land;false;plains;7
4367;247;86;1;land;false;plains;7
4368;234;89;1;land;false;urban;7
4369;218;89;1;land;false;plains;7
4370;245;80;1;land;false;urban;7
4371;129;253;1;land;false;desert;7
4372;111;231;1;land;false;desert;7
4373;83;240;1;land;false;plains;7
4374;138;70;1;land;false;plains;7
4375;121;130;1;land;false;plains;7
4376;89;121;1;land;false;plains;7
4377;102;140;1;land;false;plains;7
4378;102;97;1;land;false;plains;7
4379;78;89;1;land;false;plains;7
4380;74;70;1;land;false;plains;7
4381;152;189;1;land;false;plains;7
4382;186;214;1;land;false;plains;7
4383;133;217;1;land;false;plains;7
4384;193;194;1;land;false;plains;7
4385;170;228;1;land;false;plains;7
4386;178;198;1;land;false;plains;7
4387;123;179;1;land;false;plains;7
4388;145;44;1;land;false;desert;7
4389;162;109;1;land;false;desert;7
4390;178;54;1;land;false;desert;7
4391;147;82;1;land;false;desert;7
4392;150;87;1;land;false;desert;7
4393;188;89;1;land;false;desert;7
4394;174;61;1;land;false;desert;7
4395;204;109;1;land;false;desert;7
4396;150;42;1;land;false;desert;7
4397;156;85;1;land;false;desert;7
4398;183;83;1;land;false;desert;7
4399;38;195;1;land;false;plains;7
4400;21;239;1;land;false;plains;7
4401;3;214;1;land;false;plains;7
4402;38;201;1;land;false;plains;7
4403;19;215;1;land;false;urban;7
4404;25;116;1;land;false;plains;7
4405;63;191;1;land;false;forest;7
4406;41;206;1;land;false;forest;7
4407;114;179;1;land;false;forest;7
4408;43;153;1;land;false;forest;7
4409;57;157;1;land;false;urban;7
4410;76;37;1;land;true;mountain;7
4411;195;183;1;land;false;desert;7
4412;169;166;1;land;false;desert;7
4413;181;205;1;land;false;desert;7
4414;175;203;1;land;false;desert;7
4415;158;70;1;land;true;plains;7
4416;229;40;1;land;false;plains;7
4417;182;53;1;land;false;plains;7
4418;229;86;1;land;true;plains;7
4419;163;55;1;land;false;plains;7
4420;164;46;1;land;false;plains;7
4421;177;74;1;land;false;desert;7
4422;201;49;1;land;false;plains;7
4423;156;69;1;land;false;plains;7
4424;223;202;1;land;false;plains;7
4425;253;130;1;land;false;plains;7
4426;226;146;1;land;false;plains;7
4427;238;154;1;land;false;plains;7
4428;241;156;1;land;false;plains;7
4429;39;37;1;land;true;hills;7
4430;47;48;1;land;true;plains;7
4431;28;38;1;land;true;plains;7
4432;38;43;1;land;true;plains;7
4433;48;10;1;land;false;plains;7
4434;22;38;1;land;false;mountain;7
4435;46;28;1;land;true;mountain;7
4436;2;41;1;land;false;mountain;7
4437;46;35;1;land;false;hills;7
4438;1;35;1;land;true;hills;7
4439;130;196;1;land;false;desert;7
4440;92;157;1;land;false;desert;7
4441;89;181;1;land;false;desert;7
4442;93;205;1;land;false;desert;7
4443;118;168;1;land;false;desert;7
4444;138;194;1;land;false;desert;7
4445;115;195;1;land;false;desert;7
4446;71;171;1;land;false;desert;7
4447;67;146;1;land;false;desert;7
4448;127;158;1;land;false;desert;7
4449;88;168;1;land;false;desert;7
4450;69;163;1;land;false;desert;7
4451;115;130;1;land;false;desert;7
4452;90;166;1;land;false;desert;7
4453;135;182;1;land;false;desert;7
4454;114;40;1;land;false;plains;7
4455;117;60;1;land;false;plains;7
4456;105;12;1;land;false;plains;7
4457;100;60;1;land;false;plains;7
4458;90;57;1;land;false;plains;7
4459;80;63;1;land;false;plains;7
4460;139;35;1;land;false;plains;7
4461;109;32;1;land;false;plains;7
4462;131;2;1;land;false;plains;7
4463;75;48;1;land;false;plains;7
4464;85;45;1;land;false;plains;7
4465;89;65;1;land;false;plains;7
4466;132;39;1;land;false;plains;7
4467;150;5;1;land;false;plains;7
4468;143;65;1;land;false;plains;7
4469;149;24;1;land;false;plains;7
4470;121;57;1;land;false;plains;7
4471;103;17;1;land;false;plains;7
4472;132;41;1;land;false;plains;7
4473;91;40;1;land;false;plains;7
4474;76;0;1;land;false;plains;7
4475;108;58;1;land;false;plains;7
4476;93;34;1;land;false;plains;7
4477;88;33;1;land;false;plains;7
4478;120;37;1;land;false;desert;7
4479;102;15;1;land;false;desert;7
4480;157;68;1;land;false;desert;7
4481;133;42;1;land;false;plains;7
4482;150;142;1;land;false;hills;7
4483;248;2;1;land;false;plains;7
4484;185;6;1;land;false;plains;7
4485;206;71;1;land;false;plains;7
4486;195;62;1;land;false;urban;7
4487;236;140;1;land;false;plains;7
4488;37;15;1;land;false;hills;7
4489;23;36;1;land;false;hills;7
4490;60;13;1;land;false;desert;7
4491;28;0;1;land;false;hills;7
4492;23;39;1;land;false;desert;7
4493;30;17;1;land;false;plains;7
4494;68;12;1;land;false;plains;7
4495;1;10;1;land;false;plains;7
4496;52;13;1;land;false;hills;7
4497;61;12;1;land;false;plains;7
4498;42;123;1;land;false;desert;7
4499;16;111;1;land;false;desert;7
4500;61;137;1;land;false;desert;7
4501;103;0;1;land;false;mountain;7
4502;157;0;1;land;false;mountain;7
4503;127;83;1;land;false;plains;7
4504;130;122;1;land;false;desert;7
4505;188;142;1;land;false;desert;7
4506;132;148;1;land;false;plains;7
4507;184;80;1;land;false;desert;7
4508;164;131;1;land;false;desert;7
4509;115;131;1;land;false;plains;7
4510;116;140;1;land;false;desert;7
4511;136;115;1;land;false;plains;7
4512;159;89;1;land;false;desert;7
4513;181;110;1;land;false;desert;7
4514;134;139;1;land;false;desert;7
4515;121;114;1;land;false;desert;7
4516;188;104;1;land;false;plains;7
4517;131;88;1;land;false;desert;7
4518;182;82;1;land;false;desert;7
4519;234;59;1;land;false;desert;7
4520;217;111;1;land;false;desert;7
4521;232;90;1;land;false;desert;7
4522;239;92;1;land;false;desert;7
4523;251;58;1;land;false;desert;7
4524;185;87;1;land;false;desert;7
4525;192;69;1;land;false;desert;7
4526;203;110;1;land;false;desert;7
4527;186;113;1;land;false;desert;7
4528;226;105;1;land;false;desert;7
4529;235;68;1;land;false;desert;7
4530;26;193;1;land;false;plains;7
4531;60;216;1;land;false;plains;7
4532;93;62;1;land;false;plains;7
4533;43;82;1;land;false;plains;7
4534;38;132;1;land;false;hills;7
4535;71;57;1;land;false;plains;7
4536;103;54;1;land;false;plains;7
4537;58;74;1;land;false;plains;7
4538;92;104;1;land;false;plains;7
4539;72;113;1;land;false;hills;7
4540;41;112;1;land;false;plains;7
4541;97;70;1;land;false;plains;7
4542;103;93;1;land;false;plains;7
4543;47;79;1;land;false;plains;7
4544;95;96;1;land;false;plains;7
4545;103;97;1;land;false;desert;7
4546;50;59;1;land;false;plains;7
4547;107;69;1;land;false;plains;7
4548;104;131;1;land;false;plains;7
4549;97;111;1;land;false;plains;7
4550;159;232;1;land;false;desert;7
4551;135;227;1;land;false;desert;7
4552;98;201;1;land;false;desert;7
4553;159;224;1;land;false;desert;7
4554;148;215;1;land;false;desert;7
4555;163;72;1;land;false;plains;7
4556;125;68;1;land;false;plains;7
4557;174;45;1;land;false;plains;7
4558;164;67;1;land;false;plains;7
4559;178;61;1;land;false;plains;7
4560;139;45;1;land;false;plains;7
4561;103;96;1;land;false;plains;7
4562;107;90;1;land;false;plains;7
4563;122;30;1;land;false;plains;7
4564;155;52;1;land;false;plains;7
4565;125;81;1;land;false;plains;7
4566;170;66;1;land;false;plains;7
4567;141;50;1;land;false;plains;7
4568;156;56;1;land;false;plains;7
4569;209;167;1;land;true;hills;7
4570;230;52;1;land;false;desert;7
4571;234;90;1;land;false;plains;7
4572;251;35;1;land;false;plains;7
4573;226;26;1;land;false;plains;7
4574;219;28;1;land;false;plains;7
4575;209;63;1;land;false;plains;7
4576;207;98;1;land;false;plains;7
4577;239;100;1;land;false;plains;7
4578;242;92;1;land;false;plains;7
4579;248;84;1;land;false;plains;7
4580;229;91;1;land;false;plains;7
4581;206;93;1;land;false;plains;7
4582;244;76;1;land;false;desert;7
4583;212;48;1;land;false;plains;7
4584;240;99;1;land;false;desert;7
4585;253;59;1;land;false;plains;7
4586;250;98;1;land;false;plains;7
4587;240;84;1;land;false;desert;7
4588;223;137;1;land;false;plains;7
4589;196;161;1;land;false;plains;7
4590;184;175;1;land;false;plains;7
4591;225;130;1;land;false;plains;7
4592;162;232;1;land;false;plains;7
4593;31;169;1;land;false;plains;7
4594;62;150;1;land;false;plains;7
4595;70;145;1;land;false;plains;7
4596;72;102;1;land;false;desert;7
4597;65;136;1;land;false;desert;7
4598;24;113;1;land;false;desert;7
4599;47;129;1;land;false;plains;7
4600;22;115;1;land;false;plains;7
4601;3;156;1;land;false;plains;7
4602;7;123;1;land;false;desert;7
4603;57;175;1;land;false;hills;7
4604;2;130;1;land;false;desert;7
4605;50;12;1;land;false;plains;7
4606;67;29;1;land;false;plains;7
4607;78;22;1;land;false;plains;7
4608;109;124;1;land;false;hills;7
4609;136;213;1;land;false;desert;7
4610;85;208;1;land;false;plains;7
4611;82;214;1;land;false;urban;7
4612;130;190;1;land;false;plains;7
4613;110;187;1;land;false;plains;7
4614;140;243;1;land;false;plains;7
4615;144;218;1;land;false;hills;7
4616;245;83;1;land;true;desert;7
4617;225;103;1;land;false;desert;7
4618;233;127;1;land;false;desert;7
4619;214;76;1;land;false;desert;7
4620;204;152;1;land;true;desert;7
4621;231;101;1;land;false;desert;7
4622;188;138;1;land;false;desert;7
4623;181;82;1;land;false;desert;7
4624;210;77;1;land;false;desert;7
4625;239;120;1;land;true;desert;7
4626;222;78;1;land;false;desert;7
4627;245;81;1;land;true;desert;7
4628;231;113;1;land;false;desert;7
4629;244;86;1;land;false;desert;7
4630;201;138;1;land;false;desert;7
4631;193;144;1;land;false;desert;7
4632;195;251;1;land;true;mountain;7
4633;231;221;1;land;true;hills;7
4634;217;202;1;land;false;plains;7
4635;197;232;1;land;false;hills;7
4636;228;242;1;land;true;hills;7
4637;250;239;1;land;false;plains;7
4638;202;204;1;land;false;forest;7
4639;187;233;1;land;false;plains;7
4640;244;212;1;land;true;mountain;7
4641;58;111;1;land;false;desert;7
4642;6;67;1;land;false;desert;7
4643;65;209;1;land;false;desert;7
4644;39;177;1;land;false;hills;7
4645;54;161;1;land;false;hills;7
4646;152;73;1;land;false;plains;7
4647;96;58;1;land;false;plains;7
4648;160;103;1;land;false;hills;7
4649;124;106;1;land;false;plains;7
4650;152;77;1;land;false;plains;7
4651;170;84;1;land;false;hills;7
4652;92;103;1;land;false;mountain;7
4653;138;236;1;land;false;plains;7
4654;125;184;1;land;false;plains;7
4655;142;215;1;land;false;hills;7
4656;116;224;1;land;false;plains;7
4657;164;191;1;land;false;plains;7
4658;174;204;1;land;false;plains;7
4659;176;210;1;land;false;plains;7
4660;149;233;1;land;false;hills;7
4661;103;228;1;land;false;plains;7
4662;158;168;1;land;false;plains;7
4663;181;231;1;land;false;plains;7
4664;173;189;1;land;false;plains;7
4665;174;219;1;land;false;plains;7
4666;111;168;1;land;false;plains;7
4667;109;226;1;land;false;plains;7
4668;160;37;1;land;false;plains;7
4669;192;80;1;land;false;plains;7
4670;206;54;1;land;false;plains;7
4671;223;67;1;land;false;plains;7
4672;194;48;1;land;false;plains;7
4673;238;51;1;land;false;plains;7
4674;233;39;1;land;false;plains;7
4675;219;166;1;land;false;plains;7
4676;184;206;1;land;false;hills;7
4677;229;161;1;land;false;urban;7
4678;186;168;1;land;false;urban;7
4679;247;134;1;land;false;urban;7
4680;226;156;1;land;false;plains;7
4681;60;96;1;land;false;desert;7
4682;41;60;1;land;false;desert;7
4683;47;56;1;land;false;plains;7
4684;25;61;1;land;false;desert;7
4685;59;47;1;land;false;desert;7
4686;33;92;1;land;false;plains;7
4687;50;78;1;land;false;plains;7
4688;47;160;1;land;false;desert;7
4689;48;202;1;land;false;desert;7
4690;83;182;1;land;false;desert;7
4691;99;147;1;land;false;desert;7
4692;21;210;1;land;false;desert;7
4693;24;193;1;land;false;desert;7
4694;53;157;1;land;false;desert;7
4695;45;174;1;land;false;desert;7
4696;207;77;1;land;false;desert;7
4697;232;84;1;land;false;desert;7
4698;197;72;1;land;false;desert;7
4699;202;78;1;land;false;desert;7
4700;241;35;1;land;false;desert;7
4701;249;70;1;land;false;desert;7
4702;210;29;1;land;false;desert;7
4703;203;103;1;land;false;desert;7
4704;248;47;1;land;false;desert;7
4705;230;100;1;land;false;desert;7
4706;204;51;1;land;false;desert;7
4707;225;33;1;land;false;desert;7
4708;196;80;1;land;false;desert;7
4709;204;210;1;land;false;plains;7
4710;253;176;1;land;false;plains;7
4711;57;82;1;land;false;desert;7
4712;91;31;1;land;false;hills;7
4713;65;148;1;land;true;plains;7
4714;128;222;1;land;false;desert;7
4715;103;208;1;land;false;desert;7
4716;117;59;1;land;false;plains;7
4717;116;41;1;land;false;plains;7
4718;159;16;1;land;false;plains;7
4719;181;66;1;land;false;plains;7
4720;150;34;1;land;false;plains;7
4721;146;56;1;land;false;plains;7
4722;143;64;1;land;false;plains;7
4723;191;137;1;land;false;hills;7
4724;245;64;1;land;false;mountain;7
4725;214;80;1;land;false;mountain;7
4726;226;41;1;land;false;hills;7
4727;213;65;1;land;false;hills;7
4728;25;9;1;land;false;plains;7
4729;52;3;1;land;false;desert;7
4730;90;14;1;land;false;desert;7
4731;104;29;1;land;false;desert;7
4732;51;7;1;land;false;desert;7
4733;80;12;1;land;false;desert;7
4734;81;36;1;land;false;plains;7
4735;72;160;1;land;false;forest;7
4736;67;95;1;land;true;hills;7
4737;99;152;1;land;false;hills;7
4738;184;1;1;land;false;hills;7
4739;195;96;1;land;true;plains;7
4740;186;153;1;land;true;plains;7
4741;158;142;1;land;true;plains;7
4742;155;155;1;land;false;plains;7
4743;247;235;1;land;true;plains;7
4744;220;67;1;land;false;plains;7
4745;253;95;1;land;false;plains;7
4746;243;109;1;land;false;plains;7
4747;230;77;1;land;false;plains;7
4748;64;234;1;land;false;plains;7
4749;132;98;1;land;false;plains;7
4750;126;120;1;land;false;plains;7
4751;136;116;1;land;false;plains;7
4752;78;65;1;land;false;plains;7
4753;132;69;1;land;false;plains;7
4754;136;95;1;land;false;plains;7
4755;78;150;1;land;false;hills;7
4756;70;178;1;land;false;plains;7
4757;69;141;1;land;false;plains;7
4758;43;175;1;land;false;plains;7
4759;63;188;1;land;false;plains;7
4760;33;73;1;land;false;plains;7
4761;64;41;1;land;false;plains;7
4762;65;23;1;land;false;plains;7
4763;133;170;1;land;false;desert;7
4764;178;166;1;land;false;desert;7
4765;185;177;1;land;false;desert;7
4766;152;195;1;land;false;desert;7
4767;177;154;1;land;false;desert;7
4768;143;157;1;land;false;desert;7
4769;166;187;1;land;false;desert;7
4770;139;201;1;land;false;desert;7
4771;185;191;1;land;false;desert;7
4772;185;76;1;land;true;plains;7
4773;151;20;1;land;false;plains;7
4774;138;23;1;land;false;forest;7
4775;145;14;1;land;true;plains;7
4776;147;67;1;land;true;forest;7
4777;176;0;1;land;true;plains;7
4778;232;182;1;land;false;hills;7
4779;182;184;1;land;false;desert;7
4780;181;134;1;land;false;plains;7
4781;206;37;1;land;false;plains;7
4782;246;17;1;land;false;plains;7
4783;201;9;1;land;false;desert;7
4784;88;176;1;land;false;hills;7
4785;90;126;1;land;false;desert;7
4786;103;120;1;land;false;plains;7
4787;82;139;1;land;false;plains;7
4788;92;176;1;land;false;plains;7
4789;37;171;1;land;false;plains;7
4790;35;184;1;land;false;desert;7
4791;38;161;1;land;false;hills;7
4792;65;115;1;land;false;plains;7
4793;88;154;1;land;false;hills;7
4794;40;112;1;land;false;hills;7
4795;74;142;1;land;false;plains;7
4796;51;149;1;land;false;mountain;7
4797;28;153;1;land;false;mountain;7
4798;31;138;1;land;false;plains;7
4799;56;136;1;land;false;plains;7
4800;67;128;1;land;false;hills;7
4801;92;188;1;land;false;hills;7
4802;55;20;1;land;false;desert;7
4803;139;144;1;land;false;desert;7
4804;173;86;1;land;false;desert;7
4805;122;95;1;land;false;desert;7
4806;139;153;1;land;false;desert;7
4807;108;141;1;land;false;desert;7
4808;150;196;1;land;false;plains;7
4809;158;235;1;land;false;hills;7
4810;204;83;1;land;false;plains;7
4811;222;109;1;land;false;urban;7
4812;233;158;1;land;false;plains;7
4813;206;84;1;land;false;plains;7
4814;219;106;1;land;false;urban;7
4815;222;90;1;land;false;plains;7
4816;225;235;1;land;false;desert;7
4817;215;234;1;land;false;desert;7
4818;231;245;1;land;false;desert;7
4819;247;211;1;land;false;desert;7
4820;247;246;1;land;false;desert;7
4821;216;249;1;land;false;desert;7
4822;225;237;1;land;false;desert;7
4823;242;233;1;land;false;desert;7
4824;216;207;1;land;false;desert;7
4825;56;119;1;land;false;plains;7
4826;76;126;1;land;false;plains;7
4827;52;106;1;land;false;plains;7
4828;46;101;1;land;false;forest;7
4829;22;83;1;land;false;forest;7
4830;52;222;1;land;false;plains;7
4831;45;182;1;land;false;plains;7
4832;189;93;1;land;false;hills;7
4833;83;80;1;land;true;plains;7
4834;112;99;1;land;true;plains;7
4835;96;112;1;land;true;plains;7
4836;116;121;1;land;false;plains;7
4837;108;185;1;land;false;plains;7
4838;99;180;1;land;false;plains;7
4839;86;244;1;land;false;plains;7
4840;59;230;1;land;true;plains;7
4841;126;241;1;land;false;plains;7
4842;201;96;1;land;false;plains;7
4843;169;138;1;land;false;desert;7
4844;169;115;1;land;false;plains;7
4845;166;117;1;land;false;desert;7
4846;171;225;1;land;false;desert;7
4847;168;222;1;land;false;desert;7
4848;224;192;1;land;false;desert;7
4849;160;183;1;land;false;desert;7
4850;198;219;1;land;false;desert;7
4851;227;213;1;land;false;desert;7
4852;212;217;1;land;false;desert;7
4853;230;224;1;land;false;desert;7
4854;236;204;1;land;false;desert;7
4855;175;246;1;land;false;desert;7
4856;204;233;1;land;false;desert;7
4857;36;90;1;land;true;mountain;7
4858;39;188;1;land;false;desert;7
4859;23;212;1;land;false;desert;7
4860;20;150;1;land;false;desert;7
4861;83;103;1;land;true;hills;7
4862;79;73;1;land;true;plains;7
4863;102;166;1;land;false;desert;7
4864;78;207;1;land;false;desert;7
4865;89;201;1;land;false;desert;7
4866;175;13;1;land;false;plains;7
4867;206;23;1;land;false;hills;7
4868;196;53;1;land;false;plains;7
4869;205;68;1;land;false;plains;7
4870;171;190;1;land;false;hills;7
4871;198;181;1;land;false;hills;7
4872;196;135;1;land;false;hills;7
4873;179;194;1;land;false;hills;7
4874;39;18;1;land;false;plains;7
4875;35;79;1;land;true;plains;7
4876;55;77;1;land;false;urban;7
4877;13;39;1;land;false;plains;7
4878;20;76;1;land;true;plains;7
4879;32;165;1;land;true;plains;7
4880;18;161;1;land;false;plains;7
4881;22;145;1;land;false;hills;7
4882;6;161;1;land;true;plains;7
4883;35;171;1;land;true;hills;7
4884;57;7;1;land;false;mountain;7
4885;107;171;1;land;false;hills;7
4886;164;5;1;land;false;hills;7
4887;178;30;1;land;false;hills;7
4888;194;170;1;land;false;plains;7
4889;191;147;1;land;false;forest;7
4890;219;127;1;land;true;plains;7
4891;217;123;1;land;true;plains;7
4892;247;158;1;land;false;plains;7
4893;248;160;1;land;true;plains;7
4894;171;129;1;land;false;plains;7
4895;116;197;1;land;false;plains;7
4896;118;250;1;land;false;plains;7
4897;120;218;1;land;false;plains;7
4898;147;212;1;land;false;plains;7
4899;131;216;1;land;false;plains;7
4900;193;77;1;land;false;desert;7
4901;181;85;1;land;false;desert;7
4902;189;82;1;land;false;plains;7
4903;137;55;1;land;false;desert;7
4904;169;36;1;land;true;mountain;7
4905;17;219;1;land;false;plains;7
4906;28;228;1;land;false;plains;7
4907;25;202;1;land;false;plains;7
4908;26;204;1;land;false;plains;7
4909;27;204;1;land;false;plains;7
4910;33;220;1;land;false;plains;7
4911;21;250;1;land;false;plains;7
4912;41;203;1;land;false;plains;7
4913;6;201;1;land;false;plains;7
4914;27;41;1;land;false;desert;7
4915;31;67;1;land;false;desert;7
4916;3;73;1;land;false;hills;7
4917;17;105;1;land;false;desert;7
4918;94;209;1;land;true;mountain;7
4919;101;218;1;land;true;plains;7
4920;103;79;1;land;false;desert;7
4921;49;34;1;land;false;mountain;7
4922;215;184;1;land;true;plains;7
4923;161;193;1;land;true;mountain;7
4924;212;198;1;land;false;urban;7
4925;174;184;1;land;true;plains;7
4926;202;205;1;land;false;urban;7
4927;212;71;1;land;false;hills;7
4928;215;58;1;land;false;hills;7
4929;161;34;1;land;false;mountain;7
4930;229;57;1;land;false;hills;7
4931;152;27;1;land;false;plains;7
4932;170;79;1;land;false;hills;7
4933;178;66;1;land;false;plains;7
4934;185;78;1;land;false;hills;7
4935;182;68;1;land;false;hills;7
4936;157;78;1;land;false;plains;7
4937;171;51;1;land;false;hills;7
4938;199;64;1;land;false;plains;7
4939;225;135;1;land;false;plains;7
4940;213;174;1;land;false;plains;7
4941;234;182;1;land;false;forest;7
4942;242;135;1;land;false;forest;7
4943;242;162;1;land;false;forest;7
4944;226;153;1;land;false;forest;7
4945;20;40;1;land;true;hills;7
4946;36;39;1;land;false;plains;7
4947;69;172;1;land;true;desert;7
4948;113;180;1;land;false;desert;7
4949;84;162;1;land;false;desert;7
4950;79;152;1;land;false;desert;7
4951;91;178;1;land;true;desert;7
4952;65;172;1;land;false;desert;7
4953;123;57;1;land;false;hills;7
4954;85;5;1;land;false;plains;7
4955;159;166;1;land;false;hills;7
4956;136;92;1;land;false;desert;7
4957;126;154;1;land;false;hills;7
4958;202;236;1;land;false;plains;7
4959;147;235;1;land;false;plains;7
4960;153;242;1;land;false;plains;7
4961;214;236;1;land;false;plains;7
4962;195;234;1;land;false;plains;7
4963;160;230;1;land;false;plains;7
4964;212;239;1;land;false;plains;7
4965;203;221;1;land;false;plains;7
4966;216;246;1;land;false;plains;7
4967;176;227;1;land;false;plains;7
4968;216;242;1;land;false;plains;7
4969;29;134;1;land;false;desert;7
4970;22;122;1;land;false;plains;7
4971;4;131;1;land;false;plains;7
4972;36;249;1;land;false;plains;7
4973;21;224;1;land;false;plains;7
4974;28;243;1;land;false;plains;7
4975;49;220;1;land;false;plains;7
4976;65;234;1;land;false;plains;7
4977;20;236;1;land;false;plains;7
4978;161;140;1;land;true;plains;7
4979;188;252;1;land;false;hills;7
4980;228;227;1;land;false;hills;7
4981;222;234;1;land;false;hills;7
4982;245;217;1;land;false;desert;7
4983;172;250;1;land;false;hills;7
4984;76;125;1;land;false;desert;7
4985;12;131;1;land;false;desert;7
4986;17;177;1;land;false;desert;7
4987;14;164;1;land;false;desert;7
4988;57;125;1;land;false;desert;7
4989;68;174;1;land;false;desert;7
4990;76;118;1;land;true;hills;7
4991;76;101;1;land;false;desert;7
4992;14;112;1;land;false;desert;7
4993;44;134;1;land;false;hills;7
4994;56;13;1;land;false;plains;7
4995;108;110;1;land;false;plains;7
4996;149;148;1;land;false;plains;7
4997;126;111;1;land;false;plains;7
4998;111;126;1;land;false;plains;7
4999;142;84;1;land;false;urban;7
5000;89;236;1;land;false;hills;7
5001;155;229;1;land;false;desert;7
5002;84;244;1;land;false;desert;7
5003;242;119;1;land;false;plains;7
5004;245;116;1;land;false;plains;7
5005;204;138;1;land;false;plains;7
5006;200;106;1;land;false;plains;7
5007;205;126;1;land;false;plains;7
5008;192;216;1;land;false;plains;7
5009;220;245;1;land;false;plains;7
5010;198;242;1;land;false;plains;7
5011;193;249;1;land;false;plains;7
5012;194;234;1;land;false;plains;7
5013;15;99;1;land;false;plains;7
5014;32;97;1;land;false;plains;7
5015;23;91;1;land;false;hills;7
5016;47;67;1;land;false;plains;7
5017;7;118;1;land;false;plains;7
5018;16;62;1;land;false;plains;7
5019;55;106;1;land;false;hills;7
5020;78;208;1;land;false;hills;7
5021;32;159;1;land;false;plains;7
5022;103;108;1;land;false;plains;7
5023;136;65;1;land;false;plains;7
5024;100;66;1;land;false;plains;7
5025;171;64;1;land;false;plains;7
5026;170;60;1;land;false;plains;7
5027;138;90;1;land;false;plains;7
5028;160;104;1;land;false;plains;7
5029;133;96;1;land;false;desert;7
5030;154;123;1;land;false;plains;7
5031;111;47;1;land;false;plains;7
5032;122;96;1;land;false;plains;7
5033;171;110;1;land;false;plains;7
5034;174;84;1;land;false;plains;7
5035;166;105;1;land;false;desert;7
5036;161;196;1;land;false;plains;7
5037;137;220;1;land;false;plains;7
5038;181;169;1;land;false;plains;7
5039;120;232;1;land;false;plains;7
5040;144;216;1;land;true;plains;7
5041;145;228;1;land;false;plains;7
5042;198;93;1;land;false;plains;7
5043;171;92;1;land;false;plains;7
5044;199;49;1;land;false;desert;7
5045;183;44;1;land;false;plains;7
5046;205;173;1;land;false;plains;7
5047;209;133;1;land;false;forest;7
5048;188;158;1;land;false;hills;7
5049;197;181;1;land;false;plains;7
5050;210;187;1;land;false;hills;7
5051;189;151;1;land;false;hills;7
5052;213;157;1;land;false;hills;7
5053;78;90;1;land;false;plains;7
5054;70;21;1;land;false;plains;7
5055;37;90;1;land;false;plains;7
5056;28;43;1;land;false;plains;7
5057;52;45;1;land;false;plains;7
5058;71;158;1;land;false;plains;7
5059;91;134;1;land;false;plains;7
5060;93;135;1;land;false;plains;7
5061;88;171;1;land;false;plains;7
5062;33;205;1;land;false;plains;7
5063;95;208;1;land;false;plains;7
5064;103;137;1;land;false;plains;7
5065;90;206;1;land;false;plains;7
5066;35;164;1;land;false;plains;7
5067;37;160;1;land;false;plains;7
5068;68;155;1;land;false;plains;7
5069;72;174;1;land;false;plains;7
5070;81;187;1;land;false;plains;7
5071;37;187;1;land;false;plains;7
5072;102;156;1;land;false;plains;7
5073;35;231;1;land;true;plains;7
5074;24;254;1;land;true;plains;7
5075;2;211;1;land;true;plains;7
5076;22;254;1;land;true;hills;7
5077;31;207;1;land;true;hills;7
5078;44;217;1;land;true;plains;7
5079;25;229;1;land;true;mountain;7
5080;24;208;1;land;true;hills;7
5081;17;236;1;land;true;plains;7
5082;16;208;1;land;true;plains;7
5083;26;218;1;land;true;plains;7
5084;26;228;1;land;true;mountain;7
5085;25;136;1;land;false;desert;7
5086;24;138;1;land;false;desert;7
5087;1;118;1;land;false;desert;7
5088;135;240;1;land;false;plains;7
5089;105;243;1;land;false;plains;7
5090;81;229;1;land;false;plains;7
5091;125;227;1;land;false;plains;7
5092;111;240;1;land;false;plains;7
5093;152;238;1;land;false;plains;7
5094;123;249;1;land;false;plains;7
5095;104;237;1;land;false;plains;7
5096;104;212;1;land;false;plains;7
5097;148;231;1;land;false;hills;7
5098;90;240;1;land;false;plains;7
5099;114;143;1;land;false;desert;7
5100;98;141;1;land;false;desert;7
5101;166;82;1;land;false;desert;7
5102;100;82;1;land;false;desert;7
5103;179;205;1;land;true;desert;7
5104;167;212;1;land;false;plains;7
5105;223;60;1;land;false;hills;7
5106;218;68;1;land;false;plains;7
5107;228;99;1;land;false;plains;7
5108;161;73;1;land;false;plains;7
5109;182;87;1;land;false;plains;7
5110;182;59;1;land;false;desert;7
5111;233;48;1;land;false;hills;7
5112;173;105;1;land;false;hills;7
5113;220;43;1;land;false;plains;7
5114;209;99;1;land;false;plains;7
5115;163;80;1;land;false;plains;7
5116;42;231;1;land;false;desert;7
5117;6;217;1;land;false;desert;7
5118;51;187;1;land;false;plains;7
5119;34;230;1;land;false;hills;7
5120;34;237;1;land;false;desert;7
5121;59;191;1;land;false;plains;7
5122;67;243;1;land;false;desert;7
5123;22;186;1;land;false;plains;7
5124;12;226;1;land;false;desert;7
5125;57;206;1;land;false;desert;7
5126;64;223;1;land;false;desert;7
5127;38;240;1;land;false;desert;7
5128;65;96;1;land;true;mountain;7
5129;34;67;1;land;false;plains;7
5130;81;50;1;land;false;hills;7
5131;20;80;1;land;true;plains;7
5132;77;162;1;land;false;mountain;7
5133;83;216;1;land;false;plains;7
5134;75;152;1;land;false;plains;7
5135;70;179;1;land;false;plains;7
5136;140;164;1;land;false;plains;7
5137;66;183;1;land;false;plains;7
5138;89;216;1;land;false;hills;7
5139;115;23;1;land;false;desert;7
5140;97;44;1;land;false;desert;7
5141;137;73;1;land;false;desert;7
5142;110;17;1;land;false;desert;7
5143;134;19;1;land;false;desert;7
5144;140;73;1;land;false;desert;7
5145;232;213;1;land;false;plains;7
5146;168;200;1;land;false;urban;7
5147;221;185;1;land;false;plains;7
5148;233;75;1;land;false;desert;7
5149;205;74;1;land;false;desert;7
5150;228;51;1;land;false;desert;7
5151;245;65;1;land;false;desert;7
5152;185;21;1;land;false;desert;7
5153;242;70;1;land;false;desert;7
5154;218;42;1;land;false;desert;7
5155;26;143;1;land;false;plains;7
5156;43;133;1;land;false;plains;7
5157;40;161;1;land;false;desert;7
5158;34;160;1;land;false;hills;7
5159;31;185;1;land;false;desert;7
5160;51;126;1;land;false;plains;7
5161;35;40;1;land;true;plains;7
5162;29;30;1;land;true;mountain;7
5163;53;33;1;land;true;plains;7
5164;63;1;1;land;true;plains;7
5165;0;3;1;land;true;plains;7
5166;51;5;1;land;true;plains;7
5167;2;11;1;land;true;plains;7
5168;34;42;1;land;true;plains;7
5169;25;23;1;land;true;plains;7
5170;71;5;1;land;false;desert;7
5171;138;170;1;land;false;plains;7
5172;144;137;1;land;false;plains;7
5173;117;148;1;land;false;forest;7
5174;120;199;1;land;false;plains;7
5175;100;192;1;land;false;forest;7
5176;122;198;1;land;false;forest;7
5177;154;206;1;land;false;plains;7
5178;114;172;1;land;false;forest;7
5179;156;201;1;land;false;plains;7
5180;154;148;1;land;false;plains;7
5181;95;148;1;land;false;plains;7
5182;103;144;1;land;false;urban;7
5183;124;16;1;land;false;desert;7
5184;179;57;1;land;false;plains;7
5185;119;51;1;land;false;plains;7
5186;111;43;1;land;false;plains;7
5187;137;111;1;land;false;hills;7
5188;99;121;1;land;false;hills;7
5189;26;32;1;land;false;plains;7
5190;68;62;1;land;false;hills;7
5191;94;14;1;land;false;hills;7
5192;88;28;1;land;false;plains;7
5193;16;6;1;land;false;hills;7
5194;28;51;1;land;false;plains;7
5195;176;253;1;land;false;plains;7
5196;179;235;1;land;false;plains;7
5197;181;216;1;land;true;plains;7
5198;158;227;1;land;false;plains;7
5199;142;140;1;land;false;desert;7
5200;199;105;1;land;false;desert;7
5201;197;86;1;land;false;desert;7
5202;173;158;1;land;false;desert;7
5203;170;97;1;land;false;desert;7
5204;160;159;1;land;false;desert;7
5205;198;107;1;land;false;desert;7
5206;156;159;1;land;false;desert;7
5207;197;131;1;land;false;desert;7
5208;172;87;1;land;false;desert;7
5209;117;11;1;land;true;mountain;7
5210;129;8;1;land;false;plains;7
5211;137;40;1;land;false;plains;7
5212;82;36;1;land;false;plains;7
5213;133;55;1;land;false;plains;7
5214;84;102;1;land;false;desert;7
5215;105;83;1;land;false;plains;7
5216;71;123;1;land;false;plains;7
5217;84;103;1;land;false;plains;7
5218;94;149;1;land;false;plains;7
5219;62;96;1;land;false;plains;7
5220;89;78;1;land;false;plains;7
5221;102;116;1;land;false;desert;7
5222;68;136;1;land;false;plains;7
5223;59;103;1;land;false;plains;7
5224;92;87;1;land;false;desert;7
5225;113;87;1;land;false;plains;7
5226;59;97;1;land;false;desert;7
5227;95;88;1;land;false;plains;7
5228;101;99;1;land;false;desert;7
5229;78;125;1;land;false;plains;7
5230;119;77;1;land;false;desert;7
5231;58;136;1;land;false;plains;7
5232;115;96;1;land;false;desert;7
5233;105;141;1;land;false;plains;7
5234;89;86;1;land;false;desert;7
5235;104;121;1;land;false;plains;7
5236;111;129;1;land;false;desert;7
5237;226;248;1;land;false;plains;7
5238;200;235;1;land;true;plains;7
5239;253;194;1;land;false;plains;7
5240;236;225;1;land;true;plains;7
5241;216;230;1;land;false;plains;7
5242;249;245;1;land;false;desert;7
5243;189;51;1;land;false;desert;7
5244;209;53;1;land;false;desert;7
5245;175;73;1;land;false;desert;7
5246;184;105;1;land;false;desert;7
5247;244;65;1;land;false;plains;7
5248;175;220;1;land;true;hills;7
5249;164;125;1;land;false;plains;7
5250;161;120;1;land;false;forest;7
5251;140;71;1;land;false;plains;7
5252;89;125;1;land;false;plains;7
5253;161;143;1;land;false;hills;7
5254;117;86;1;land;false;plains;7
5255;31;181;1;land;false;desert;7
5256;5;168;1;land;false;desert;7
5257;11;211;1;land;false;desert;7
5258;2;163;1;land;false;desert;7
5259;13;207;1;land;false;desert;7
5260;14;47;1;land;false;desert;7
5261;29;54;1;land;false;desert;7
5262;31;40;1;land;false;desert;7
5263;13;49;1;land;false;desert;7
5264;6;85;1;land;false;desert;7
5265;30;57;1;land;false;desert;7
5266;31;56;1;land;false;desert;7
5267;228;187;1;land;false;desert;7
5268;158;85;1;land;false;desert;7
5269;187;30;1;land;false;desert;7
5270;152;25;1;land;false;desert;7
5271;142;26;1;land;false;desert;7
5272;198;55;1;land;false;plains;7
5273;173;22;1;land;false;desert;7
5274;166;67;1;land;false;desert;7
5275;214;132;1;land;false;desert;7
5276;189;108;1;land;false;desert;7
5277;209;105;1;land;false;desert;7
5278;242;128;1;land;false;plains;7
5279;245;107;1;land;false;desert;7
5280;199;203;1;land;false;hills;7
5281;199;250;1;land;false;plains;7
5282;147;93;1;land;false;forest;7
5283;153;104;1;land;false;plains;7
5284;150;135;1;land;false;forest;7
5285;124;109;1;land;false;forest;7
5286;124;41;1;land;true;desert;7
5287;29;118;1;land;false;desert;7
5288;23;68;1;land;false;desert;7
5289;29;60;1;land;false;desert;7
5290;241;250;1;land;true;mountain;7
5291;234;222;1;land;true;hills;7
5292;250;224;1;land;false;plains;7
5293;208;118;1;land;false;plains;7
5294;197;100;1;land;false;desert;7
5295;144;97;1;land;false;hills;7
5296;174;156;1;land;false;hills;7
5297;182;104;1;land;false;plains;7
5298;168;147;1;land;false;hills;7
5299;192;108;1;land;false;plains;7
5300;164;129;1;land;false;desert;7
5301;184;240;1;land;false;urban;7
5302;46;65;1;land;true;mountain;7
5303;48;220;1;land;false;hills;7
5304;245;93;1;land;false;hills;7
5305;252;93;1;land;false;forest;7
5306;221;220;1;land;false;plains;7
5307;188;200;1;land;false;desert;7
5308;213;250;1;land;false;desert;7
5309;165;205;1;land;false;desert;7
5310;200;193;1;land;false;hills;7
5311;194;204;1;land;false;hills;7
5312;158;229;1;land;false;desert;7
5313;178;237;1;land;false;desert;7
5314;182;234;1;land;false;desert;7
5315;178;182;1;land;false;desert;7
5316;59;46;1;land;false;hills;7
5317;77;145;1;land;false;hills;7
5318;107;196;1;land;false;plains;7
5319;65;166;1;land;false;hills;7
5320;100;204;1;land;false;desert;7
5321;40;192;1;land;false;hills;7
5322;24;89;1;land;false;desert;7
5323;220;161;1;land;false;plains;7
5324;241;210;1;land;false;urban;7
5325;230;75;1;land;false;plains;7
5326;230;95;1;land;false;plains;7
5327;242;39;1;land;false;plains;7
5328;221;33;1;land;false;plains;7
5329;221;55;1;land;false;plains;7
5330;244;43;1;land;false;plains;7
5331;250;97;1;land;false;plains;7
5332;225;179;1;land;false;plains;7
5333;224;169;1;land;false;forest;7
5334;242;127;1;land;false;urban;7
5335;133;18;1;land;true;plains;7
5336;165;217;1;land;false;forest;7
5337;112;217;1;land;false;forest;7
5338;32;38;1;land;false;plains;7
5339;20;13;1;land;false;plains;7
5340;28;172;1;land;true;desert;7
5341;249;45;1;land;true;plains;7
5342;202;35;1;land;true;desert;7
5343;217;23;1;land;true;plains;7
5344;195;92;1;land;false;desert;7
5345;247;53;1;land;true;mountain;7
5346;173;29;1;land;false;plains;7
5347;203;84;1;land;true;desert;7
5348;217;20;1;land;false;plains;7
5349;194;27;1;land;false;plains;7
5350;196;79;1;land;false;plains;7
5351;243;72;1;land;false;plains;7
5352;228;88;1;land;true;desert;7
5353;198;81;1;land;false;desert;7
5354;229;33;1;land;false;hills;7
5355;214;28;1;land;true;plains;7
5356;244;14;1;land;true;desert;7
5357;228;75;1;land;false;plains;7
5358;203;16;1;land;true;desert;7
5359;248;45;1;land;true;desert;7
5360;220;29;1;land;false;plains;7
5361;175;18;1;land;true;plains;7
5362;193;80;1;land;false;plains;7
5363;241;73;1;land;false;desert;7
5364;225;17;1;land;false;plains;7
5365;196;84;1;land;true;mountain;7
5366;195;41;1;land;true;mountain;7
5367;160;138;1;land;false;desert;7
5368;170;136;1;land;false;desert;7
5369;107;48;1;land;false;hills;7
5370;86;34;1;land;false;hills;7
5371;97;19;1;land;false;plains;7
5372;80;0;1;land;false;plains;7
5373;125;30;1;land;false;plains;7
5374;91;50;1;land;false;hills;7
5375;120;27;1;land;false;plains;7
5376;49;47;1;land;false;hills;7
5377;74;21;1;land;false;plains;7
5378;120;17;1;land;false;hills;7
5379;93;35;1;land;false;plains;7
5380;120;10;1;land;false;plains;7
5381;124;49;1;land;false;mountain;7
5382;56;48;1;land;false;hills;7
5383;121;23;1;land;false;plains;7
5384;69;138;1;land;false;desert;7
5385;82;73;1;land;false;desert;7
5386;94;140;1;land;false;desert;7
5387;97;140;1;land;false;desert;7
5388;21;28;1;land;false;desert;7
5389;197;126;1;land;true;mountain;7
5390;108;182;1;land;false;forest;7
5391;149;220;1;land;false;forest;7
5392;173;252;1;land;false;forest;7
5393;142;209;1;land;false;forest;7
5394;162;200;1;land;false;forest;7
5395;159;186;1;land;false;forest;7
5396;109;74;1;land;false;desert;7
5397;98;68;1;land;true;desert;7
5398;139;131;1;land;false;desert;7
5399;135;99;1;land;false;desert;7
5400;84;238;1;land;false;desert;7
5401;16;239;1;land;false;desert;7
5402;77;217;1;land;false;desert;7
5403;44;234;1;land;false;plains;7
5404;86;220;1;land;false;desert;7
5405;52;219;1;land;false;desert;7
5406;53;253;1;land;false;desert;7
5407;47;83;1;land;false;plains;7
5408;14;63;1;land;false;plains;7
5409;17;102;1;land;false;plains;7
5410;16;99;1;land;false;plains;7
5411;31;115;1;land;false;hills;7
5412;35;111;1;land;false;hills;7
5413;15;87;1;land;false;hills;7
5414;48;180;1;land;true;plains;7
5415;41;174;1;land;true;plains;7
5416;54;139;1;land;true;plains;7
5417;69;42;1;land;false;desert;7
5418;63;33;1;land;false;desert;7
5419;68;37;1;land;false;desert;7
5420;21;47;1;land;false;desert;7
5421;77;22;1;land;false;desert;7
5422;84;55;1;land;false;desert;7
5423;82;44;1;land;false;desert;7
5424;38;24;1;land;false;desert;7
5425;12;11;1;land;false;desert;7
5426;248;147;1;land;false;mountain;7
5427;235;60;1;land;false;mountain;7
5428;204;93;1;land;false;hills;7
5429;229;68;1;land;false;mountain;7
5430;127;110;1;land;true;plains;7
5431;132;121;1;land;true;plains;7
5432;122;119;1;land;false;plains;7
5433;86;126;1;land;true;plains;7
5434;93;116;1;land;true;hills;7
5435;103;13;1;land;false;plains;7
5436;78;51;1;land;false;urban;7
5437;82;21;1;land;false;plains;7
5438;69;47;1;land;false;plains;7
5439;39;123;1;land;false;plains;7
5440;21;197;1;land;false;plains;7
5441;20;9;1;land;false;plains;7
5442;9;22;1;land;false;desert;7
5443;43;26;1;land;false;desert;7
5444;41;12;1;land;false;desert;7
5445;28;45;1;land;false;desert;7
5446;3;6;1;land;false;desert;7
5447;28;18;1;land;false;desert;7
5448;10;12;1;land;false;desert;7
5449;35;30;1;land;false;desert;7
5450;2;33;1;land;false;desert;7
5451;2;16;1;land;false;desert;7
5452;137;105;1;land;false;plains;7
5453;196;143;1;land;false;desert;7
5454;187;101;1;land;false;desert;7
5455;135;93;1;land;false;desert;7
5456;155;123;1;land;false;desert;7
5457;155;111;1;land;false;desert;7
5458;146;85;1;land;false;desert;7
5459;175;92;1;land;false;plains;7
5460;148;147;1;land;false;desert;7
5461;147;103;1;land;false;desert;7
5462;144;110;1;land;false;plains;7
5463;193;154;1;land;false;plains;7
5464;160;136;1;land;false;desert;7
5465;155;116;1;land;false;desert;7
5466;194;136;1;land;false;desert;7
5467;152;89;1;land;false;plains;7
5468;169;236;1;land;false;plains;7
5469;157;222;1;land;false;plains;7
5470;139;190;1;land;false;plains;7
5471;105;225;1;land;false;plains;7
5472;160;199;1;land;false;plains;7
5473;177;254;1;land;false;plains;7
5474;118;209;1;land;false;plains;7
5475;104;101;1;land;false;plains;7
5476;108;85;1;land;false;urban;7
5477;78;17;1;land;false;desert;7
5478;39;19;1;land;false;plains;7
5479;18;18;1;land;false;hills;7
5480;94;27;1;land;false;hills;7
5481;240;90;1;land;false;plains;7
5482;168;176;1;land;false;plains;7
5483;180;213;1;land;false;plains;7
5484;133;90;1;land;false;desert;7
5485;138;134;1;land;false;desert;7
5486;90;183;1;land;false;plains;7
5487;72;192;1;land;false;plains;7
5488;104;203;1;land;false;plains;7
5489;132;169;1;land;false;plains;7
5490;83;212;1;land;false;plains;7
5491;130;81;1;land;false;desert;7
5492;114;64;1;land;false;plains;7
5493;70;65;1;land;false;plains;7
5494;113;92;1;land;false;plains;7
5495;120;99;1;land;false;plains;7
5496;125;63;1;land;false;plains;7
5497;79;106;1;land;false;plains;7
5498;135;121;1;land;false;plains;7
5499;69;120;1;land;false;desert;7
5500;133;125;1;land;false;plains;7
5501;123;98;1;land;false;plains;7
5502;144;80;1;land;false;desert;7
5503;125;121;1;land;false;plains;7
5504;109;105;1;land;false;hills;7
5505;75;90;1;land;false;plains;7
5506;145;131;1;land;false;plains;7
5507;114;113;1;land;false;plains;7
5508;105;79;1;land;false;desert;7
5509;141;69;1;land;false;plains;7
5510;101;94;1;land;false;plains;7
5511;54;232;1;land;false;desert;7
5512;92;206;1;land;false;desert;7
5513;82;173;1;land;false;desert;7
5514;52;187;1;land;false;desert;7
5515;120;227;1;land;false;desert;7
5516;120;175;1;land;false;desert;7
5517;102;232;1;land;false;desert;7
5518;66;229;1;land;false;desert;7
5519;88;227;1;land;false;desert;7
5520;66;189;1;land;false;desert;7
5521;80;162;1;land;false;desert;7
5522;58;201;1;land;false;desert;7
5523;13;55;1;land;true;desert;7
5524;23;110;1;land;false;desert;7
5525;36;96;1;land;true;desert;7
5526;16;121;1;land;true;desert;7
5527;44;59;1;land;true;desert;7
5528;24;220;1;land;false;plains;7
5529;35;236;1;land;false;desert;7
5530;33;231;1;land;false;plains;7
5531;36;227;1;land;false;desert;7
5532;14;216;1;land;false;desert;7
5533;21;254;1;land;false;desert;7
5534;4;227;1;land;false;plains;7
5535;16;235;1;land;false;hills;7
5536;29;224;1;land;false;hills;7
5537;11;206;1;land;false;desert;7
5538;10;222;1;land;false;plains;7
5539;22;204;1;land;false;desert;7
5540;36;239;1;land;false;plains;7
5541;39;220;1;land;false;desert;7
5542;168;215;1;land;false;plains;7
5543;119;179;1;land;false;plains;7
5544;164;221;1;land;false;plains;7
5545;106;191;1;land;false;plains;7
5546;109;224;1;land;false;plains;7
5547;168;203;1;land;false;hills;7
5548;97;107;1;land;false;plains;7
5549;51;119;1;land;false;plains;7
5550;92;92;1;land;false;plains;7
5551;161;80;1;land;false;plains;7
5552;168;8;1;land;false;plains;7
5553;206;36;1;land;false;hills;7
5554;187;81;1;land;false;hills;7
5555;223;37;1;land;false;plains;7
5556;189;129;1;land;false;desert;7
5557;209;120;1;land;false;desert;7
5558;140;108;1;land;false;desert;7
5559;195;154;1;land;false;desert;7
5560;191;172;1;land;false;desert;7
5561;95;52;1;land;false;plains;7
5562;89;149;1;land;false;hills;7
5563;74;178;1;land;false;plains;7
5564;102;157;1;land;false;desert;7
5565;110;160;1;land;false;plains;7
5566;105;195;1;land;false;plains;7
5567;206;226;1;land;false;desert;7
5568;240;240;1;land;false;plains;7
5569;236;234;1;land;false;plains;7
5570;240;234;1;land;false;desert;7
5571;254;222;1;land;false;desert;7
5572;219;245;1;land;false;plains;7
5573;207;225;1;land;false;plains;7
5574;234;239;1;land;false;plains;7
5575;239;245;1;land;false;desert;7
5576;216;124;1;land;false;plains;7
5577;254;102;1;land;false;plains;7
5578;163;31;1;land;true;plains;7
5579;164;61;1;land;false;plains;7
5580;166;72;1;land;false;plains;7
5581;120;61;1;land;true;hills;7
5582;178;58;1;land;false;plains;7
5583;123;149;1;land;false;plains;7
5584;144;109;1;land;false;plains;7
5585;133;119;1;land;false;plains;7
5586;107;125;1;land;false;plains;7
5587;213;231;1;land;false;desert;7
5588;208;217;1;land;false;hills;7
5589;210;186;1;land;false;hills;7
5590;179;202;1;land;false;desert;7
5591;178;63;1;land;true;plains;7
5592;134;40;1;land;true;plains;7
5593;111;227;1;land;false;plains;7
5594;61;222;1;land;false;plains;7
5595;86;180;1;land;false;plains;7
5596;56;211;1;land;false;plains;7
5597;123;206;1;land;false;plains;7
5598;67;112;1;land;false;plains;7
5599;58;86;1;land;false;plains;7
5600;50;91;1;land;false;plains;7
5601;88;55;1;land;true;plains;7
5602;107;79;1;land;true;plains;7
5603;105;114;1;land;true;plains;7
5604;242;130;1;land;false;desert;7
5605;133;179;1;land;true;plains;7
5606;87;23;1;land;false;desert;7
5607;102;64;1;land;false;desert;7
5608;4;119;1;land;false;plains;7
5609;8;196;1;land;false;plains;7
5610;243;13;1;land;false;desert;7
5611;249;6;1;land;false;plains;7
5612;243;38;1;land;false;plains;7
5613;230;29;1;land;false;plains;7
5614;247;16;1;land;false;plains;7
5615;212;21;1;land;false;plains;7
5616;233;23;1;land;false;desert;7
5617;240;5;1;land;false;plains;7
5618;218;26;1;land;false;plains;7
5619;213;21;1;land;false;plains;7
5620;214;19;1;land;false;plains;7
5621;231;23;1;land;false;plains;7
5622;170;118;1;land;false;plains;7
5623;201;165;1;land;false;urban;7
5624;192;6;1;land;true;desert;7
5625;192;22;1;land;true;desert;7
5626;198;14;1;land;true;desert;7
5627;159;30;1;land;true;desert;7
5628;155;28;1;land;false;desert;7
5629;192;55;1;land;false;desert;7
5630;154;30;1;land;true;desert;7
5631;95;95;1;land;false;plains;7
5632;30;133;1;land;false;urban;7
5633;98;121;1;land;false;plains;7
5634;34;129;1;land;false;plains;7
5635;66;78;1;land;false;urban;7
5636;70;214;1;land;false;desert;7
5637;69;222;1;land;false;plains;7
5638;66;250;1;land;false;plains;7
5639;53;241;1;land;false;plains;7
5640;77;229;1;land;false;desert;7
5641;45;224;1;land;false;plains;7
5642;61;241;1;land;false;plains;7
5643;69;247;1;land;false;plains;7
5644;17;231;1;land;false;plains;7
5645;26;248;1;land;false;plains;7
5646;71;227;1;land;false;plains;7
5647;219;153;1;land;false;plains;7
5648;242;167;1;land;false;plains;7
5649;191;109;1;land;false;plains;7
5650;239;129;1;land;false;plains;7
5651;215;253;1;land;false;plains;7
5652;229;239;1;land;false;plains;7
5653;183;227;1;land;false;plains;7
5654;223;252;1;land;false;plains;7
5655;192;240;1;land;false;plains;7
5656;247;228;1;land;false;plains;7
5657;226;243;1;land;false;plains;7
5658;171;228;1;land;false;plains;7
5659;250;168;1;land;false;hills;7
5660;199;156;1;land;false;plains;7
5661;214;139;1;land;false;plains;7
5662;207;139;1;land;false;plains;7
5663;226;158;1;land;false;hills;7
5664;193;230;1;land;false;forest;7
5665;206;204;1;land;false;plains;7
5666;179;212;1;land;false;forest;7
5667;107;120;1;land;false;desert;7
5668;134;155;1;land;false;hills;7
5669;153;150;1;land;false;hills;7
5670;88;48;1;land;false;plains;7
5671;129;18;1;land;false;plains;7
5672;78;9;1;land;false;plains;7
5673;81;20;1;land;false;plains;7
5674;97;26;1;land;false;plains;7
5675;117;10;1;land;false;plains;7
5676;133;14;1;land;false;plains;7
5677;129;45;1;land;false;plains;7
5678;43;81;1;land;true;hills;7
5679;24;75;1;land;true;plains;7
5680;3;123;1;land;false;plains;7
5681;6;92;1;land;true;plains;7
5682;41;99;1;land;false;plains;7
5683;205;223;1;land;false;hills;7
5684;248;231;1;land;false;hills;7
5685;230;227;1;land;false;hills;7
5686;166;115;1;land;false;desert;7
5687;157;101;1;land;false;desert;7
5688;208;95;1;land;false;desert;7
5689;180;139;1;land;false;desert;7
5690;139;91;1;land;false;desert;7
5691;148;118;1;land;false;desert;7
5692;180;120;1;land;false;desert;7
5693;140;104;1;land;false;desert;7
5694;159;161;1;land;false;desert;7
5695;147;162;1;land;false;desert;7
5696;182;118;1;land;false;desert;7
5697;184;139;1;land;false;desert;7
5698;151;210;1;land;true;plains;7
5699;158;222;1;land;true;desert;7
5700;161;243;1;land;true;desert;7
5701;167;211;1;land;true;plains;7
5702;193;186;1;land;true;desert;7
5703;141;206;1;land;true;plains;7
5704;135;191;1;land;true;desert;7
5705;163;187;1;land;false;desert;7
5706;37;91;1;land;false;plains;7
5707;58;115;1;land;true;plains;7
5708;79;95;1;land;true;plains;7
5709;88;123;1;land;false;mountain;7
5710;31;198;1;land;false;desert;7
5711;35;153;1;land;false;desert;7
5712;41;199;1;land;false;desert;7
5713;16;168;1;land;false;desert;7
5714;68;218;1;land;false;desert;7
5715;42;216;1;land;false;desert;7
5716;72;207;1;land;false;desert;7
5717;46;203;1;land;false;desert;7
5718;30;169;1;land;false;desert;7
5719;10;216;1;land;false;desert;7
5720;19;210;1;land;false;desert;7
5721;38;175;1;land;false;desert;7
5722;62;157;1;land;false;desert;7
5723;24;155;1;land;false;desert;7
5724;34;166;1;land;false;desert;7
5725;3;206;1;land;false;desert;7
5726;40;152;1;land;false;desert;7
5727;18;223;1;land;false;desert;7
5728;3;181;1;land;false;desert;7
5729;233;202;1;land;false;hills;7
5730;127;64;1;land;true;plains;7
5731;70;10;1;land;true;plains;7
5732;96;206;1;land;false;plains;7
5733;51;174;1;land;false;plains;7
5734;80;171;1;land;false;plains;7
5735;43;157;1;land;false;plains;7
5736;74;205;1;land;false;plains;7
5737;42;149;1;land;false;plains;7
5738;73;194;1;land;false;plains;7
5739;13;88;1;land;false;hills;7
5740;52;109;1;land;false;plains;7
5741;35;87;1;land;false;plains;7
5742;8;67;1;land;false;plains;7
5743;215;173;1;land;false;plains;7
5744;28;236;1;land;true;hills;7
5745;66;215;1;land;true;hills;7
5746;14;224;1;land;false;plains;7
5747;3;132;1;land;false;plains;7
5748;34;103;1;land;false;plains;7
5749;50;61;1;land;false;desert;7
5750;5;69;1;land;false;plains;7
5751;47;120;1;land;false;plains;7
5752;13;81;1;land;false;plains;7
5753;23;64;1;land;false;desert;7
5754;20;74;1;land;false;desert;7
5755;16;79;1;land;false;plains;7
5756;34;90;1;land;false;desert;7
5757;50;102;1;land;false;plains;7
5758;202;233;1;land;false;plains;7
5759;233;215;1;land;false;plains;7
5760;178;208;1;land;false;plains;7
5761;144;121;1;land;false;plains;7
5762;156;136;1;land;false;plains;7
5763;180;97;1;land;false;plains;7
5764;68;190;1;land;false;desert;7
5765;107;179;1;land;false;desert;7
5766;106;188;1;land;false;plains;7
5767;97;161;1;land;false;desert;7
5768;53;189;1;land;false;desert;7
5769;105;169;1;land;false;plains;7
5770;115;162;1;land;false;hills;7
5771;56;175;1;land;false;plains;7
5772;61;203;1;land;false;desert;7
5773;46;181;1;land;false;desert;7
5774;62;174;1;land;false;desert;7
5775;79;82;1;land;true;plains;7
5776;43;110;1;land;false;plains;7
5777;25;82;1;land;true;plains;7
5778;32;82;1;land;true;plains;7
5779;228;221;1;land;false;hills;7
5780;243;69;1;land;false;desert;7
5781;236;82;1;land;false;desert;7
5782;155;209;1;land;true;desert;7
5783;106;204;1;land;false;desert;7
5784;108;217;1;land;false;desert;7
5785;87;224;1;land;true;desert;7
5786;96;207;1;land;true;desert;7
5787;121;197;1;land;false;desert;7
5788;108;220;1;land;true;desert;7
5789;150;169;1;land;true;desert;7
5790;134;219;1;land;false;plains;7
5791;160;216;1;land;true;desert;7
5792;105;161;1;land;true;desert;7
5793;165;211;1;land;true;desert;7
5794;122;229;1;land;true;desert;7
5795;119;47;1;land;false;plains;7
5796;116;54;1;land;false;plains;7
5797;73;16;1;land;false;plains;7
5798;7;218;1;land;false;plains;7
5799;62;163;1;land;false;plains;7
5800;67;154;1;land;false;plains;7
5801;57;42;1;land;false;plains;7
5802;51;65;1;land;false;plains;7
5803;46;89;1;land;false;plains;7
5804;27;66;1;land;false;plains;7
5805;210;119;1;land;false;hills;7
5806;173;130;1;land;false;desert;7
5807;183;182;1;land;false;plains;7
5808;176;116;1;land;false;plains;7
5809;191;155;1;land;false;plains;7
5810;169;132;1;land;false;desert;7
5811;192;51;1;land;false;plains;7
5812;184;25;1;land;false;plains;7
5813;166;61;1;land;false;plains;7
5814;187;58;1;land;false;plains;7
5815;174;69;1;land;false;plains;7
5816;179;22;1;land;false;hills;7
5817;115;31;1;land;false;desert;7
5818;61;142;1;land;false;desert;7
5819;92;148;1;land;false;desert;7
5820;121;206;1;land;false;desert;7
5821;96;162;1;land;false;desert;7
5822;92;44;1;land;false;hills;7
5823;26;12;1;land;false;plains;7
5824;136;40;1;land;false;desert;7
5825;194;12;1;land;false;desert;7
5826;135;150;1;land;false;desert;7
5827;126;119;1;land;false;desert;7
5828;174;100;1;land;false;desert;7
5829;169;91;1;land;false;desert;7
5830;108;158;1;land;false;hills;7
5831;126;123;1;land;false;desert;7
5832;112;163;1;land;false;hills;7
5833;127;135;1;land;false;desert;7
5834;77;57;1;land;false;desert;7
5835;100;26;1;land;false;desert;7
5836;117;1;1;land;false;desert;7
5837;91;9;1;land;false;desert;7
5838;80;13;1;land;false;desert;7
5839;115;54;1;land;false;plains;7
5840;109;63;1;land;false;desert;7
5841;94;181;1;land;false;plains;7
5842;200;232;1;land;false;forest;7
5843;220;228;1;land;false;forest;7
5844;179;241;1;land;false;forest;7
5845;190;154;1;land;false;hills;7
5846;200;97;1;land;true;mountain;7
5847;155;156;1;land;true;mountain;7
5848;196;112;1;land;true;mountain;7
5849;212;112;1;land;true;hills;7
5850;153;109;1;land;true;forest;7
5851;179;140;1;land;false;forest;7
5852;168;96;1;land;true;mountain;7
5853;95;26;1;land;false;plains;7
5854;89;50;1;land;false;plains;7
5855;90;30;1;land;false;plains;7
5856;146;40;1;land;false;plains;7
5857;127;38;1;land;false;plains;7
5858;125;4;1;land;false;plains;7
5859;102;37;1;land;false;plains;7
5860;114;2;1;land;false;plains;7
5861;88;107;1;land;false;desert;7
5862;110;142;1;land;false;desert;7
5863;128;78;1;land;false;desert;7
5864;97;88;1;land;false;desert;7
5865;138;109;1;land;false;desert;7
5866;141;98;1;land;false;desert;7
5867;65;120;1;land;false;desert;7
5868;124;80;1;land;false;desert;7
5869;100;139;1;land;false;desert;7
5870;18;227;1;land;false;forest;7
5871;32;229;1;land;false;forest;7
5872;16;195;1;land;true;mountain;7
5873;31;243;1;land;false;forest;7
5874;233;91;1;land;true;plains;7
5875;197;206;1;land;true;mountain;7
5876;164;76;1;land;false;plains;7
5877;172;149;1;land;false;desert;7
5878;44;200;1;land;false;forest;7
5879;50;84;1;land;false;plains;7
5880;23;61;1;land;false;hills;7
5881;5;66;1;land;false;mountain;7
5882;57;96;1;land;false;plains;7
5883;35;68;1;land;false;hills;7
5884;205;228;1;land;false;desert;7
5885;240;239;1;land;false;plains;7
5886;224;230;1;land;false;desert;7
5887;222;250;1;land;false;desert;7
5888;192;220;1;land;false;plains;7
5889;200;214;1;land;false;plains;7
5890;247;220;1;land;false;desert;7
5891;239;194;1;land;false;desert;7
5892;194;25;1;land;false;desert;7
5893;235;57;1;land;false;desert;7
5894;186;70;1;land;false;desert;7
5895;221;114;1;land;true;plains;7
5896;212;102;1;land;true;plains;7
5897;207;252;1;land;false;plains;7
5898;211;239;1;land;false;plains;7
5899;192;221;1;land;false;hills;7
5900;206;236;1;land;false;hills;7
5901;201;230;1;land;false;hills;7
5902;229;238;1;land;false;hills;7
5903;178;220;1;land;false;plains;7
5904;215;225;1;land;false;plains;7
5905;166;172;1;land;false;plains;7
5906;151;131;1;land;true;plains;7
5907;146;99;1;land;false;plains;7
5908;184;120;1;land;false;plains;7
5909;147;144;1;land;false;plains;7
5910;136;37;1;land;true;plains;7
5911;114;1;1;land;true;plains;7
5912;141;42;1;land;true;plains;7
5913;124;44;1;land;true;plains;7
5914;169;5;1;land;true;plains;7
5915;2;71;1;land;false;plains;7
5916;38;108;1;land;false;plains;7
5917;48;107;1;land;false;plains;7
5918;3;69;1;land;false;plains;7
5919;15;112;1;land;false;plains;7
5920;36;103;1;land;false;plains;7
5921;49;121;1;land;false;plains;7
5922;56;94;1;land;false;plains;7
5923;62;81;1;land;false;plains;7
5924;22;74;1;land;false;hills;7
5925;19;62;1;land;false;plains;7
5926;62;87;1;land;false;plains;7
5927;7;127;1;land;false;plains;7
5928;29;234;1;land;false;plains;7
5929;1;204;1;land;true;plains;7
5930;14;241;1;land;false;plains;7
5931;33;217;1;land;true;plains;7
5932;12;217;1;land;false;plains;7
5933;8;209;1;land;true;plains;7
5934;40;247;1;land;false;plains;7
5935;161;91;1;land;false;hills;7
5936;176;128;1;land;false;plains;7
5937;219;122;1;land;false;plains;7
5938;167;108;1;land;false;plains;7
5939;180;140;1;land;false;plains;7
5940;144;254;1;land;false;desert;7
5941;160;224;1;land;false;desert;7
5942;197;227;1;land;false;desert;7
5943;201;237;1;land;false;desert;7
5944;182;209;1;land;false;desert;7
5945;194;231;1;land;false;desert;7
5946;137;189;1;land;false;desert;7
5947;200;241;1;land;false;desert;7
5948;173;203;1;land;false;desert;7
5949;183;210;1;land;false;desert;7
5950;157;246;1;land;false;desert;7
5951;144;192;1;land;false;desert;7
5952;87;97;1;land;false;desert;7
5953;71;113;1;land;false;desert;7
5954;34;76;1;land;false;desert;7
5955;90;49;1;land;false;desert;7
5956;80;161;1;land;false;plains;7
5957;61;188;1;land;false;urban;7
5958;69;150;1;land;true;plains;7
5959;68;197;1;land;false;plains;7
5960;242;64;1;land;false;desert;7
5961;206;183;1;land;true;plains;7
5962;241;223;1;land;false;plains;7
5963;206;221;1;land;true;hills;7
5964;220;222;1;land;false;plains;7
5965;108;24;1;land;true;forest;7
5966;110;7;1;land;false;forest;7
5967;107;7;1;land;true;hills;7
5968;85;28;1;land;false;forest;7
5969;134;11;1;land;false;hills;7
5970;132;22;1;land;false;forest;7
5971;133;58;1;land;true;hills;7
5972;119;6;1;land;false;forest;7
5973;127;147;1;land;false;plains;7
5974;127;173;1;land;false;plains;7
5975;83;191;1;land;false;plains;7
5976;64;199;1;land;false;plains;7
5977;87;181;1;land;false;plains;7
5978;125;214;1;land;false;plains;7
5979;77;195;1;land;false;plains;7
5980;127;191;1;land;false;plains;7
5981;72;181;1;land;false;plains;7
5982;126;177;1;land;false;plains;7
5983;101;203;1;land;false;plains;7
5984;46;99;1;land;false;plains;7
5985;10;105;1;land;false;plains;7
5986;42;64;1;land;false;plains;7
5987;21;74;1;land;false;plains;7
5988;54;56;1;land;false;plains;7
5989;6;80;1;land;false;plains;7
5990;45;63;1;land;false;plains;7
5991;63;98;1;land;false;plains;7
5992;63;54;1;land;false;plains;7
5993;12;185;1;land;false;plains;7
5994;11;184;1;land;false;plains;7
5995;2;141;1;land;false;plains;7
5996;16;166;1;land;false;plains;7
5997;29;180;1;land;false;plains;7
5998;34;165;1;land;false;plains;7
5999;42;83;1;land;false;plains;7
6000;39;89;1;land;false;urban;7
6001;40;64;1;land;false;urban;7
6002;6;136;1;land;true;desert;7
6003;37;141;1;land;false;desert;7
6004;19;166;1;land;false;desert;7
6005;33;136;1;land;false;desert;7
6006;26;184;1;land;false;desert;7
6007;16;176;1;land;false;desert;7
6008;14;159;1;land;true;mountain;7
6009;220;20;1;land;false;hills;7
6010;225;22;1;land;false;hills;7
6011;179;37;1;land;false;plains;7
6012;187;40;1;land;false;hills;7
6013;171;84;1;land;false;mountain;7
6014;190;59;1;land;false;hills;7
6015;179;66;1;land;false;plains;7
6016;156;76;1;land;false;plains;7
6017;181;81;1;land;false;hills;7
6018;150;74;1;land;false;plains;7
6019;161;207;1;land;false;plains;7
6020;168;170;1;land;false;urban;7
6021;81;14;1;land;false;desert;7
6022;51;46;1;land;false;plains;7
6023;87;19;1;land;false;desert;7
6024;64;3;1;land;false;plains;7
6025;31;168;1;land;false;plains;7
6026;16;177;1;land;false;plains;7
6027;49;125;1;land;false;plains;7
6028;76;182;1;land;false;hills;7
6029;238;73;1;land;false;plains;7
6030;245;69;1;land;false;plains;7
6031;202;58;1;land;false;plains;7
6032;237;24;1;land;false;plains;7
6033;221;65;1;land;false;hills;7
6034;247;88;1;land;false;plains;7
6035;183;152;1;land;false;hills;7
6036;197;162;1;land;false;hills;7
6037;208;117;1;land;false;desert;7
6038;103;49;1;land;false;plains;7
6039;151;35;1;land;false;forest;7
6040;92;13;1;land;false;forest;7
6041;112;9;1;land;false;forest;7
6042;76;134;1;land;false;plains;7
6043;122;114;1;land;false;hills;7
6044;120;77;1;land;false;plains;7
6045;45;30;1;land;false;plains;7
6046;63;4;1;land;true;plains;7
6047;42;26;1;land;false;plains;7
6048;20;25;1;land;true;plains;7
6049;26;25;1;land;true;plains;7
6050;39;32;1;land;true;plains;7
6051;35;13;1;land;false;plains;7
6052;53;3;1;land;false;plains;7
6053;8;187;1;land;false;plains;7
6054;11;125;1;land;false;plains;7
6055;4;184;1;land;false;plains;7
6056;39;163;1;land;false;plains;7
6057;43;139;1;land;false;plains;7
6058;130;247;1;land;false;plains;7
6059;176;234;1;land;false;plains;7
6060;178;202;1;land;false;plains;7
6061;194;189;1;land;false;plains;7
6062;128;210;1;land;false;plains;7
6063;140;253;1;land;false;urban;7
6064;161;116;1;land;false;plains;7
6065;173;138;1;land;true;desert;7
6066;121;100;1;land;true;hills;7
6067;48;230;1;land;false;desert;7
6068;53;240;1;land;false;desert;7
6069;72;216;1;land;false;desert;7
6070;83;234;1;land;false;plains;7
6071;107;223;1;land;false;desert;7
6072;86;89;1;land;false;plains;7
6073;38;135;1;land;false;desert;7
6074;86;137;1;land;false;plains;7
6075;72;59;1;land;false;desert;7
6076;59;71;1;land;false;plains;7
6077;39;114;1;land;false;desert;7
6078;67;80;1;land;false;plains;7
6079;77;84;1;land;false;plains;7
6080;103;180;1;land;false;plains;7
6081;65;184;1;land;false;plains;7
6082;83;210;1;land;false;plains;7
6083;67;217;1;land;false;desert;7
6084;103;147;1;land;false;desert;7
6085;88;167;1;land;false;plains;7
6086;86;31;1;land;false;mountain;7
6087;59;39;1;land;false;hills;7
6088;45;136;1;land;true;hills;7
6089;17;202;1;land;true;hills;7
6090;33;178;1;land;false;hills;7
6091;45;171;1;land;false;mountain;7
6092;2;147;1;land;true;mountain;7
6093;41;207;1;land;false;plains;7
6094;0;177;1;land;true;plains;7
6095;1;187;1;land;true;hills;7
6096;241;55;1;land;false;plains;7
6097;252;40;1;land;false;plains;7
6098;254;38;1;land;false;plains;7
6099;108;150;1;land;false;desert;7
6100;174;124;1;land;false;desert;7
6101;118;106;1;land;false;desert;7
6102;105;159;1;land;false;hills;7
6103;163;124;1;land;false;desert;7
6104;100;96;1;land;false;desert;7
6105;175;91;1;land;true;plains;7
6106;155;117;1;land;false;desert;7
6107;174;166;1;land;false;desert;7
6108;142;118;1;land;true;hills;7
6109;137;147;1;land;false;plains;7
6110;156;117;1;land;false;desert;7
6111;152;105;1;land;false;desert;7
6112;149;143;1;land;false;hills;7
6113;137;104;1;land;false;desert;7
6114;169;163;1;land;false;hills;7
6115;102;91;1;land;false;plains;7
6116;104;158;1;land;true;mountain;7
6117;124;135;1;land;false;desert;7
6118;120;123;1;land;false;plains;7
6119;152;137;1;land;false;plains;7
6120;139;89;1;land;false;desert;7
6121;112;130;1;land;false;desert;7
6122;165;128;1;land;false;hills;7
6123;173;99;1;land;false;desert;7
6124;122;164;1;land;false;desert;7
6125;121;168;1;land;false;desert;7
6126;163;140;1;land;false;desert;7
6127;104;123;1;land;false;desert;7
6128;165;160;1;land;false;hills;7
6129;166;128;1;land;true;mountain;7
6130;125;130;1;land;false;desert;7
6131;109;112;1;land;false;plains;7
6132;149;163;1;land;false;plains;7
6133;141;117;1;land;false;plains;7
6134;99;109;1;land;false;desert;7
6135;114;132;1;land;false;hills;7
6136;128;32;1;land;false;desert;7
6137;127;23;1;land;false;desert;7
6138;136;10;1;land;false;desert;7
6139;51;201;1;land;false;plains;7
6140;40;11;1;land;false;plains;7
6141;15;13;1;land;false;hills;7
6142;5;3;1;land;false;mountain;7
6143;222;91;1;land;false;desert;7
6144;149;88;1;land;false;hills;7
6145;157;137;1;land;false;hills;7
6146;151;159;1;land;false;hills;7
6147;196;251;1;land;false;plains;7
6148;182;228;1;land;false;plains;7
6149;177;209;1;land;false;plains;7
6150;174;187;1;land;false;plains;7
6151;115;134;1;land;false;mountain;7
6152;91;141;1;land;false;hills;7
6153;95;28;1;land;false;plains;7
6154;58;2;1;land;true;plains;7
6155;40;6;1;land;true;hills;7
6156;210;110;1;land;false;plains;7
6157;253;92;1;land;false;desert;7
6158;200;93;1;land;true;hills;7
6159;214;62;1;land;true;desert;7
6160;198;61;1;land;true;desert;7
6161;202;64;1;land;false;hills;7
6162;233;231;1;land;false;hills;7
6163;139;125;1;land;false;desert;7
6164;107;103;1;land;false;plains;7
6165;154;144;1;land;false;plains;7
6166;126;219;1;land;false;hills;7
6167;137;201;1;land;false;hills;7
6168;135;114;1;land;false;plains;7
6169;137;71;1;land;false;plains;7
6170;119;85;1;land;false;plains;7
6171;158;124;1;land;false;plains;7
6172;147;73;1;land;false;plains;7
6173;151;140;1;land;false;plains;7
6174;120;112;1;land;false;plains;7
6175;90;213;1;land;false;plains;7
6176;126;225;1;land;false;plains;7
6177;114;178;1;land;false;plains;7
6178;115;240;1;land;false;plains;7
6179;95;199;1;land;false;plains;7
6180;115;190;1;land;false;plains;7
6181;133;183;1;land;false;plains;7
6182;88;186;1;land;false;plains;7
6183;83;98;1;land;false;plains;7
6184;56;96;1;land;false;plains;7
6185;58;92;1;land;false;plains;7
6186;40;75;1;land;false;plains;7
6187;59;112;1;land;false;plains;7
6188;13;229;1;land;true;plains;7
6189;22;252;1;land;false;plains;7
6190;50;214;1;land;true;hills;7
6191;29;228;1;land;false;plains;7
6192;30;216;1;land;true;plains;7
6193;176;42;1;land;false;desert;7
6194;211;19;1;land;false;hills;7
6195;140;16;1;land;false;plains;7
6196;169;75;1;land;false;plains;7
6197;174;81;1;land;false;desert;7
6198;163;53;1;land;false;plains;7
6199;144;93;1;land;false;plains;7
6200;170;42;1;land;false;plains;7
6201;146;67;1;land;false;desert;7
6202;150;192;1;land;false;desert;7
6203;168;230;1;land;false;desert;7
6204;176;187;1;land;false;desert;7
6205;186;173;1;land;false;desert;7
6206;154;216;1;land;false;desert;7
6207;180;219;1;land;false;desert;7
6208;164;223;1;land;false;desert;7
6209;182;232;1;land;false;desert;7
6210;182;212;1;land;false;desert;7
6211;116;117;1;land;false;desert;7
6212;70;102;1;land;false;desert;7
6213;241;44;1;land;false;desert;7
6214;233;69;1;land;false;plains;7
6215;253;88;1;land;false;plains;7
6216;237;36;1;land;false;desert;7
6217;242;186;1;land;true;plains;7
6218;234;160;1;land;true;plains;7
6219;169;64;1;land;false;forest;7
6220;117;56;1;land;false;plains;7
6221;106;214;1;land;false;plains;7
6222;107;145;1;land;false;plains;7
6223;112;195;1;land;false;plains;7
6224;123;163;1;land;false;plains;7
6225;115;170;1;land;false;plains;7
6226;147;179;1;land;false;plains;7
6227;118;223;1;land;false;plains;7
6228;122;207;1;land;false;plains;7
6229;143;155;1;land;false;plains;7
6230;77;180;1;land;false;plains;7
6231;119;219;1;land;false;plains;7
6232;117;214;1;land;false;plains;7
6233;108;192;1;land;false;plains;7
6234;107;150;1;land;false;plains;7
6235;128;195;1;land;false;plains;7
6236;43;4;1;land;false;hills;7
6237;6;2;1;land;false;desert;7
6238;218;149;1;land;false;hills;7
6239;184;4;1;land;false;plains;7
6240;199;28;1;land;false;plains;7
6241;207;52;1;land;false;plains;7
6242;203;38;1;land;false;plains;7
6243;150;38;1;land;false;plains;7
6244;122;136;1;land;false;plains;7
6245;194;100;1;land;false;hills;7
6246;190;159;1;land;false;desert;7
6247;145;134;1;land;false;desert;7
6248;191;159;1;land;false;desert;7
6249;142;124;1;land;false;mountain;7
6250;193;145;1;land;false;desert;7
6251;167;131;1;land;false;desert;7
6252;131;133;1;land;false;mountain;7
6253;208;214;1;land;false;desert;7
6254;176;218;1;land;false;desert;7
6255;222;222;1;land;false;desert;7
6256;166;224;1;land;false;desert;7
6257;213;38;1;land;true;plains;7
6258;211;67;1;land;true;hills;7
6259;151;95;1;land;false;plains;7
6260;210;43;1;land;false;plains;7
6261;115;173;1;land;false;hills;7
6262;129;220;1;land;false;hills;7
6263;127;195;1;land;false;plains;7
6264;130;171;1;land;false;plains;7
6265;93;228;1;land;false;hills;7
6266;103;118;1;land;false;plains;7
6267;66;72;1;land;false;plains;7
6268;74;111;1;land;false;plains;7
6269;234;201;1;land;false;desert;7
6270;242;176;1;land;false;desert;7
6271;252;160;1;land;false;desert;7
6272;249;180;1;land;false;desert;7
6273;231;126;1;land;false;desert;7
6274;212;130;1;land;false;desert;7
6275;216;177;1;land;false;desert;7
6276;214;51;1;land;false;plains;7
6277;196;40;1;land;true;plains;7
6278;166;194;1;land;false;plains;7
6279;163;175;1;land;false;plains;7
6280;184;183;1;land;false;plains;7
6281;167;189;1;land;false;plains;7
6282;143;204;1;land;false;plains;7
6283;176;29;1;land;false;plains;7
6284;118;29;1;land;false;plains;7
6285;134;78;1;land;false;plains;7
6286;139;32;1;land;false;plains;7
6287;115;36;1;land;false;hills;7
6288;1;123;1;land;false;desert;7
6289;73;198;1;land;false;plains;7
6290;22;28;1;land;false;plains;7
6291;51;42;1;land;false;hills;7
6292;12;35;1;land;false;hills;7
6293;211;112;1;land;true;plains;7
6294;235;145;1;land;true;mountain;7
6295;189;178;1;land;true;plains;7
6296;200;30;1;land;false;plains;7
6297;161;16;1;land;false;plains;7
6298;227;5;1;land;false;plains;7
6299;170;3;1;land;false;forest;7
6300;198;48;1;land;false;plains;7
6301;157;51;1;land;false;plains;7
6302;198;43;1;land;false;plains;7
6303;150;62;1;land;false;plains;7
6304;92;113;1;land;true;hills;7
6305;103;145;1;land;true;mountain;7
6306;72;146;1;land;true;hills;7
6307;46;250;1;land;false;plains;7
6308;90;252;1;land;false;plains;7
6309;28;224;1;land;false;plains;7
6310;65;252;1;land;false;plains;7
6311;73;224;1;land;false;plains;7
6312;93;247;1;land;false;plains;7
6313;59;245;1;land;false;plains;7
6314;38;217;1;land;false;plains;7
6315;71;223;1;land;false;plains;7
6316;36;241;1;land;false;plains;7
6317;35;218;1;land;false;plains;7
6318;237;134;1;land;false;mountain;7
6319;224;146;1;land;true;hills;7
6320;222;134;1;land;true;hills;7
6321;233;152;1;land;true;hills;7
6322;224;221;1;land;false;hills;7
6323;254;243;1;land;false;hills;7
6324;203;139;1;land;false;plains;7
6325;253;143;1;land;false;urban;7
6326;204;102;1;land;false;plains;7
6327;211;226;1;land;false;plains;7
6328;187;163;1;land;false;plains;7
6329;147;154;1;land;false;hills;7
6330;166;144;1;land;false;plains;7
6331;119;122;1;land;false;plains;7
6332;126;16;1;land;false;desert;7
6333;110;43;1;land;false;plains;7
6334;158;58;1;land;false;desert;7
6335;122;5;1;land;false;plains;7
6336;162;52;1;land;false;desert;7
6337;61;82;1;land;false;desert;7
6338;49;118;1;land;false;desert;7
6339;2;65;1;land;false;desert;7
6340;54;83;1;land;false;desert;7
6341;40;65;1;land;false;desert;7
6342;44;70;1;land;false;desert;7
6343;0;115;1;land;false;desert;7
6344;66;97;1;land;false;hills;7
6345;18;65;1;land;false;desert;7
6346;17;247;1;land;false;urban;7
6347;209;115;1;land;true;plains;7
6348;193;153;1;land;true;plains;7
6349;216;143;1;land;false;plains;7
6350;239;153;1;land;true;plains;7
6351;163;216;1;land;false;plains;7
6352;191;249;1;land;false;plains;7
6353;150;213;1;land;false;hills;7
6354;84;89;1;land;false;plains;7
6355;38;224;1;land;false;desert;7
6356;58;188;1;land;false;desert;7
6357;79;150;1;land;false;desert;7
6358;22;173;1;land;false;plains;7
6359;80;166;1;land;false;plains;7
6360;18;146;1;land;false;desert;7
6361;41;170;1;land;false;desert;7
6362;86;213;1;land;false;desert;7
6363;56;213;1;land;false;desert;7
6364;211;81;1;land;false;hills;7
6365;215;230;1;land;false;desert;7
6366;131;68;1;land;false;plains;7
6367;152;42;1;land;false;plains;7
6368;104;27;1;land;false;plains;7
6369;121;65;1;land;false;plains;7
6370;109;192;1;land;false;desert;7
6371;124;196;1;land;false;desert;7
6372;131;166;1;land;false;desert;7
6373;88;163;1;land;false;desert;7
6374;82;205;1;land;false;desert;7
6375;69;204;1;land;false;desert;7
6376;107;168;1;land;false;desert;7
6377;13;106;1;land;false;mountain;7
6378;3;42;1;land;false;mountain;7
6379;39;176;1;land;false;plains;7
6380;44;138;1;land;false;plains;7
6381;23;149;1;land;false;plains;7
6382;37;135;1;land;false;plains;7
6383;5;142;1;land;false;plains;7
6384;67;241;1;land;false;desert;7
6385;76;214;1;land;false;hills;7
6386;30;249;1;land;false;hills;7
6387;92;225;1;land;false;desert;7
6388;96;230;1;land;false;plains;7
6389;47;216;1;land;false;hills;7
6390;70;215;1;land;false;desert;7
6391;58;228;1;land;false;desert;7
6392;26;237;1;land;false;plains;7
6393;19;212;1;land;false;plains;7
6394;56;239;1;land;false;hills;7
6395;53;224;1;land;false;hills;7
6396;75;218;1;land;false;plains;7
6397;76;215;1;land;false;hills;7
6398;47;227;1;land;false;desert;7
6399;50;254;1;land;false;hills;7
6400;24;221;1;land;false;desert;7
6401;37;233;1;land;false;hills;7
6402;89;239;1;land;false;hills;7
6403;70;220;1;land;false;hills;7
6404;66;65;1;land;false;desert;7
6405;54;110;1;land;false;desert;7
6406;11;99;1;land;false;desert;7
6407;2;100;1;land;false;desert;7
6408;219;233;1;land;false;desert;7
6409;227;166;1;land;false;desert;7
6410;227;95;1;land;false;desert;7
6411;231;104;1;land;false;desert;7
6412;178;106;1;land;false;desert;7
6413;178;158;1;land;false;desert;7
6414;235;152;1;land;false;desert;7
6415;220;167;1;land;false;desert;7
6416;216;155;1;land;false;desert;7
6417;212;145;1;land;false;desert;7
6418;234;110;1;land;false;desert;7
6419;193;126;1;land;false;desert;7
6420;97;179;1;land;false;plains;7
6421;106;238;1;land;false;plains;7
6422;93;53;1;land;false;plains;7
6423;79;116;1;land;false;hills;7
6424;52;201;1;land;false;plains;7
6425;35;254;1;land;false;plains;7
6426;13;208;1;land;false;plains;7
6427;50;222;1;land;false;plains;7
6428;251;61;1;land;false;plains;7
6429;237;91;1;land;false;hills;7
6430;237;98;1;land;false;plains;7
6431;152;176;1;land;false;desert;7
6432;153;174;1;land;false;desert;7
6433;115;1;1;land;false;desert;7
6434;160;55;1;land;false;plains;7
6435;128;22;1;land;false;plains;7
6436;143;39;1;land;false;plains;7
6437;131;14;1;land;false;plains;7
6438;140;51;1;land;false;plains;7
6439;84;151;1;land;false;desert;7
6440;76;155;1;land;false;desert;7
6441;75;163;1;land;false;desert;7
6442;91;155;1;land;false;desert;7
6443;88;180;1;land;false;desert;7
6444;57;199;1;land;false;desert;7
6445;67;182;1;land;false;desert;7
6446;87;189;1;land;false;hills;7
6447;62;214;1;land;false;desert;7
6448;59;48;1;land;false;plains;7
6449;6;89;1;land;false;plains;7
6450;40;34;1;land;false;plains;7
6451;63;42;1;land;false;urban;7
6452;179;148;1;land;false;forest;7
6453;163;6;1;land;false;plains;7
6454;148;73;1;land;false;plains;7
6455;170;50;1;land;false;plains;7
6456;147;9;1;land;false;plains;7
6457;182;69;1;land;false;plains;7
6458;80;160;1;land;false;hills;7
6459;82;179;1;land;false;hills;7
6460;109;218;1;land;true;desert;7
6461;81;214;1;land;true;desert;7
6462;87;8;1;land;false;plains;7
6463;90;12;1;land;false;urban;7
6464;94;59;1;land;false;plains;7
6465;113;58;1;land;false;urban;7
6466;180;61;1;land;false;plains;7
6467;172;0;1;land;false;plains;7
6468;167;20;1;land;false;plains;7
6469;202;47;1;land;false;plains;7
6470;215;48;1;land;false;plains;7
6471;34;119;1;land;false;desert;7
6472;42;141;1;land;false;plains;7
6473;104;104;1;land;false;plains;7
6474;55;166;1;land;false;plains;7
6475;49;160;1;land;false;desert;7
6476;92;139;1;land;false;desert;7
6477;53;106;1;land;false;desert;7
6478;34;86;1;land;false;plains;7
6479;48;156;1;land;false;desert;7
6480;77;48;1;land;false;desert;7
6481;112;27;1;land;false;desert;7
6482;134;43;1;land;false;desert;7
6483;84;5;1;land;false;hills;7
6484;246;184;1;land;false;plains;7
6485;253;146;1;land;false;plains;7
6486;207;150;1;land;false;plains;7
6487;222;165;1;land;false;plains;7
6488;222;125;1;land;false;plains;7
6489;252;191;1;land;false;plains;7
6490;237;205;1;land;false;plains;7
6491;221;216;1;land;false;desert;7
6492;131;141;1;land;false;hills;7
6493;99;87;1;land;false;hills;7
6494;105;121;1;land;false;hills;7
6495;89;102;1;land;false;hills;7
6496;153;141;1;land;false;hills;7
6497;179;2;1;land;false;plains;7
6498;157;27;1;land;false;plains;7
6499;118;7;1;land;false;plains;7
6500;149;39;1;land;false;plains;7
6501;174;30;1;land;false;plains;7
6502;17;82;1;land;false;desert;7
6503;12;117;1;land;false;desert;7
6504;69;79;1;land;false;desert;7
6505;48;76;1;land;false;desert;7
6506;23;127;1;land;false;desert;7
6507;37;208;1;land;false;hills;7
6508;16;202;1;land;false;hills;7
6509;60;227;1;land;false;desert;7
6510;44;210;1;land;false;desert;7
6511;40;232;1;land;false;desert;7
6512;6;218;1;land;false;hills;7
6513;167;75;1;land;false;plains;7
6514;197;37;1;land;false;plains;7
6515;197;41;1;land;false;plains;7
6516;209;194;1;land;true;mountain;7
6517;96;120;1;land;false;desert;7
6518;114;70;1;land;false;desert;7
6519;61;105;1;land;false;desert;7
6520;248;67;1;land;false;hills;7
6521;206;74;1;land;false;desert;7
6522;216;41;1;land;false;hills;7
6523;237;75;1;land;false;hills;7
6524;225;253;1;land;false;plains;7
6525;253;211;1;land;false;plains;7
6526;132;19;1;land;false;desert;7
6527;135;73;1;land;true;desert;7
6528;87;37;1;land;true;desert;7
6529;129;65;1;land;true;desert;7
6530;19;175;1;land;false;plains;7
6531;12;146;1;land;false;plains;7
6532;31;182;1;land;false;plains;7
6533;19;144;1;land;false;plains;7
6534;35;158;1;land;false;plains;7
6535;12;105;1;land;false;plains;7
6536;32;119;1;land;false;plains;7
6537;171;198;1;land;true;plains;7
6538;145;247;1;land;false;desert;7
6539;180;200;1;land;true;plains;7
6540;128;219;1;land;true;plains;7
6541;176;111;1;land;false;desert;7
6542;179;114;1;land;false;hills;7
6543;213;129;1;land;false;plains;7
6544;171;117;1;land;false;plains;7
6545;150;144;1;land;false;hills;7
6546;194;123;1;land;false;desert;7
6547;184;124;1;land;false;plains;7
6548;163;145;1;land;false;plains;7
6549;142;139;1;land;false;plains;7
6550;147;120;1;land;false;desert;7
6551;39;25;1;land;false;plains;7
6552;73;42;1;land;false;plains;7
6553;61;48;1;land;false;plains;7
6554;27;47;1;land;false;plains;7
6555;34;39;1;land;false;plains;7
6556;95;15;1;land;false;plains;7
6557;37;26;1;land;false;plains;7
6558;51;32;1;land;false;plains;7
6559;73;18;1;land;false;plains;7
6560;78;1;1;land;false;plains;7
6561;68;30;1;land;false;plains;7
6562;35;9;1;land;false;plains;7
6563;66;3;1;land;false;plains;7
6564;44;114;1;land;false;desert;7
6565;82;71;1;land;false;desert;7
6566;38;56;1;land;true;desert;7
6567;47;128;1;land;false;desert;7
6568;89;103;1;land;false;desert;7
6569;26;89;1;land;false;desert;7
6570;60;90;1;land;false;desert;7
6571;26;125;1;land;false;desert;7
6572;74;58;1;land;false;desert;7
6573;47;69;1;land;true;desert;7
6574;49;113;1;land;false;desert;7
6575;40;102;1;land;false;desert;7
6576;88;93;1;land;false;desert;7
6577;45;72;1;land;false;desert;7
6578;54;55;1;land;false;desert;7
6579;225;229;1;land;true;hills;7
6580;187;222;1;land;true;hills;7
6581;196;206;1;land;true;hills;7
6582;240;115;1;land;false;desert;7
6583;235;150;1;land;false;desert;7
6584;252;168;1;land;false;desert;7
6585;234;106;1;land;false;plains;7
6586;212;168;1;land;false;plains;7
6587;230;167;1;land;false;plains;7
6588;202;131;1;land;false;desert;7
6589;235;146;1;land;false;plains;7
6590;210;161;1;land;false;plains;7
6591;125;187;1;land;false;desert;7
6592;90;121;1;land;true;plains;7
6593;206;180;1;land;true;hills;7
6594;209;215;1;land;false;hills;7
6595;33;97;1;land;false;hills;7
6596;21;90;1;land;false;desert;7
6597;134;218;1;land;false;desert;7
6598;116;178;1;land;false;plains;7
6599;111;185;1;land;false;plains;7
6600;117;206;1;land;false;plains;7
6601;115;183;1;land;false;plains;7
6602;189;192;1;land;false;plains;7
6603;157;219;1;land;false;plains;7
6604;189;219;1;land;false;plains;7
6605;155;213;1;land;false;plains;7
6606;156;207;1;land;false;plains;7
6607;140;61;1;land;true;plains;7
6608;170;16;1;land;true;mountain;7
6609;119;33;1;land;true;plains;7
6610;176;5;1;land;true;plains;7
6611;144;39;1;land;true;plains;7
6612;163;36;1;land;true;mountain;7
6613;55;169;1;land;false;plains;7
6614;52;195;1;land;false;plains;7
6615;35;140;1;land;false;plains;7
6616;13;164;1;land;false;plains;7
6617;26;64;1;land;false;plains;7
6618;95;44;1;land;false;plains;7
6619;69;50;1;land;false;plains;7
6620;70;64;1;land;false;hills;7
6621;74;108;1;land;false;plains;7
6622;39;72;1;land;false;plains;7
6623;27;77;1;land;false;hills;7
6624;230;150;1;land;false;desert;7
6625;234;194;1;land;false;desert;7
6626;167;177;1;land;false;desert;7
6627;231;197;1;land;false;desert;7
6628;165;150;1;land;false;desert;7
6629;231;195;1;land;false;desert;7
6630;186;182;1;land;false;hills;7
6631;179;154;1;land;false;desert;7
6632;200;196;1;land;false;desert;7
6633;162;131;1;land;false;desert;7
6634;28;63;1;land;false;desert;7
6635;55;94;1;land;false;desert;7
6636;27;64;1;land;false;desert;7
6637;22;92;1;land;false;desert;7
6638;11;71;1;land;false;desert;7
6639;45;79;1;land;false;desert;7
6640;43;61;1;land;false;desert;7
6641;25;105;1;land;false;desert;7
6642;24;45;1;land;false;desert;7
6643;67;75;1;land;false;desert;7
6644;177;166;1;land;false;hills;7
6645;156;197;1;land;false;plains;7
6646;210;188;1;land;false;plains;7
6647;188;123;1;land;false;plains;7
6648;223;138;1;land;false;plains;7
6649;181;127;1;land;false;plains;7
6650;200;145;1;land;false;hills;7
6651;236;74;1;land;false;hills;7
6652;214;60;1;land;false;desert;7
6653;224;47;1;land;false;desert;7
6654;72;166;1;land;false;mountain;7
6655;102;28;1;land;false;hills;7
6656;102;10;1;land;false;plains;7
6657;56;3;1;land;false;plains;7
6658;91;20;1;land;false;plains;7
6659;100;55;1;land;false;plains;7
6660;121;21;1;land;false;plains;7
6661;70;42;1;land;false;plains;7
6662;70;55;1;land;false;plains;7
6663;246;168;1;land;false;plains;7
6664;251;135;1;land;false;plains;7
6665;224;157;1;land;false;plains;7
6666;197;152;1;land;false;plains;7
6667;245;173;1;land;false;plains;7
6668;210;150;1;land;false;plains;7
6669;219;144;1;land;false;plains;7
6670;225;171;1;land;false;hills;7
6671;208;151;1;land;false;plains;7
6672;42;80;1;land;false;desert;7
6673;28;77;1;land;false;desert;7
6674;3;86;1;land;false;plains;7
6675;10;90;1;land;false;desert;7
6676;171;118;1;land;false;hills;7
6677;165;131;1;land;false;plains;7
6678;143;134;1;land;false;desert;7
6679;103;23;1;land;true;hills;7
6680;155;6;1;land;true;hills;7
6681;2;85;1;land;false;plains;7
6682;54;75;1;land;false;desert;7
6683;40;147;1;land;false;desert;7
6684;32;13;1;land;false;desert;7
6685;15;31;1;land;false;desert;7
6686;24;16;1;land;false;desert;7
6687;49;37;1;land;false;desert;7
6688;85;23;1;land;false;desert;7
6689;66;21;1;land;false;desert;7
6690;84;39;1;land;false;desert;7
6691;82;5;1;land;false;desert;7
6692;32;44;1;land;false;desert;7
6693;150;132;1;land;false;plains;7
6694;215;109;1;land;false;plains;7
6695;196;124;1;land;false;plains;7
6696;155;170;1;land;false;plains;7
6697;227;176;1;land;false;plains;7
6698;162;160;1;land;false;plains;7
6699;219;158;1;land;false;plains;7
6700;171;157;1;land;false;plains;7
6701;173;108;1;land;false;plains;7
6702;169;176;1;land;false;plains;7
6703;182;145;1;land;false;plains;7
6704;169;237;1;land;false;plains;7
6705;216;222;1;land;false;hills;7
6706;201;191;1;land;false;plains;7
6707;190;210;1;land;false;plains;7
6708;34;140;1;land;false;desert;7
6709;41;135;1;land;false;hills;7
6710;91;93;1;land;false;desert;7
6711;69;83;1;land;false;desert;7
6712;72;86;1;land;false;desert;7
6713;71;130;1;land;false;plains;7
6714;89;81;1;land;false;plains;7
6715;58;64;1;land;false;desert;7
6716;62;7;1;land;false;plains;7
6717;240;101;1;land;false;desert;7
6718;251;107;1;land;false;desert;7
6719;217;114;1;land;false;desert;7
6720;196;125;1;land;false;desert;7
6721;220;71;1;land;false;desert;7
6722;223;76;1;land;false;desert;7
6723;234;61;1;land;false;desert;7
6724;226;118;1;land;false;desert;7
6725;236;131;1;land;false;desert;7
6726;126;206;1;land;false;desert;7
6727;78;142;1;land;false;desert;7
6728;81;177;1;land;false;desert;7
6729;29;16;1;land;false;hills;7
6730;13;57;1;land;false;mountain;7
6731;5;4;1;land;false;hills;7
6732;5;46;1;land;false;mountain;7
6733;8;162;1;land;false;desert;7
6734;40;188;1;land;false;desert;7
6735;1;180;1;land;false;desert;7
6736;0;154;1;land;false;desert;7
6737;9;151;1;land;false;desert;7
6738;4;179;1;land;false;desert;7
6739;61;189;1;land;false;desert;7
6740;68;165;1;land;false;desert;7
6741;34;138;1;land;false;desert;7
6742;23;197;1;land;false;desert;7
6743;45;153;1;land;false;desert;7
6744;27;132;1;land;false;desert;7
6745;14;172;1;land;false;desert;7
6746;48;138;1;land;false;desert;7
6747;163;34;1;land;false;hills;7
6748;145;144;1;land;false;desert;7
6749;125;124;1;land;false;desert;7
6750;151;103;1;land;false;desert;7
6751;132;166;1;land;false;desert;7
6752;128;117;1;land;false;desert;7
6753;25;36;1;land;true;desert;7
6754;86;201;1;land;false;desert;7
6755;72;200;1;land;false;plains;7
6756;61;168;1;land;false;desert;7
6757;104;151;1;land;false;hills;7
6758;78;158;1;land;false;plains;7
6759;93;198;1;land;false;plains;7
6760;101;204;1;land;false;desert;7
6761;216;22;1;land;false;desert;7
6762;197;32;1;land;false;desert;7
6763;184;7;1;land;false;plains;7
6764;221;39;1;land;false;desert;7
6765;214;30;1;land;false;plains;7
6766;184;9;1;land;false;plains;7
6767;241;25;1;land;false;desert;7
6768;199;2;1;land;false;desert;7
6769;205;43;1;land;false;desert;7
6770;229;9;1;land;false;plains;7
6771;230;162;1;land;false;desert;7
6772;196;131;1;land;false;desert;7
6773;208;121;1;land;false;desert;7
6774;181;140;1;land;false;desert;7
6775;244;154;1;land;false;desert;7
6776;199;103;1;land;false;hills;7
6777;187;122;1;land;false;desert;7
6778;223;99;1;land;false;desert;7
6779;187;116;1;land;false;desert;7
6780;225;118;1;land;false;desert;7
6781;206;115;1;land;false;hills;7
6782;169;154;1;land;false;desert;7
6783;175;155;1;land;false;desert;7
6784;185;101;1;land;false;plains;7
6785;109;193;1;land;false;desert;7
6786;115;251;1;land;false;desert;7
6787;66;251;1;land;false;desert;7
6788;115;85;1;land;false;hills;7
6789;89;112;1;land;false;desert;7
6790;113;114;1;land;false;hills;7
6791;131;120;1;land;false;desert;7
6792;107;135;1;land;false;hills;7
6793;149;153;1;land;false;desert;7
6794;116;85;1;land;false;desert;7
6795;136;88;1;land;false;mountain;7
6796;121;109;1;land;false;desert;7
6797;158;104;1;land;false;hills;7
6798;101;100;1;land;false;mountain;7
6799;17;221;1;land;false;desert;7
6800;37;240;1;land;false;desert;7
6801;1;242;1;land;false;desert;7
6802;36;250;1;land;false;hills;7
6803;5;254;1;land;false;desert;7
6804;33;228;1;land;false;desert;7
6805;23;249;1;land;false;desert;7
6806;142;184;1;land;true;mountain;7
6807;141;251;1;land;true;mountain;7
6808;145;232;1;land;false;plains;7
6809;116;236;1;land;true;mountain;7
6810;150;203;1;land;true;plains;7
6811;154;224;1;land;true;plains;7
6812;102;209;1;land;true;hills;7
6813;120;250;1;land;true;plains;7
6814;99;241;1;land;true;mountain;7
6815;102;173;1;land;true;mountain;7
6816;144;196;1;land;true;mountain;7
6817;177;213;1;land;false;plains;7
6818;133;237;1;land;true;plains;7
6819;161;218;1;land;true;mountain;7
6820;176;182;1;land;true;mountain;7
6821;133;196;1;land;true;mountain;7
6822;148;103;1;land;false;plains;7
6823;177;108;1;land;false;plains;7
6824;152;91;1;land;false;urban;7
6825;76;190;1;land;false;plains;7
6826;25;199;1;land;false;desert;7
6827;25;231;1;land;false;desert;7
6828;24;242;1;land;false;desert;7
6829;80;206;1;land;false;plains;7
6830;46;211;1;land;false;desert;7
6831;44;228;1;land;false;plains;7
6832;160;71;1;land;false;plains;7
6833;179;77;1;land;false;plains;7
6834;22;214;1;land;false;desert;7
6835;75;169;1;land;false;desert;7
6836;70;239;1;land;false;desert;7
6837;65;226;1;land;false;desert;7
6838;53;178;1;land;false;desert;7
6839;43;216;1;land;false;desert;7
6840;69;239;1;land;false;desert;7
6841;30;73;1;land;false;plains;7
6842;92;110;1;land;false;plains;7
6843;35;64;1;land;false;plains;7
6844;31;120;1;land;false;plains;7
6845;57;67;1;land;false;plains;7
6846;58;127;1;land;false;plains;7
6847;108;74;1;land;false;plains;7
6848;42;65;1;land;false;plains;7
6849;85;102;1;land;false;plains;7
6850;56;125;1;land;false;plains;7
6851;104;78;1;land;false;plains;7
6852;103;66;1;land;false;plains;7
6853;100;83;1;land;false;plains;7
6854;94;99;1;land;false;plains;7
6855;192;248;1;land;false;desert;7
6856;236;249;1;land;true;plains;7
6857;188;52;1;land;false;plains;7
6858;219;45;1;land;false;hills;7
6859;74;179;1;land;false;plains;7
6860;96;197;1;land;false;plains;7
6861;116;182;1;land;false;desert;7
6862;108;183;1;land;false;desert;7
6863;58;186;1;land;false;plains;7
6864;124;158;1;land;false;plains;7
6865;59;210;1;land;false;plains;7
6866;63;163;1;land;false;desert;7
6867;68;167;1;land;false;plains;7
6868;87;193;1;land;false;desert;7
6869;123;207;1;land;false;desert;7
6870;53;155;1;land;false;desert;7
6871;68;231;1;land;false;plains;7
6872;93;117;1;land;false;plains;7
6873;109;116;1;land;true;plains;7
6874;154;112;1;land;false;plains;7
6875;235;205;1;land;false;desert;7
6876;252;215;1;land;false;desert;7
6877;247;196;1;land;false;desert;7
6878;223;180;1;land;false;desert;7
6879;240;199;1;land;false;desert;7
6880;239;147;1;land;false;desert;7
6881;254;157;1;land;false;desert;7
6882;229;44;1;land;false;desert;7
6883;236;78;1;land;false;desert;7
6884;233;22;1;land;false;desert;7
6885;244;51;1;land;false;desert;7
6886;222;65;1;land;false;desert;7
6887;249;51;1;land;false;desert;7
6888;214;42;1;land;false;desert;7
6889;235;62;1;land;false;desert;7
6890;222;37;1;land;false;desert;7
6891;250;79;1;land;false;desert;7
6892;232;58;1;land;false;desert;7
6893;219;77;1;land;false;desert;7
6894;231;10;1;land;false;desert;7
6895;99;125;1;land;false;desert;7
6896;108;115;1;land;false;desert;7
6897;120;170;1;land;false;desert;7
6898;167;24;1;land;false;plains;7
6899;195;40;1;land;false;plains;7
6900;184;35;1;land;false;urban;7
6901;149;43;1;land;false;urban;7
6902;20;169;1;land;false;hills;7
6903;7;186;1;land;false;desert;7
6904;7;169;1;land;false;desert;7
6905;14;219;1;land;false;desert;7
6906;49;10;1;land;true;desert;7
6907;22;0;1;land;false;desert;7
6908;4;26;1;land;true;desert;7
6909;27;0;1;land;true;desert;7
6910;62;17;1;land;true;hills;7
6911;59;41;1;land;false;desert;7
6912;18;10;1;land;false;desert;7
6913;199;145;1;land;false;desert;7
6914;147;130;1;land;false;desert;7
6915;155;132;1;land;false;desert;7
6916;194;118;1;land;false;desert;7
6917;202;170;1;land;false;desert;7
6918;171;63;1;land;false;desert;7
6919;112;157;1;land;false;plains;7
6920;106;140;1;land;false;plains;7
6921;112;160;1;land;false;plains;7
6922;67;121;1;land;false;plains;7
6923;250;233;1;land;false;plains;7
6924;245;237;1;land;false;plains;7
6925;203;204;1;land;false;plains;7
6926;195;218;1;land;false;plains;7
6927;94;34;1;land;true;plains;7
6928;128;226;1;land;false;mountain;7
6929;118;233;1;land;false;mountain;7
6930;53;125;1;land;false;hills;7
6931;52;101;1;land;false;hills;7
6932;12;157;1;land;false;plains;7
6933;51;169;1;land;false;desert;7
6934;29;146;1;land;false;plains;7
6935;28;140;1;land;false;plains;7
6936;23;135;1;land;false;desert;7
6937;14;161;1;land;false;plains;7
6938;27;149;1;land;false;plains;7
6939;12;176;1;land;false;desert;7
6940;185;34;1;land;false;plains;7
6941;143;42;1;land;false;plains;7
6942;152;79;1;land;true;plains;7
6943;144;9;1;land;false;plains;7
6944;152;53;1;land;false;plains;7
6945;172;75;1;land;true;plains;7
6946;137;17;1;land;true;plains;7
6947;194;79;1;land;false;plains;7
6948;147;233;1;land;true;mountain;7
6949;181;240;1;land;true;plains;7
6950;150;179;1;land;true;plains;7
6951;215;187;1;land;true;plains;7
6952;147;218;1;land;true;hills;7
6953;162;187;1;land;true;plains;7
6954;149;235;1;land;false;plains;7
6955;49;53;1;land;false;hills;7
6956;86;70;1;land;false;desert;7
6957;101;65;1;land;false;hills;7
6958;65;69;1;land;false;hills;7
6959;39;69;1;land;false;plains;7
6960;66;33;1;land;false;plains;7
6961;102;50;1;land;false;hills;7
6962;90;6;1;land;false;plains;7
6963;72;53;1;land;false;plains;7
6964;94;64;1;land;false;hills;7
6965;83;7;1;land;false;hills;7
6966;33;159;1;land;false;plains;7
6967;71;157;1;land;false;urban;7
6968;209;216;1;land;false;hills;7
6969;213;246;1;land;false;plains;7
6970;185;246;1;land;false;hills;7
6971;193;231;1;land;false;hills;7
6972;208;222;1;land;false;desert;7
6973;188;217;1;land;false;hills;7
6974;208;192;1;land;true;mountain;7
6975;251;191;1;land;false;hills;7
6976;239;138;1;land;false;plains;7
6977;138;44;1;land;false;plains;7
6978;92;94;1;land;false;desert;7
6979;133;98;1;land;false;desert;7
6980;110;91;1;land;false;desert;7
6981;71;135;1;land;false;desert;7
6982;82;109;1;land;false;desert;7
6983;129;72;1;land;false;desert;7
6984;213;237;1;land;false;hills;7
6985;214;245;1;land;false;hills;7
6986;217;226;1;land;false;forest;7
6987;242;225;1;land;false;hills;7
6988;15;146;1;land;false;desert;7
6989;14;127;1;land;true;desert;7
6990;28;152;1;land;true;desert;7
6991;46;174;1;land;true;desert;7
6992;186;218;1;land;false;forest;7
6993;39;174;1;land;false;hills;7
6994;22;164;1;land;false;plains;7
6995;119;235;1;land;false;plains;7
6996;124;224;1;land;false;plains;7
6997;200;155;1;land;true;desert;7
6998;203;127;1;land;true;desert;7
6999;68;11;1;land;false;plains;7
7000;76;29;1;land;false;plains;7
7001;30;81;1;land;false;plains;7
7002;20;72;1;land;false;plains;7
7003;52;79;1;land;false;plains;7
7004;55;88;1;land;false;plains;7
7005;42;53;1;land;false;plains;7
7006;76;94;1;land;false;plains;7
7007;161;195;1;land;false;plains;7
7008;160;220;1;land;false;urban;7
7009;179;228;1;land;false;forest;7
7010;232;138;1;land;false;plains;7
7011;190;111;1;land;false;plains;7
7012;187;156;1;land;false;hills;7
7013;221;162;1;land;false;plains;7
7014;222;123;1;land;false;plains;7
7015;210;141;1;land;false;desert;7
7016;211;154;1;land;false;plains;7
7017;96;199;1;land;false;desert;7
7018;80;212;1;land;false;hills;7
7019;94;225;1;land;false;plains;7
7020;125;195;1;land;false;plains;7
7021;75;236;1;land;false;desert;7
7022;70;251;1;land;false;plains;7
7023;127;218;1;land;false;plains;7
7024;114;206;1;land;false;plains;7
7025;133;212;1;land;false;plains;7
7026;118;237;1;land;false;hills;7
7027;146;253;1;land;false;desert;7
7028;129;81;1;land;false;plains;7
7029;118;121;1;land;false;plains;7
7030;221;193;1;land;true;mountain;7
7031;44;53;1;land;true;plains;7
7032;34;59;1;land;true;mountain;7
7033;30;80;1;land;true;hills;7
7034;24;55;1;land;true;desert;7
7035;148;217;1;land;false;hills;7
7036;191;218;1;land;false;hills;7
7037;148;225;1;land;false;hills;7
7038;171;229;1;land;false;hills;7
7039;151;7;1;land;true;plains;7
7040;145;25;1;land;true;desert;7
7041;133;75;1;land;true;mountain;7
7042;123;65;1;land;true;plains;7
7043;181;2;1;land;true;hills;7
7044;24;189;1;land;false;desert;7
7045;59;105;1;land;false;plains;7
7046;221;154;1;land;true;hills;7
7047;196;192;1;land;false;hills;7
7048;240;132;1;land;true;hills;7
7049;95;229;1;land;true;desert;7
7050;225;250;1;land;false;plains;7
7051;225;219;1;land;false;plains;7
7052;213;232;1;land;false;plains;7
7053;214;219;1;land;false;plains;7
7054;239;242;1;land;false;plains;7
7055;241;230;1;land;false;plains;7
7056;225;226;1;land;false;desert;7
7057;213;236;1;land;false;plains;7
7058;234;235;1;land;false;plains;7
7059;221;205;1;land;false;plains;7
7060;116;156;1;land;false;desert;7
7061;155;113;1;land;false;desert;7
7062;152;204;1;land;false;plains;7
7063;159;183;1;land;false;hills;7
7064;34;123;1;land;false;desert;7
7065;42;101;1;land;false;hills;7
7066;65;238;1;land;false;plains;7
7067;181;106;1;land;false;desert;7
7068;218;87;1;land;false;desert;7
7069;213;59;1;land;false;desert;7
7070;172;92;1;land;false;desert;7
7071;208;209;1;land;true;hills;7
7072;190;230;1;land;true;plains;7
7073;197;225;1;land;false;plains;7
7074;149;211;1;land;true;plains;7
7075;142;182;1;land;true;desert;7
7076;182;235;1;land;false;plains;7
7077;185;216;1;land;false;plains;7
7078;76;41;1;land;false;hills;7
7079;63;27;1;land;false;desert;7
7080;54;7;1;land;false;hills;7
7081;41;62;1;land;false;plains;7
7082;83;59;1;land;false;desert;7
7083;70;66;1;land;false;desert;7
7084;48;52;1;land;false;desert;7
7085;80;197;1;land;true;mountain;7
7086;115;226;1;land;false;hills;7
7087;90;221;1;land;true;mountain;7
7088;226;51;1;land;false;hills;7
7089;210;83;1;land;false;hills;7
7090;249;108;1;land;false;plains;7
7091;211;163;1;land;false;plains;7
7092;247;111;1;land;false;plains;7
7093;246;159;1;land;false;plains;7
7094;235;165;1;land;false;desert;7
7095;213;132;1;land;false;plains;7
7096;205;169;1;land;false;plains;7
7097;233;137;1;land;false;hills;7
7098;188;131;1;land;false;plains;7
7099;234;173;1;land;false;plains;7
7100;241;169;1;land;false;plains;7
7101;183;111;1;land;false;plains;7
7102;204;112;1;land;false;desert;7
7103;222;184;1;land;false;desert;7
7104;214;113;1;land;false;plains;7
7105;244;137;1;land;false;plains;7
7106;237;135;1;land;false;plains;7
7107;210;166;1;land;false;plains;7
7108;195;141;1;land;false;hills;7
7109;247;164;1;land;false;plains;7
7110;200;130;1;land;false;desert;7
7111;185;158;1;land;false;plains;7
7112;183;120;1;land;false;plains;7
7113;191;117;1;land;false;desert;7
7114;111;4;1;land;false;desert;7
7115;86;26;1;land;false;desert;7
7116;85;9;1;land;false;desert;7
7117;100;19;1;land;false;desert;7
7118;139;55;1;land;false;desert;7
7119;138;154;1;land;false;hills;7
7120;118;170;1;land;false;plains;7
7121;101;189;1;land;false;hills;7
7122;143;173;1;land;false;hills;7
7123;17;10;1;land;false;desert;7
7124;33;1;1;land;true;plains;7
7125;43;6;1;land;true;desert;7
7126;10;57;1;land;false;desert;7
7127;40;48;1;land;false;desert;7
7128;205;56;1;land;true;plains;7
7129;212;56;1;land;true;mountain;7
7130;205;52;1;land;true;mountain;7
7131;83;122;1;land;true;hills;7
7132;103;138;1;land;true;plains;7
7133;129;121;1;land;false;plains;7
7134;100;130;1;land;true;plains;7
7135;93;132;1;land;false;plains;7
7136;64;116;1;land;false;hills;7
7137;87;98;1;land;true;hills;7
7138;106;162;1;land;false;hills;7
7139;59;161;1;land;true;mountain;7
7140;112;28;1;land;false;desert;7
7141;159;20;1;land;false;plains;7
7142;94;22;1;land;true;desert;7
7143;165;1;1;land;false;desert;7
7144;148;23;1;land;false;desert;7
7145;146;33;1;land;false;desert;7
7146;121;5;1;land;true;desert;7
7147;102;11;1;land;false;desert;7
7148;149;21;1;land;false;desert;7
7149;147;58;1;land;false;plains;7
7150;95;46;1;land;false;desert;7
7151;15;168;1;land;false;plains;7
7152;3;145;1;land;true;mountain;7
7153;22;183;1;land;true;mountain;7
7154;49;172;1;land;false;plains;7
7155;37;138;1;land;true;mountain;7
7156;26;217;1;land;false;plains;7
7157;38;243;1;land;false;plains;7
7158;39;217;1;land;false;plains;7
7159;37;229;1;land;false;plains;7
7160;170;123;1;land;false;plains;7
7161;168;121;1;land;false;plains;7
7162;158;128;1;land;false;plains;7
7163;155;130;1;land;false;plains;7
7164;130;118;1;land;false;plains;7
7165;149;34;1;land;false;desert;7
7166;136;32;1;land;false;desert;7
7167;164;15;1;land;false;desert;7
7168;180;19;1;land;false;desert;7
7169;155;27;1;land;false;hills;7
7170;182;26;1;land;false;desert;7
7171;33;93;1;land;false;hills;7
7172;84;201;1;land;false;plains;7
7173;31;202;1;land;false;plains;7
7174;19;236;1;land;false;plains;7
7175;66;252;1;land;false;plains;7
7176;47;250;1;land;false;plains;7
7177;75;240;1;land;false;plains;7
7178;157;67;1;land;false;desert;7
7179;221;57;1;land;false;plains;7
7180;191;99;1;land;false;plains;7
7181;182;40;1;land;false;desert;7
7182;187;89;1;land;false;plains;7
7183;200;55;1;land;false;plains;7
7184;171;49;1;land;false;desert;7
7185;166;93;1;land;false;plains;7
7186;222;84;1;land;false;desert;7
7187;206;42;1;land;false;hills;7
7188;167;82;1;land;false;hills;7
7189;177;73;1;land;false;hills;7
7190;162;76;1;land;false;mountain;7
7191;214;74;1;land;false;hills;7
7192;219;86;1;land;false;plains;7
7193;204;65;1;land;false;desert;7
7194;159;66;1;land;false;plains;7
7195;189;78;1;land;false;hills;7
7196;182;110;1;land;false;desert;7
7197;222;103;1;land;false;plains;7
7198;202;75;1;land;false;desert;7
7199;171;72;1;land;false;plains;7
7200;157;71;1;land;false;hills;7
7201;214;106;1;land;false;hills;7
7202;168;91;1;land;false;hills;7
7203;186;230;1;land;false;plains;7
7204;205;201;1;land;false;hills;7
7205;135;71;1;land;false;desert;7
7206;135;109;1;land;false;plains;7
7207;84;138;1;land;true;hills;7
7208;94;117;1;land;true;plains;7
7209;107;73;1;land;false;hills;7
7210;68;144;1;land;false;desert;7
7211;75;179;1;land;false;plains;7
7212;109;199;1;land;false;urban;7
7213;103;159;1;land;false;plains;7
7214;201;102;1;land;true;plains;7
7215;212;87;1;land;false;plains;7
7216;221;56;1;land;true;plains;7
7217;235;48;1;land;true;plains;7
7218;13;210;1;land;true;mountain;7
7219;20;200;1;land;true;hills;7
7220;10;201;1;land;true;hills;7
7221;149;32;1;land;false;plains;7
7222;158;34;1;land;true;plains;7
7223;153;97;1;land;true;plains;7
7224;9;146;1;land;false;desert;7
7225;23;141;1;land;false;desert;7
7226;65;173;1;land;false;desert;7
7227;195;247;1;land;false;desert;7
7228;167;138;1;land;true;plains;7
7229;161;115;1;land;true;plains;7
7230;182;149;1;land;true;plains;7
7231;109;42;1;land;false;plains;7
7232;57;53;1;land;false;hills;7
7233;55;7;1;land;false;hills;7
7234;42;125;1;land;false;hills;7
7235;189;239;1;land;false;desert;7
7236;232;232;1;land;false;plains;7
7237;219;119;1;land;false;hills;7
7238;227;131;1;land;false;plains;7
7239;155;254;1;land;false;plains;7
7240;142;214;1;land;false;plains;7
7241;104;232;1;land;false;urban;7
7242;163;227;1;land;false;urban;7
7243;136;98;1;land;false;plains;7
7244;139;103;1;land;false;urban;7
7245;149;101;1;land;false;plains;7
7246;93;81;1;land;false;plains;7
7247;19;168;1;land;false;plains;7
7248;38;190;1;land;false;urban;7
7249;27;219;1;land;false;urban;7
7250;52;87;1;land;false;desert;7
7251;14;79;1;land;false;hills;7
7252;9;106;1;land;false;desert;7
7253;163;246;1;land;false;desert;7
7254;161;213;1;land;false;desert;7
7255;131;49;1;land;false;desert;7
7256;175;75;1;land;false;desert;7
7257;23;203;1;land;false;hills;7
7258;58;110;1;land;false;desert;7
7259;100;110;1;land;false;plains;7
7260;87;74;1;land;false;desert;7
7261;47;66;1;land;false;plains;7
7262;93;94;1;land;false;desert;7
7263;111;79;1;land;false;desert;7
7264;245;196;1;land;true;desert;7
7265;231;202;1;land;false;plains;7
7266;212;193;1;land;false;plains;7
7267;215;153;1;land;true;plains;7
7268;196;205;1;land;false;desert;7
7269;209;131;1;land;true;mountain;7
7270;189;164;1;land;true;plains;7
7271;205;146;1;land;false;desert;7
7272;76;85;1;land;true;mountain;7
7273;244;174;1;land;true;hills;7
7274;204;42;1;land;false;plains;7
7275;253;46;1;land;false;plains;7
7276;207;50;1;land;true;plains;7
7277;236;24;1;land;true;plains;7
7278;116;190;1;land;false;plains;7
7279;145;181;1;land;false;plains;7
7280;156;239;1;land;false;urban;7
7281;101;211;1;land;false;plains;7
7282;115;222;1;land;false;plains;7
7283;92;45;1;land;false;plains;7
7284;131;47;1;land;false;urban;7
7285;136;38;1;land;false;forest;7
7286;248;188;1;land;true;forest;7
7287;252;170;1;land;false;hills;7
7288;223;163;1;land;true;plains;7
7289;238;165;1;land;false;hills;7
7290;220;153;1;land;true;mountain;7
7291;220;169;1;land;true;mountain;7
7292;239;121;1;land;false;forest;7
7293;234;183;1;land;true;mountain;7
7294;244;143;1;land;false;hills;7
7295;223;156;1;land;false;forest;7
7296;65;67;1;land;false;plains;7
7297;38;36;1;land;false;plains;7
7298;50;62;1;land;false;plains;7
7299;25;96;1;land;false;plains;7
7300;23;57;1;land;false;plains;7
7301;40;79;1;land;false;plains;7
7302;9;76;1;land;false;plains;7
7303;33;80;1;land;false;plains;7
7304;10;36;1;land;false;plains;7
7305;33;58;1;land;false;plains;7
7306;35;35;1;land;false;plains;7
7307;184;178;1;land;false;plains;7
7308;149;152;1;land;false;plains;7
7309;166;125;1;land;false;plains;7
7310;156;173;1;land;false;plains;7
7311;133;166;1;land;false;plains;7
7312;153;8;1;land;false;desert;7
7313;182;44;1;land;false;desert;7
7314;193;29;1;land;true;desert;7
7315;132;34;1;land;false;desert;7
7316;200;39;1;land;false;desert;7
7317;159;4;1;land;false;desert;7
7318;161;48;1;land;false;desert;7
7319;154;10;1;land;false;desert;7
7320;81;115;1;land;false;plains;7
7321;56;100;1;land;false;plains;7
7322;76;121;1;land;false;plains;7
7323;32;129;1;land;false;plains;7
7324;64;145;1;land;false;plains;7
7325;61;149;1;land;false;plains;7
7326;7;95;1;land;false;plains;7
7327;99;6;1;land;false;plains;7
7328;103;19;1;land;false;plains;7
7329;42;28;1;land;false;plains;7
7330;42;2;1;land;false;hills;7
7331;108;12;1;land;false;plains;7
7332;228;161;1;land;true;desert;7
7333;250;180;1;land;true;desert;7
7334;231;182;1;land;true;desert;7
7335;199;155;1;land;false;desert;7
7336;219;187;1;land;false;plains;7
7337;229;228;1;land;true;plains;7
7338;208;246;1;land;true;plains;7
7339;178;197;1;land;true;mountain;7
7340;242;221;1;land;true;hills;7
7341;59;73;1;land;false;hills;7
7342;144;20;1;land;false;hills;7
7343;101;2;1;land;false;hills;7
7344;14;115;1;land;false;plains;7
7345;28;108;1;land;false;plains;7
7346;41;20;1;land;true;mountain;7
7347;23;1;1;land;false;urban;7
7348;24;30;1;land;true;plains;7
7349;21;184;1;land;false;hills;7
7350;162;83;1;land;false;plains;7
7351;185;54;1;land;false;plains;7
7352;183;80;1;land;false;plains;7
7353;206;33;1;land;false;plains;7
7354;219;65;1;land;false;plains;7
7355;211;105;1;land;false;hills;7
7356;190;155;1;land;false;plains;7
7357;162;104;1;land;false;hills;7
7358;205;114;1;land;false;plains;7
7359;202;126;1;land;false;plains;7
7360;41;49;1;land;false;plains;7
7361;55;42;1;land;false;plains;7
7362;35;19;1;land;false;plains;7
7363;86;21;1;land;false;plains;7
7364;126;182;1;land;false;plains;7
7365;232;24;1;land;false;plains;7
7366;220;32;1;land;false;desert;7
7367;210;162;1;land;false;desert;7
7368;203;164;1;land;false;desert;7
7369;224;88;1;land;false;desert;7
7370;200;133;1;land;false;desert;7
7371;222;106;1;land;false;desert;7
7372;232;146;1;land;false;plains;7
7373;214;153;1;land;false;desert;7
7374;152;190;1;land;false;hills;7
7375;99;237;1;land;false;plains;7
7376;125;248;1;land;false;plains;7
7377;107;190;1;land;false;urban;7
7378;79;190;1;land;false;plains;7
7379;119;185;1;land;false;plains;7
7380;86;192;1;land;false;plains;7
7381;118;133;1;land;false;plains;7
7382;139;152;1;land;false;plains;7
7383;110;115;1;land;false;plains;7
7384;151;146;1;land;false;plains;7
7385;110;144;1;land;false;plains;7
7386;6;230;1;land;true;mountain;7
7387;58;237;1;land;true;mountain;7
7388;29;225;1;land;true;mountain;7
7389;60;219;1;land;true;desert;7
7390;5;223;1;land;true;desert;7
7391;64;254;1;land;true;desert;7
7392;19;101;1;land;false;hills;7
7393;9;74;1;land;false;desert;7
7394;6;84;1;land;false;desert;7
7395;62;63;1;land;false;hills;7
7396;178;199;1;land;false;hills;7
7397;208;134;1;land;false;plains;7
7398;168;143;1;land;false;plains;7
7399;227;86;1;land;false;desert;7
7400;206;85;1;land;false;plains;7
7401;169;118;1;land;false;plains;7
7402;218;88;1;land;false;plains;7
7403;230;80;1;land;false;plains;7
7404;173;121;1;land;false;plains;7
7405;189;99;1;land;false;desert;7
7406;77;231;1;land;false;mountain;7
7407;186;116;1;land;false;hills;7
7408;92;169;1;land;true;plains;7
7409;84;228;1;land;false;plains;7
7410;42;183;1;land;false;plains;7
7411;24;190;1;land;true;plains;7
7412;36;171;1;land;false;plains;7
7413;60;180;1;land;false;plains;7
7414;57;184;1;land;false;plains;7
7415;97;162;1;land;false;plains;7
7416;40;196;1;land;false;plains;7
7417;102;204;1;land;false;plains;7
7418;63;211;1;land;false;plains;7
7419;96;94;1;land;false;plains;7
7420;76;92;1;land;false;urban;7
7421;215;202;1;land;false;desert;7
7422;217;201;1;land;false;desert;7
7423;236;246;1;land;false;desert;7
7424;222;237;1;land;true;hills;7
7425;201;52;1;land;false;hills;7
7426;247;62;1;land;false;desert;7
7427;191;28;1;land;true;hills;7
7428;130;184;1;land;false;desert;7
7429;160;85;1;land;true;hills;7
7430;153;78;1;land;false;hills;7
7431;135;102;1;land;false;hills;7
7432;112;91;1;land;false;hills;7
7433;126;87;1;land;true;mountain;7
7434;143;54;1;land;true;plains;7
7435;141;59;1;land;true;mountain;7
7436;127;115;1;land;false;plains;7
7437;115;98;1;land;false;hills;7
7438;30;161;1;land;false;plains;7
7439;21;174;1;land;true;plains;7
7440;43;147;1;land;false;plains;7
7441;0;170;1;land;false;plains;7
7442;12;66;1;land;false;plains;7
7443;36;76;1;land;false;plains;7
7444;188;129;1;land;false;hills;7
7445;133;132;1;land;false;hills;7
7446;188;53;1;land;false;hills;7
7447;178;56;1;land;false;forest;7
7448;156;46;1;land;false;hills;7
7449;63;156;1;land;false;mountain;7
7450;91;29;1;land;false;forest;7
7451;89;36;1;land;false;forest;7
7452;37;3;1;land;false;forest;7
7453;22;33;1;land;false;forest;7
7454;33;13;1;land;false;urban;7
7455;25;5;1;land;false;forest;7
7456;97;31;1;land;false;forest;7
7457;196;139;1;land;false;hills;7
7458;238;105;1;land;false;hills;7
7459;249;43;1;land;true;mountain;7
7460;245;31;1;land;true;hills;7
7461;89;135;1;land;true;hills;7
7462;223;214;1;land;false;mountain;7
7463;243;254;1;land;false;hills;7
7464;247;231;1;land;false;forest;7
7465;250;240;1;land;false;hills;7
7466;253;247;1;land;false;hills;7
7467;161;69;1;land;false;hills;7
7468;158;73;1;land;false;plains;7
7469;162;35;1;land;false;hills;7
7470;141;45;1;land;false;hills;7
7471;155;212;1;land;false;desert;7
7472;187;227;1;land;false;plains;7
7473;204;243;1;land;false;plains;7
7474;149;181;1;land;false;hills;7
7475;172;175;1;land;false;plains;7
7476;169;203;1;land;false;plains;7
7477;187;207;1;land;false;plains;7
7478;156;210;1;land;false;plains;7
7479;186;174;1;land;false;mountain;7
7480;141;179;1;land;false;plains;7
7481;182;198;1;land;false;hills;7
7482;204;229;1;land;false;plains;7
7483;140;240;1;land;false;plains;7
7484;196;218;1;land;false;hills;7
7485;164;190;1;land;false;plains;7
7486;12;90;1;land;false;plains;7
7487;34;51;1;land;false;hills;7
7488;83;116;1;land;false;desert;7
7489;15;173;1;land;false;plains;7
7490;25;173;1;land;false;plains;7
7491;38;184;1;land;false;plains;7
7492;74;193;1;land;false;plains;7
7493;23;137;1;land;false;plains;7
7494;11;154;1;land;false;plains;7
7495;218;27;1;land;false;plains;7
7496;160;29;1;land;false;plains;7
7497;148;25;1;land;false;plains;7
7498;144;22;1;land;false;plains;7
7499;206;78;1;land;false;plains;7
7500;148;69;1;land;false;plains;7
7501;173;226;1;land;false;desert;7
7502;196;207;1;land;false;hills;7
7503;192;238;1;land;false;desert;7
7504;244;182;1;land;false;desert;7
7505;202;228;1;land;false;desert;7
7506;114;39;1;land;false;plains;7
7507;118;51;1;land;false;plains;7
7508;83;31;1;land;false;hills;7
7509;98;192;1;land;false;plains;7
7510;61;191;1;land;false;plains;7
7511;247;9;1;land;true;plains;7
7512;221;4;1;land;true;plains;7
7513;211;5;1;land;true;plains;7
7514;196;18;1;land;false;desert;7
7515;193;15;1;land;false;desert;7
7516;241;31;1;land;false;plains;7
7517;247;32;1;land;false;desert;7
7518;203;23;1;land;false;plains;7
7519;200;36;1;land;true;desert;7
7520;203;26;1;land;true;desert;7
7521;227;30;1;land;false;desert;7
7522;227;38;1;land;false;plains;7
7523;18;143;1;land;false;desert;7
7524;15;119;1;land;false;desert;7
7525;104;17;1;land;true;desert;7
7526;162;43;1;land;true;desert;7
7527;102;41;1;land;true;desert;7
7528;167;2;1;land;true;desert;7
7529;120;58;1;land;true;desert;7
7530;118;21;1;land;true;mountain;7
7531;122;127;1;land;true;mountain;7
7532;4;212;1;land;false;desert;7
7533;51;133;1;land;false;plains;7
7534;40;187;1;land;false;plains;7
7535;86;182;1;land;false;plains;7
7536;75;141;1;land;false;plains;7
7537;35;155;1;land;false;plains;7
7538;35;139;1;land;false;plains;7
7539;86;176;1;land;false;plains;7
7540;32;179;1;land;false;plains;7
7541;60;159;1;land;false;plains;7
7542;53;179;1;land;false;plains;7
7543;30;181;1;land;false;plains;7
7544;26;171;1;land;false;plains;7
7545;27;125;1;land;false;plains;7
7546;171;235;1;land;false;hills;7
7547;175;231;1;land;false;mountain;7
7548;184;225;1;land;false;hills;7
7549;171;223;1;land;false;hills;7
7550;62;121;1;land;false;desert;7
7551;26;166;1;land;false;desert;7
7552;50;134;1;land;false;desert;7
7553;178;225;1;land;true;desert;7
7554;187;246;1;land;true;desert;7
7555;210;228;1;land;false;hills;7
7556;175;145;1;land;false;desert;7
7557;205;120;1;land;false;desert;7
7558;196;115;1;land;false;desert;7
7559;202;148;1;land;false;desert;7
7560;184;109;1;land;false;desert;7
7561;193;161;1;land;false;desert;7
7562;233;168;1;land;false;desert;7
7563;83;51;1;land;false;plains;7
7564;121;8;1;land;false;plains;7
7565;74;12;1;land;false;plains;7
7566;73;0;1;land;false;plains;7
7567;120;114;1;land;false;desert;7
7568;72;65;1;land;false;desert;7
7569;230;225;1;land;false;hills;7
7570;253;137;1;land;false;desert;7
7571;225;136;1;land;false;desert;7
7572;243;105;1;land;false;desert;7
7573;213;147;1;land;false;desert;7
7574;231;129;1;land;false;desert;7
7575;245;99;1;land;false;desert;7
7576;240;126;1;land;false;desert;7
7577;115;193;1;land;true;mountain;7
7578;108;94;1;land;false;desert;7
7579;102;107;1;land;false;desert;7
7580;9;187;1;land;false;hills;7
7581;48;119;1;land;false;plains;7
7582;61;104;1;land;false;plains;7
7583;30;45;1;land;false;plains;7
7584;54;65;1;land;false;plains;7
7585;27;100;1;land;false;plains;7
7586;7;74;1;land;false;plains;7
7587;10;89;1;land;false;plains;7
7588;24;110;1;land;false;plains;7
7589;40;96;1;land;false;plains;7
7590;43;117;1;land;false;plains;7
7591;20;83;1;land;false;plains;7
7592;157;217;1;land;false;desert;7
7593;168;194;1;land;false;desert;7
7594;148;52;1;land;false;hills;7
7595;175;0;1;land;false;hills;7
7596;194;24;1;land;false;hills;7
7597;194;16;1;land;false;hills;7
7598;60;144;1;land;false;hills;7
7599;82;159;1;land;false;hills;7
7600;106;59;1;land;true;hills;7
7601;80;57;1;land;false;plains;7
7602;91;66;1;land;false;plains;7
7603;78;93;1;land;false;plains;7
7604;72;64;1;land;false;plains;7
7605;56;102;1;land;false;plains;7
7606;90;105;1;land;true;hills;7
7607;104;83;1;land;false;hills;7
7608;188;169;1;land;false;desert;7
7609;247;160;1;land;false;desert;7
7610;236;144;1;land;false;hills;7
7611;241;194;1;land;false;hills;7
7612;218;194;1;land;false;desert;7
7613;224;149;1;land;false;desert;7
7614;190;136;1;land;false;desert;7
7615;127;247;1;land;true;hills;7
7616;78;247;1;land;false;hills;7
7617;230;112;1;land;false;hills;7
7618;235;90;1;land;false;hills;7
7619;2;226;1;land;false;desert;7
7620;29;219;1;land;false;desert;7
7621;18;243;1;land;false;desert;7
7622;49;240;1;land;false;desert;7
7623;189;121;1;land;true;mountain;7
7624;143;95;1;land;true;hills;7
7625;180;185;1;land;false;desert;7
7626;118;196;1;land;false;desert;7
7627;167;197;1;land;false;desert;7
7628;160;171;1;land;false;desert;7
7629;185;224;1;land;false;desert;7
7630;150;187;1;land;false;desert;7
7631;126;209;1;land;false;desert;7
7632;177;202;1;land;false;desert;7
7633;189;175;1;land;false;desert;7
7634;149;189;1;land;false;desert;7
7635;154;188;1;land;false;desert;7
7636;122;175;1;land;false;desert;7
7637;30;89;1;land;true;plains;7
7638;52;118;1;land;false;plains;7
7639;52;123;1;land;true;plains;7
7640;59;98;1;land;false;plains;7
7641;73;118;1;land;false;plains;7
7642;71;70;1;land;false;plains;7
7643;46;71;1;land;true;plains;7
7644;50;83;1;land;true;plains;7
7645;37;119;1;land;false;plains;7
7646;8;63;1;land;false;plains;7
7647;72;123;1;land;false;plains;7
7648;27;220;1;land;false;desert;7
7649;95;247;1;land;false;desert;7
7650;77;222;1;land;false;desert;7
7651;70;211;1;land;false;desert;7
7652;221;42;1;land;false;hills;7
7653;227;98;1;land;false;hills;7
7654;238;206;1;land;false;plains;7
7655;160;226;1;land;false;plains;7
7656;81;74;1;land;false;desert;7
7657;44;38;1;land;false;desert;7
7658;103;15;1;land;false;desert;7
7659;97;20;1;land;false;desert;7
7660;106;36;1;land;false;desert;7
7661;73;28;1;land;false;desert;7
7662;78;13;1;land;false;desert;7
7663;76;64;1;land;false;desert;7
7664;58;59;1;land;false;desert;7
7665;88;209;1;land;false;desert;7
7666;109;196;1;land;false;desert;7
7667;110;186;1;land;false;plains;7
7668;91;214;1;land;false;plains;7
7669;99;185;1;land;false;desert;7
7670;104;206;1;land;false;plains;7
7671;220;64;1;land;false;plains;7
7672;247;96;1;land;false;plains;7
7673;227;53;1;land;false;plains;7
7674;214;99;1;land;false;plains;7
7675;226;57;1;land;false;plains;7
7676;216;93;1;land;false;plains;7
7677;237;40;1;land;false;desert;7
7678;243;70;1;land;false;desert;7
7679;220;61;1;land;false;plains;7
7680;236;176;1;land;false;plains;7
7681;139;13;1;land;false;desert;7
7682;139;69;1;land;false;desert;7
7683;120;48;1;land;false;hills;7
7684;141;21;1;land;false;desert;7
7685;155;7;1;land;false;hills;7
7686;129;10;1;land;false;desert;7
7687;135;219;1;land;false;desert;7
7688;118;180;1;land;false;hills;7
7689;171;201;1;land;false;desert;7
7690;160;194;1;land;false;desert;7
7691;189;184;1;land;false;desert;7
7692;197;155;1;land;false;desert;7
7693;152;158;1;land;false;desert;7
7694;58;16;1;land;false;plains;7
7695;36;41;1;land;false;plains;7
7696;70;14;1;land;false;plains;7
7697;57;60;1;land;false;plains;7
7698;72;2;1;land;false;plains;7
7699;32;53;1;land;false;plains;7
7700;11;57;1;land;false;plains;7
7701;17;17;1;land;false;plains;7
7702;51;49;1;land;false;plains;7
7703;240;6;1;land;true;forest;7
7704;198;116;1;land;false;plains;7
7705;227;160;1;land;false;plains;7
7706;221;151;1;land;false;hills;7
7707;215;172;1;land;false;hills;7
7708;200;132;1;land;false;desert;7
7709;198;118;1;land;false;plains;7
7710;249;99;1;land;false;plains;7
7711;215;123;1;land;false;hills;7
7712;208;51;1;land;false;desert;7
7713;168;162;1;land;true;mountain;7
7714;40;220;1;land;false;hills;7
7715;6;224;1;land;false;desert;7
7716;10;143;1;land;false;plains;7
7717;0;144;1;land;false;plains;7
7718;9;92;1;land;false;plains;7
7719;25;117;1;land;false;plains;7
7720;21;108;1;land;false;plains;7
7721;32;45;1;land;false;plains;7
7722;1;47;1;land;false;urban;7
7723;17;12;1;land;false;plains;7
7724;7;11;1;land;false;plains;7
7725;29;48;1;land;false;plains;7
7726;29;50;1;land;false;plains;7
7727;36;32;1;land;false;plains;7
7728;10;35;1;land;false;plains;7
7729;227;70;1;land;false;desert;7
7730;236;80;1;land;false;plains;7
7731;222;92;1;land;false;desert;7
7732;221;134;1;land;false;desert;7
7733;216;105;1;land;false;plains;7
7734;235;130;1;land;false;desert;7
7735;204;104;1;land;false;desert;7
7736;254;97;1;land;false;desert;7
7737;212;106;1;land;false;hills;7
7738;250;75;1;land;false;plains;7
7739;252;108;1;land;false;desert;7
7740;233;107;1;land;false;plains;7
7741;244;138;1;land;false;desert;7
7742;79;241;1;land;false;desert;7
7743;47;229;1;land;false;desert;7
7744;57;223;1;land;false;desert;7
7745;108;198;1;land;false;desert;7
7746;50;233;1;land;false;desert;7
7747;57;213;1;land;false;desert;7
7748;76;239;1;land;false;desert;7
7749;86;237;1;land;false;desert;7
7750;108;253;1;land;false;desert;7
7751;62;198;1;land;false;desert;7
7752;90;214;1;land;false;desert;7
7753;68;82;1;land;false;plains;7
7754;40;43;1;land;false;hills;7
7755;83;73;1;land;false;hills;7
7756;67;51;1;land;false;mountain;7
7757;56;232;1;land;true;plains;7
7758;20;214;1;land;false;plains;7
7759;45;221;1;land;false;plains;7
7760;11;188;1;land;false;plains;7
7761;85;196;1;land;true;plains;7
7762;38;198;1;land;false;plains;7
7763;70;246;1;land;false;plains;7
7764;49;83;1;land;false;desert;7
7765;56;73;1;land;true;desert;7
7766;10;140;1;land;true;mountain;7
7767;41;124;1;land;true;desert;7
7768;32;71;1;land;true;desert;7
7769;26;101;1;land;true;desert;7
7770;12;86;1;land;true;desert;7
7771;145;227;1;land;false;plains;7
7772;143;212;1;land;false;hills;7
7773;79;164;1;land;true;plains;7
7774;138;58;1;land;false;hills;7
7775;125;112;1;land;false;desert;7
7776;63;84;1;land;false;desert;7
7777;97;105;1;land;false;hills;7
7778;101;74;1;land;false;desert;7
7779;98;62;1;land;false;desert;7
7780;124;39;1;land;false;desert;7
7781;121;102;1;land;false;desert;7
7782;109;66;1;land;false;desert;7
7783;109;99;1;land;false;desert;7
7784;101;107;1;land;false;desert;7
7785;63;73;1;land;false;hills;7
7786;95;243;1;land;true;plains;7
7787;126;210;1;land;true;plains;7
7788;122;176;1;land;false;plains;7
7789;78;233;1;land;true;plains;7
7790;125;180;1;land;true;hills;7
7791;99;203;1;land;true;desert;7
7792;109;231;1;land;false;plains;7
7793;111;203;1;land;true;desert;7
7794;132;175;1;land;false;plains;7
7795;86;190;1;land;true;plains;7
7796;78;175;1;land;false;plains;7
7797;61;231;1;land;false;plains;7
7798;74;200;1;land;true;plains;7
7799;125;189;1;land;false;plains;7
7800;56;179;1;land;true;plains;7
7801;81;237;1;land;false;desert;7
7802;90;202;1;land;true;plains;7
7803;93;49;1;land;false;hills;7
7804;90;184;1;land;true;plains;7
7805;27;141;1;land;false;plains;7
7806;16;123;1;land;false;plains;7
7807;76;113;1;land;true;plains;7
7808;38;106;1;land;false;plains;7
7809;77;147;1;land;false;plains;7
7810;36;125;1;land;false;plains;7
7811;22;121;1;land;false;plains;7
7812;19;247;1;land;false;plains;7
7813;9;243;1;land;false;hills;7
7814;72;210;1;land;false;hills;7
7815;22;137;1;land;false;desert;7
7816;0;116;1;land;false;desert;7
7817;0;142;1;land;false;plains;7
7818;30;150;1;land;false;plains;7
7819;36;154;1;land;false;desert;7
7820;6;115;1;land;false;desert;7
7821;47;155;1;land;false;desert;7
7822;30;3;1;land;false;plains;7
7823;12;12;1;land;false;plains;7
7824;32;30;1;land;false;urban;7
7825;118;115;1;land;true;hills;7
7826;67;220;1;land;false;forest;7
7827;93;239;1;land;false;forest;7
7828;69;199;1;land;false;forest;7
7829;45;252;1;land;false;forest;7
7830;76;144;1;land;false;hills;7
7831;83;131;1;land;false;forest;7
7832;91;124;1;land;false;hills;7
7833;59;251;1;land;false;forest;7
7834;45;201;1;land;false;plains;7
7835;86;186;1;land;false;hills;7
7836;65;245;1;land;false;hills;7
7837;64;251;1;land;false;forest;7
7838;21;208;1;land;false;hills;7
7839;123;90;1;land;true;desert;7
7840;150;73;1;land;true;desert;7
7841;166;75;1;land;false;desert;7
7842;155;75;1;land;true;desert;7
7843;92;227;1;land;false;hills;7
7844;147;188;1;land;false;desert;7
7845;152;227;1;land;false;desert;7
7846;158;181;1;land;false;desert;7
7847;93;176;1;land;false;desert;7
7848;146;53;1;land;true;plains;7
7849;101;32;1;land;true;plains;7
7850;91;179;1;land;false;urban;7
7851;135;181;1;land;true;plains;7
7852;100;248;1;land;false;plains;7
7853;93;243;1;land;false;plains;7
7854;141;250;1;land;false;plains;7
7855;228;28;1;land;false;plains;7
7856;194;11;1;land;false;plains;7
7857;210;61;1;land;false;urban;7
7858;203;181;1;land;false;desert;7
7859;177;215;1;land;true;desert;7
7860;160;48;1;land;false;desert;7
7861;149;65;1;land;false;desert;7
7862;161;85;1;land;true;desert;7
7863;194;32;1;land;true;desert;7
7864;144;71;1;land;false;desert;7
7865;134;59;1;land;false;desert;7
7866;162;66;1;land;true;desert;7
7867;207;103;1;land;true;desert;7
7868;175;98;1;land;false;desert;7
7869;129;167;1;land;false;plains;7
7870;175;177;1;land;true;plains;7
7871;124;180;1;land;false;plains;7
7872;77;52;1;land;false;hills;7
7873;76;53;1;land;false;hills;7
7874;64;192;1;land;false;plains;7
7875;92;138;1;land;false;desert;7
7876;75;71;1;land;false;plains;7
7877;55;33;1;land;false;plains;7
7878;64;81;1;land;false;plains;7
7879;30;15;1;land;false;desert;7
7880;50;195;1;land;false;hills;7
7881;78;221;1;land;false;hills;7
7882;77;175;1;land;false;forest;7
7883;35;168;1;land;false;plains;7
7884;138;1;1;land;false;plains;7
7885;119;19;1;land;false;hills;7
7886;165;61;1;land;false;plains;7
7887;100;9;1;land;false;plains;7
7888;89;195;1;land;false;desert;7
7889;131;75;1;land;false;plains;7
7890;87;10;1;land;false;plains;7
7891;80;27;1;land;true;plains;7
7892;120;171;1;land;false;desert;7
7893;102;162;1;land;false;desert;7
7894;100;148;1;land;false;desert;7
7895;74;185;1;land;false;desert;7
7896;106;139;1;land;false;desert;7
7897;55;127;1;land;false;desert;7
7898;128;147;1;land;false;desert;7
7899;69;183;1;land;false;desert;7
7900;123;134;1;land;false;desert;7
7901;114;185;1;land;false;desert;7
7902;107;128;1;land;false;desert;7
7903;62;170;1;land;false;desert;7
7904;79;175;1;land;false;desert;7
7905;170;10;1;land;true;hills;7
7906;186;29;1;land;false;hills;7
7907;170;55;1;land;true;plains;7
7908;145;114;1;land;false;plains;7
7909;130;91;1;land;false;plains;7
7910;173;109;1;land;false;plains;7
7911;198;109;1;land;false;plains;7
7912;173;114;1;land;false;plains;7
7913;148;234;1;land;false;desert;7
7914;152;233;1;land;false;desert;7
7915;152;225;1;land;false;plains;7
7916;173;103;1;land;false;plains;7
7917;110;148;1;land;false;plains;7
7918;116;172;1;land;false;plains;7
7919;165;169;1;land;false;plains;7
7920;127;112;1;land;false;plains;7
7921;179;121;1;land;false;plains;7
7922;223;240;1;land;false;desert;7
7923;223;238;1;land;false;desert;7
7924;220;243;1;land;false;hills;7
7925;192;201;1;land;false;desert;7
7926;233;238;1;land;false;desert;7
7927;245;86;1;land;false;plains;7
7928;244;242;1;land;false;plains;7
7929;149;81;1;land;false;desert;7
7930;199;99;1;land;false;hills;7
7931;152;82;1;land;false;hills;7
7932;172;57;1;land;false;hills;7
7933;177;147;1;land;false;plains;7
7934;165;195;1;land;false;plains;7
7935;166;143;1;land;false;plains;7
7936;152;20;1;land;false;plains;7
7937;141;11;1;land;true;plains;7
7938;184;24;1;land;false;plains;7
7939;184;42;1;land;false;plains;7
7940;108;53;1;land;false;plains;7
7941;115;11;1;land;false;plains;7
7942;111;37;1;land;false;plains;7
7943;153;170;1;land;false;desert;7
7944;149;146;1;land;false;desert;7
7945;176;197;1;land;false;plains;7
7946;103;142;1;land;false;desert;7
7947;175;164;1;land;false;plains;7
7948;168;144;1;land;false;desert;7
7949;108;34;1;land;false;plains;7
7950;227;143;1;land;false;desert;7
7951;183;110;1;land;false;plains;7
7952;195;155;1;land;false;plains;7
7953;212;113;1;land;false;plains;7
7954;189;52;1;land;false;plains;7
7955;155;26;1;land;false;plains;7
7956;196;189;1;land;false;desert;7
7957;200;34;1;land;false;plains;7
7958;198;9;1;land;false;plains;7
7959;207;29;1;land;false;plains;7
7960;20;96;1;land;false;desert;7
7961;27;128;1;land;false;desert;7
7962;27;106;1;land;false;desert;7
7963;17;133;1;land;false;desert;7
7964;211;245;1;land;false;plains;7
7965;231;196;1;land;false;plains;7
7966;248;197;1;land;false;plains;7
7967;254;202;1;land;false;plains;7
7968;204;220;1;land;false;plains;7
7969;243;250;1;land;false;plains;7
7970;216;75;1;land;false;desert;7
7971;198;80;1;land;false;desert;7
7972;211;113;1;land;false;desert;7
7973;220;110;1;land;false;desert;7
7974;235;105;1;land;false;desert;7
7975;205;116;1;land;false;desert;7
7976;244;78;1;land;false;desert;7
7977;210;104;1;land;false;desert;7
7978;252;71;1;land;false;desert;7
7979;184;251;1;land;false;plains;7
7980;183;217;1;land;false;plains;7
7981;218;221;1;land;false;desert;7
7982;206;225;1;land;false;desert;7
7983;187;230;1;land;false;desert;7
7984;54;43;1;land;false;forest;7
7985;34;62;1;land;false;plains;7
7986;54;72;1;land;false;urban;7
7987;52;78;1;land;false;plains;7
7988;26;242;1;land;false;hills;7
7989;17;190;1;land;false;hills;7
7990;27;224;1;land;false;forest;7
7991;3;91;1;land;false;plains;7
7992;18;80;1;land;false;hills;7
7993;34;78;1;land;true;plains;7
7994;2;84;1;land;false;hills;7
7995;43;108;1;land;false;plains;7
7996;23;71;1;land;false;plains;7
7997;32;62;1;land;false;plains;7
7998;4;107;1;land;false;plains;7
7999;41;63;1;land;false;plains;7
8000;14;129;1;land;false;plains;7
8001;54;122;1;land;false;hills;7
8002;5;80;1;land;false;plains;7
8003;3;76;1;land;false;plains;7
8004;52;88;1;land;true;mountain;7
8005;4;133;1;land;true;mountain;7
8006;58;87;1;land;false;plains;7
8007;17;65;1;land;false;plains;7
8008;58;75;1;land;false;hills;7
8009;38;96;1;land;false;plains;7
8010;28;211;1;land;true;hills;7
8011;5;235;1;land;false;plains;7
8012;17;242;1;land;true;plains;7
8013;35;235;1;land;true;hills;7
8014;26;194;1;land;false;plains;7
8015;27;205;1;land;true;mountain;7
8016;41;164;1;land;true;plains;7
8017;20;168;1;land;true;mountain;7
8018;24;209;1;land;true;hills;7
8019;169;81;1;land;true;mountain;7
8020;189;186;1;land;false;plains;7
8021;145;184;1;land;true;mountain;7
8022;219;188;1;land;false;plains;7
8023;187;240;1;land;true;mountain;7
8024;186;187;1;land;true;mountain;7
8025;149;213;1;land;false;hills;7
8026;193;239;1;land;false;hills;7
8027;208;64;1;land;true;hills;7
8028;161;245;1;land;false;plains;7
8029;128;234;1;land;false;plains;7
8030;191;235;1;land;false;mountain;7
8031;241;58;1;land;false;desert;7
8032;242;78;1;land;false;desert;7
8033;222;41;1;land;false;desert;7
8034;213;56;1;land;false;desert;7
8035;252;72;1;land;false;desert;7
8036;218;54;1;land;false;desert;7
8037;217;34;1;land;false;desert;7
8038;246;81;1;land;false;desert;7
8039;218;98;1;land;false;desert;7
8040;239;97;1;land;false;desert;7
8041;210;75;1;land;false;hills;7
8042;202;166;1;land;false;plains;7
8043;229;75;1;land;false;plains;7
8044;215;74;1;land;false;plains;7
8045;193;108;1;land;false;plains;7
8046;236;67;1;land;true;plains;7
8047;190;44;1;land;false;plains;7
8048;205;57;1;land;false;plains;7
8049;237;76;1;land;true;desert;7
8050;208;123;1;land;false;plains;7
8051;240;97;1;land;true;plains;7
8052;233;118;1;land;true;plains;7
8053;191;45;1;land;true;plains;7
8054;240;51;1;land;false;plains;7
8055;224;105;1;land;false;plains;7
8056;234;196;1;land;false;plains;7
8057;211;218;1;land;false;plains;7
8058;209;148;1;land;false;urban;7
8059;169;174;1;land;true;plains;7
8060;188;170;1;land;false;urban;7
8061;11;82;1;land;false;desert;7
8062;3;49;1;land;false;plains;7
8063;55;84;1;land;false;desert;7
8064;76;84;1;land;false;plains;7
8065;44;47;1;land;false;plains;7
8066;68;22;1;land;false;desert;7
8067;63;35;1;land;false;desert;7
8068;6;78;1;land;false;desert;7
8069;1;87;1;land;false;plains;7
8070;41;14;1;land;false;plains;7
8071;7;78;1;land;false;hills;7
8072;10;188;1;land;false;desert;7
8073;0;139;1;land;false;desert;7
8074;45;154;1;land;false;desert;7
8075;46;162;1;land;false;desert;7
8076;11;190;1;land;false;desert;7
8077;3;45;1;land;false;plains;7
8078;14;43;1;land;false;plains;7
8079;216;189;1;land;false;desert;7
8080;123;42;1;land;false;desert;7
8081;28;167;1;land;true;hills;5
8082;45;131;1;land;true;hills;5
8083;37;127;1;land;true;hills;5
8084;72;154;1;land;true;hills;5
8085;41;126;1;land;true;plains;5
8086;187;158;1;land;true;hills;5
8087;158;141;1;land;true;hills;5
8088;142;156;1;land;true;plains;5
8089;190;134;1;land;true;hills;5
8090;209;5;1;land;true;hills;4
8091;211;28;1;land;true;plains;4
8092;239;25;1;land;true;hills;4
8093;36;77;1;land;true;hills;4
8094;7;26;1;land;false;desert;4
8095;14;33;1;land;true;hills;4
8096;29;34;1;land;true;hills;4
8097;37;29;1;land;true;mountain;4
8098;20;32;1;land;false;desert;4
8099;19;80;1;land;false;plains;4
8100;16;19;1;land;true;plains;4
8101;23;82;1;land;true;plains;4
8102;21;71;1;land;true;hills;4
8103;10;34;1;land;true;mountain;4
8104;31;11;1;land;true;plains;4
8105;17;37;1;land;true;mountain;4
8106;1;53;1;land;true;plains;4
8107;100;115;1;land;true;plains;2
8108;96;159;1;land;true;plains;2
8109;22;163;1;land;true;plains;2
8110;39;169;1;land;true;plains;2
8111;172;47;1;land;true;plains;2
8112;105;187;1;land;true;plains;2
8113;248;74;1;land;true;plains;2
8114;221;103;1;land;true;plains;2
8115;86;249;1;land;true;mountain;6
8116;114;215;1;land;true;plains;6
8117;96;240;1;land;true;plains;6
8118;90;234;1;land;true;plains;6
8119;27;70;1;land;true;plains;6
8120;11;37;1;land;true;plains;6
8121;52;175;1;land;true;plains;6
8122;39;201;1;land;true;mountain;6
8123;69;159;1;land;true;hills;6
8124;11;179;1;land;true;plains;6
8125;250;130;1;land;true;plains;3
8126;231;119;1;land;true;plains;3
8127;206;150;1;land;true;plains;3
8128;250;127;1;land;true;hills;3
8129;207;104;1;land;true;plains;3
8130;224;120;1;land;true;plains;3
8131;223;149;1;land;true;plains;3
8132;253;149;1;land;true;plains;3
8133;201;120;1;land;true;plains;3
8134;200;153;1;land;true;plains;3
8135;247;114;1;land;true;plains;3
8136;236;121;1;land;true;plains;3
8137;79;122;1;land;true;plains;3
8138;193;12;1;land;true;mountain;1
8139;184;40;1;land;true;mountain;1
8140;55;151;1;land;true;plains;6
8141;14;162;1;land;true;plains;6
8142;27;160;1;land;true;plains;6
8143;24;101;1;land;true;plains;6
8144;48;122;1;land;true;plains;6
8145;0;104;1;land;true;plains;6
8146;41;142;1;land;true;plains;6
8147;41;254;1;land;true;desert;7
8148;201;129;1;land;true;desert;7
8149;174;115;1;land;true;mountain;7
8150;90;38;1;land;true;mountain;7
8151;174;68;1;land;true;mountain;7
8152;98;242;1;land;true;mountain;7
8153;170;62;1;land;true;mountain;7
8154;92;231;1;land;true;mountain;7
8155;231;204;1;land;true;desert;7
8156;231;228;1;land;true;desert;7
8157;240;213;1;land;true;desert;7
8158;182;166;1;land;true;desert;7
8159;77;44;1;land;true;plains;7
8160;76;51;1;land;true;plains;7
8161;96;28;1;land;true;plains;7
8162;78;54;1;land;true;plains;7
8163;192;208;1;land;true;plains;7
8164;139;227;1;land;true;plains;7
8165;198;240;1;land;true;plains;7
8166;206;203;1;land;false;plains;7
8167;180;181;1;land;false;plains;7
8168;152;229;1;land;true;plains;7
8169;144;203;1;land;true;plains;7
8170;28;226;1;land;true;plains;3
8171;32;218;1;land;true;plains;3
8172;33;183;1;land;true;plains;3
8173;222;69;1;land;true;plains;3
8174;96;70;1;land;true;mountain;7
8175;214;240;1;land;true;mountain;7
8176;39;105;1;land;true;mountain;7
8177;26;149;1;land;true;mountain;7
8178;106;230;1;land;true;mountain;7
8179;102;175;1;land;true;plains;6
8180;237;216;1;land;true;plains;6
8181;129;140;1;land;true;plains;6
8182;180;164;1;land;true;plains;6
8183;109;156;1;land;true;plains;6
8184;108;181;1;land;true;plains;6
8185;209;23;1;land;true;mountain;7
8186;184;191;1;land;true;mountain;7
8187;222;63;1;land;true;plains;7
8188;64;187;1;land;true;mountain;7
8189;84;161;1;land;true;mountain;7
8190;235;86;1;land;true;plains;3
8191;114;232;1;land;true;plains;7
8192;67;197;1;land;true;plains;7
8193;126;102;1;land;true;plains;7
8194;220;218;1;land;true;desert;7
8195;165;98;1;land;true;desert;7
8196;13;235;1;land;true;plains;7
8197;237;42;1;land;true;plains;7
8198;239;38;1;land;true;plains;7
8199;19;75;1;land;true;desert;7
8200;111;202;1;land;true;desert;7
8201;82;85;1;land;true;plains;7
8202;88;109;1;land;true;plains;7
8203;52;131;1;land;true;plains;7
8204;54;94;1;land;true;plains;7
8205;24;102;1;land;true;plains;7
8206;182;214;1;land;true;desert;7
8207;36;33;1;land;true;desert;7
8208;196;201;1;land;true;plains;7
8209;202;251;1;land;true;mountain;7
8210;141;81;1;land;true;mountain;7
8211;243;215;1;land;true;plains;7
8212;212;164;1;land;true;plains;7
8213;196;33;1;land;true;plains;6
8214;119;132;1;land;true;desert;7
8215;28;32;1;land;true;desert;7
8216;108;144;1;land;true;plains;6
8217;160;8;1;land;true;plains;6
8218;15;143;1;land;true;mountain;7
8219;208;11;1;land;true;mountain;5
8220;30;129;1;land;true;mountain;7
8221;89;210;1;land;true;desert;7
8222;202;118;1;land;true;desert;7
8223;129;221;1;land;true;plains;7
8224;219;72;1;land;true;plains;3
8225;139;162;1;land;true;plains;2
8226;230;22;1;land;true;desert;7
8227;169;188;1;land;true;plains;2
8228;9;63;1;land;true;plains;6
8229;81;144;1;land;true;plains;2
8230;193;30;1;land;true;plains;4
8231;106;131;1;land;true;plains;4
8232;213;49;1;land;true;plains;7
8233;225;84;1;land;true;plains;3
8234;55;244;1;land;false;plains;7
8235;36;94;1;land;true;plains;7
8236;113;222;1;land;true;desert;7
8237;120;69;1;land;true;desert;7
8238;214;167;1;land;true;desert;7
8239;155;67;1;land;true;desert;7
8240;23;191;1;land;true;plains;4
8241;209;104;1;land;true;plains;4
8242;9;197;1;land;true;desert;7
8243;193;73;1;land;true;desert;7
8244;38;197;1;land;true;plains;5
8245;113;32;1;land;true;plains;7
8246;232;180;1;land;true;plains;6
8247;153;114;1;land;true;plains;7
8248;239;220;1;land;true;plains;7
8249;30;18;1;land;true;plains;4
8250;132;153;1;land;true;plains;7
8251;182;248;1;land;true;desert;7
8252;21;53;255;sea;false;ocean;0
8253;59;23;255;sea;false;ocean;0
8254;21;20;255;sea;false;ocean;0
8255;61;62;255;sea;false;ocean;0
8256;45;117;255;sea;false;ocean;0
8257;62;94;255;sea;true;ocean;0
8258;60;53;255;sea;false;ocean;0
8259;68;81;255;sea;true;ocean;0
8260;22;120;255;sea;true;ocean;0
8261;20;89;255;sea;false;ocean;0
8262;94;120;255;sea;true;ocean;0
8263;79;97;255;sea;false;ocean;0
8264;60;85;255;sea;true;ocean;0
8265;54;71;255;sea;true;ocean;0
8266;74;65;255;sea;false;ocean;0
8267;122;62;255;sea;false;ocean;0
8268;93;30;255;sea;false;ocean;0
8269;140;50;255;sea;false;ocean;0
8270;113;25;255;sea;false;ocean;0
8271;93;81;255;sea;false;ocean;0
8272;74;47;255;sea;false;ocean;0
8273;126;24;255;sea;false;ocean;0
8274;136;17;255;sea;false;ocean;0
8275;96;75;255;sea;false;ocean;0
8276;117;17;255;sea;false;ocean;0
8277;124;24;255;sea;false;ocean;0
8278;90;25;255;sea;false;ocean;0
8279;76;22;255;sea;false;ocean;0
8280;77;68;255;sea;false;ocean;0
8281;17;25;255;sea;false;ocean;0
8282;13;13;255;sea;false;ocean;0
8283;58;44;255;sea;false;ocean;0
8284;75;35;255;sea;false;ocean;0
8285;22;42;255;sea;false;ocean;0
8286;46;6;255;sea;false;ocean;0
8287;63;58;255;sea;false;ocean;0
8288;32;44;255;sea;false;ocean;0
8289;37;16;255;sea;false;ocean;0
8290;53;20;255;sea;false;ocean;0
8291;55;8;255;sea;false;ocean;0
8292;60;57;255;sea;false;ocean;0
8293;53;97;255;sea;false;ocean;0
8294;92;75;255;sea;false;ocean;0
8295;40;99;255;sea;false;ocean;0
8296;47;63;255;sea;false;ocean;0
8297;85;103;255;sea;false;ocean;0
8298;26;73;255;sea;false;ocean;0
8299;43;86;255;sea;false;ocean;0
8300;61;64;255;sea;false;ocean;0
8301;48;121;255;sea;false;ocean;0
8302;65;44;255;sea;false;ocean;0
8303;57;81;255;sea;false;ocean;0
8304;81;55;255;sea;false;ocean;0
8305;34;44;255;sea;false;ocean;0
8306;23;68;255;sea;false;ocean;0
8307;75;96;255;sea;false;ocean;0
8308;92;42;255;sea;false;ocean;0
8309;54;95;255;sea;false;ocean;0
8310;121;76;255;sea;false;ocean;0
8311;45;47;255;sea;false;ocean;0
8312;93;15;255;sea;false;ocean;0
8313;62;62;255;sea;false;ocean;0
8314;63;13;255;sea;false;ocean;0
8315;49;56;255;sea;false;ocean;0
8316;109;9;255;sea;false;ocean;0
8317;56;65;255;sea;false;ocean;0
8318;101;10;255;sea;false;ocean;0
8319;92;11;255;sea;false;ocean;0
8320;102;31;255;sea;false;ocean;0
8321;48;27;255;sea;false;ocean;0
8322;89;31;255;sea;false;ocean;0
8323;98;13;255;sea;false;ocean;0
8324;99;3;255;sea;false;ocean;0
8325;116;0;255;sea;true;ocean;0
8326;110;15;255;sea;false;ocean;0
8327;51;12;255;sea;true;ocean;0
8328;76;16;255;sea;false;ocean;0
8329;42;7;255;sea;true;ocean;0
8330;90;39;255;sea;false;ocean;0
8331;110;54;255;sea;false;ocean;0
8332;107;57;255;sea;false;ocean;0
8333;113;11;255;sea;false;ocean;0
8334;86;48;255;sea;true;ocean;0
8335;44;15;255;sea;false;ocean;0
8336;74;67;255;sea;true;ocean;0
8337;63;119;255;sea;false;ocean;0
8338;0;78;255;sea;false;ocean;0
8339;12;56;255;sea;true;ocean;0
8340;38;88;255;sea;true;ocean;0
8341;45;72;255;sea;false;ocean;0
8342;13;95;255;sea;false;ocean;0
8343;4;100;255;sea;false;ocean;0
8344;15;61;255;sea;false;ocean;0
8345;26;81;255;sea;true;ocean;0
8346;0;123;255;sea;true;ocean;0
8347;42;79;255;sea;true;ocean;0
8348;61;77;255;sea;false;ocean;0
8349;59;39;255;sea;false;ocean;0
8350;37;32;255;sea;true;ocean;0
8351;80;46;255;sea;false;ocean;0
8352;66;11;255;sea;true;ocean;0
8353;55;19;255;sea;true;ocean;0
8354;65;43;255;sea;true;ocean;0
8355;119;46;255;sea;false;ocean;0
8356;60;71;255;sea;false;ocean;0
8357;74;78;255;sea;false;ocean;0
8358;82;42;255;sea;false;ocean;0
8359;41;69;255;sea;false;ocean;0
8360;75;39;255;sea;false;ocean;0
8361;84;19;255;sea;false;ocean;0
8362;114;36;255;sea;false;ocean;0
8363;106;57;255;sea;false;ocean;0
8364;68;83;255;sea;false;ocean;0
8365;94;22;255;sea;false;ocean;0
8366;124;74;255;sea;false;ocean;0
8367;138;45;255;sea;false;ocean;0
8368;119;7;255;sea;false;ocean;0
8369;161;70;255;sea;false;ocean;0
8370;141;41;255;sea;false;ocean;0
8371;151;4;255;sea;false;ocean;0
8372;60;3;255;sea;false;ocean;0
8373;59;34;255;sea;false;ocean;0
8374;15;39;255;sea;false;ocean;0
8375;13;2;255;sea;false;ocean;0
8376;18;46;255;sea;false;ocean;0
8377;16;28;255;sea;false;ocean;0
8378;72;12;255;sea;false;ocean;0
8379;38;46;255;sea;false;ocean;0
8380;2;24;255;sea;false;ocean;0
8381;72;21;255;sea;false;ocean;0
8382;31;47;255;sea;false;ocean;0
8383;20;38;255;sea;false;ocean;0
8384;52;17;255;sea;false;ocean;0
8385;7;66;255;sea;false;ocean;0
8386;24;82;255;sea;false;ocean;0
8387;69;65;255;sea;false;ocean;0
8388;68;49;255;sea;false;ocean;0
8389;2;107;255;sea;false;ocean;0
8390;10;101;255;sea;false;ocean;0
8391;34;90;255;sea;false;ocean;0
8392;40;54;255;sea;false;ocean;0
8393;20;62;255;sea;false;ocean;0
8394;17;53;255;sea;false;ocean;0
8395;27;55;255;sea;false;ocean;0
8396;17;58;255;sea;false;ocean;0
8397;73;45;255;sea;false;ocean;0
8398;53;104;255;sea;false;ocean;0
8399;76;39;255;sea;false;ocean;0
8400;62;83;255;sea;false;ocean;0
8401;61;91;255;sea;false;ocean;0
8402;66;90;255;sea;false;ocean;0
8403;60;58;255;sea;false;ocean;0
8404;23;92;255;sea;false;ocean;0
8405;83;41;255;sea;false;ocean;0
8406;77;109;255;sea;false;ocean;0
8407;30;111;255;sea;false;ocean;0
8408;49;69;255;sea;false;ocean;0
8409;43;106;255;sea;false;ocean;0
8410;8;41;255;sea;false;ocean;0
8411;41;23;255;sea;false;ocean;0
8412;41;3;255;sea;false;ocean;0
8413;57;4;255;sea;false;ocean;0
8414;27;42;255;sea;false;ocean;0
8415;10;40;255;sea;false;ocean;0
8416;7;18;255;sea;false;ocean;0
8417;33;37;255;sea;false;ocean;0
8418;36;125;255;sea;false;ocean;0
8419;33;112;255;sea;true;ocean;0
8420;9;116;255;sea;false;ocean;0
8421;12;78;255;sea;false;ocean;0
8422;24;103;255;sea;true;ocean;0
8423;1;137;255;sea;true;ocean;0
8424;47;140;255;sea;false;ocean;0
8425;33;88;255;sea;false;ocean;0
8426;14;134;255;sea;false;ocean;0
8427;50;75;255;sea;false;ocean;0
8428;8;70;255;sea;false;ocean;0
8429;0;124;255;sea;false;ocean;0
8430;49;62;255;sea;false;ocean;0
8431;21;68;255;sea;false;ocean;0
8432;2;88;255;sea;false;ocean;0
8433;32;104;255;sea;false;ocean;0
8434;75;12;255;sea;false;ocean;0
8435;97;38;255;sea;false;ocean;0
8436;118;30;255;sea;false;ocean;0
8437;109;35;255;sea;false;ocean;0
8438;49;23;255;sea;false;ocean;0
8439;95;2;255;sea;false;ocean;0
8440;58;43;255;sea;false;ocean;0
8441;77;30;255;sea;false;ocean;0
8442;50;11;255;sea;false;ocean;0
8443;94;41;255;sea;false;ocean;0
8444;63;33;255;sea;false;ocean;0
8445;86;20;255;sea;false;ocean;0
8446;101;34;255;sea;false;ocean;0
8447;83;32;255;sea;false;ocean;0
8448;63;42;255;sea;false;ocean;0
8449;122;29;255;sea;false;ocean;0
8450;85;40;255;sea;false;ocean;0
8451;120;8;255;sea;false;ocean;0
8452;123;7;255;sea;false;ocean;0
8453;13;115;255;sea;false;ocean;0
8454;22;84;255;sea;false;ocean;0
8455;22;105;255;sea;false;ocean;0
8456;28;100;255;sea;false;ocean;0
8457;12;118;255;sea;false;ocean;0
8458;27;106;255;sea;false;ocean;0
8459;27;123;255;sea;false;ocean;0
8460;20;147;255;sea;false;ocean;0
8461;4;121;255;sea;false;ocean;0
8462;29;142;255;sea;false;ocean;0
8463;6;132;255;sea;false;ocean;0
8464;33;130;255;sea;false;ocean;0
8465;84;83;255;sea;false;ocean;0
8466;95;65;255;sea;false;ocean;0
8467;142;78;255;sea;false;ocean;0
8468;103;91;255;sea;false;ocean;0
8469;117;56;255;sea;false;ocean;0
8470;85;112;255;sea;false;ocean;0
8471;83;110;255;sea;false;ocean;0
8472;138;57;255;sea;false;ocean;0
8473;79;37;255;sea;false;ocean;0
8474;104;65;255;sea;false;ocean;0
8475;96;74;255;sea;false;ocean;0
8476;77;53;255;sea;false;ocean;0
8477;134;23;255;sea;false;ocean;0
8478;128;70;255;sea;false;ocean;0
8479;100;80;255;sea;false;ocean;0
8480;126;27;255;sea;false;ocean;0
8481;116;9;255;sea;false;ocean;0
8482;127;24;255;sea;false;ocean;0
8483;86;72;255;sea;false;ocean;0
8484;117;74;255;sea;false;ocean;0
8485;25;44;255;sea;false;ocean;0
8486;10;29;255;sea;false;ocean;0
8487;36;4;255;sea;false;ocean;0
8488;86;35;255;sea;false;ocean;0
8489;96;71;255;sea;false;ocean;0
8490;74;39;255;sea;false;ocean;0
8491;71;48;255;sea;false;ocean;0
8492;138;84;255;sea;false;ocean;0
8493;134;71;255;sea;false;ocean;0
8494;72;80;255;sea;false;ocean;0
8495;121;102;255;sea;false;ocean;0
8496;85;89;255;sea;false;ocean;0
8497;66;73;255;sea;false;ocean;0
8498;80;96;255;sea;false;ocean;0
8499;107;60;255;sea;false;ocean;0
8500;79;57;255;sea;false;ocean;0
8501;70;69;255;sea;false;ocean;0
8502;111;64;255;sea;false;ocean;0
8503;111;2;255;sea;false;ocean;0
8504;57;57;255;sea;false;ocean;0
8505;91;60;255;sea;false;ocean;0
8506;123;30;255;sea;false;ocean;0
8507;101;42;255;sea;false;ocean;0
8508;110;12;255;sea;false;ocean;0
8509;65;25;255;sea;false;ocean;0
8510;64;53;255;sea;false;ocean;0
8511;97;5;255;sea;false;ocean;0
8512;72;129;255;sea;false;ocean;0
8513;10;70;255;sea;false;ocean;0
8514;24;83;255;sea;false;ocean;0
8515;9;137;255;sea;false;ocean;0
8516;12;134;255;sea;false;ocean;0
8517;20;76;255;sea;false;ocean;0
8518;64;143;255;sea;false;ocean;0
8519;41;52;255;sea;true;ocean;0
8520;116;102;255;sea;true;ocean;0
8521;51;114;255;sea;true;ocean;0
8522;89;100;255;sea;true;ocean;0
8523;53;101;255;sea;true;ocean;0
8524;59;115;255;sea;true;ocean;0
8525;112;72;255;sea;true;ocean;0
8526;99;77;255;sea;true;ocean;0
8527;88;108;255;sea;false;ocean;0
8528;103;9;255;sea;false;ocean;0
8529;112;18;255;sea;false;ocean;0
8530;113;27;255;sea;false;ocean;0
8531;108;15;255;sea;false;ocean;0
8532;110;17;255;sea;false;ocean;0
8533;127;42;255;sea;false;ocean;0
8534;88;41;255;sea;false;ocean;0
8535;95;16;255;sea;false;ocean;0
8536;84;51;255;sea;false;ocean;0
8537;118;20;255;sea;false;ocean;0
8538;153;33;255;sea;false;ocean;0
8539;113;49;255;sea;false;ocean;0
8540;80;7;255;sea;false;ocean;0
8541;98;1;255;sea;false;ocean;0
8542;120;23;255;sea;false;ocean;0
8543;141;40;255;sea;false;ocean;0
8544;156;20;255;sea;false;ocean;0
8545;140;24;255;sea;false;ocean;0
8546;125;32;255;sea;false;ocean;0
8547;121;26;255;sea;false;ocean;0
8548;85;3;255;sea;false;ocean;0
8549;84;1;255;sea;false;ocean;0
8550;107;11;255;sea;false;ocean;0
8551;79;32;255;sea;false;ocean;0
8552;130;34;255;sea;false;ocean;0
8553;97;24;255;sea;false;ocean;0
8554;116;31;255;sea;false;ocean;0
8555;134;12;255;sea;false;ocean;0
8556;1;88;255;sea;false;ocean;0
8557;1;41;255;sea;false;ocean;0
8558;37;110;255;sea;false;ocean;0
8559;32;106;255;sea;false;ocean;0
8560;43;117;255;sea;false;ocean;0
8561;6;67;255;sea;false;ocean;0
8562;35;67;255;sea;false;ocean;0
8563;27;65;255;sea;false;ocean;0
8564;44;27;255;sea;false;ocean;0
8565;15;40;255;sea;false;ocean;0
8566;31;83;255;sea;false;ocean;0
8567;52;49;255;sea;false;ocean;0
8568;29;72;255;sea;false;ocean;0
8569;37;77;255;sea;false;ocean;0
8570;9;23;255;sea;false;ocean;0
8571;32;14;255;sea;false;ocean;0
8572;49;83;255;sea;false;ocean;0
8573;46;27;255;sea;false;ocean;0
8574;6;37;255;sea;false;ocean;0
8575;56;17;255;sea;false;ocean;0
8576;1;49;255;sea;false;ocean;0
8577;16;80;255;sea;false;ocean;0
8578;15;25;255;sea;false;ocean;0
8579;58;22;255;sea;false;ocean;0
8580;54;51;255;sea;false;ocean;0
8581;28;64;255;sea;false;ocean;0
8582;62;35;255;sea;false;ocean;0
8583;12;33;255;sea;false;ocean;0
8584;58;27;255;sea;false;ocean;0
8585;40;63;255;sea;false;ocean;0
8586;37;87;255;sea;true;ocean;0
8587;39;135;255;sea;true;ocean;0
8588;11;127;255;sea;true;ocean;0
8589;39;119;255;sea;true;ocean;0
8590;55;132;255;sea;true;ocean;0
8591;129;105;255;sea;false;ocean;0
8592;67;94;255;sea;true;ocean;0
8593;101;121;255;sea;true;ocean;0
8594;28;88;255;sea;false;ocean;0
8595;17;100;255;sea;false;ocean;0
8596;42;35;255;sea;false;ocean;0
8597;37;64;255;sea;false;ocean;0
8598;22;65;255;sea;false;ocean;0
8599;38;23;255;sea;false;ocean;0
8600;50;102;255;sea;false;ocean;0
8601;42;112;255;sea;false;ocean;0
8602;76;84;255;sea;false;ocean;0
8603;60;102;255;sea;false;ocean;0
8604;22;141;255;sea;false;ocean;0
8605;47;156;255;sea;false;ocean;0
8606;35;148;255;sea;false;ocean;0
8607;84;102;255;sea;false;ocean;0
8608;14;77;255;sea;false;ocean;0
8609;41;117;255;sea;false;ocean;0
8610;46;84;255;sea;false;ocean;0
8611;79;117;255;sea;false;ocean;0
8612;80;79;255;sea;false;ocean;0
8613;12;88;255;sea;false;ocean;0
8614;53;90;255;sea;false;ocean;0
8615;57;90;255;sea;false;ocean;0
8616;74;96;255;sea;false;ocean;0
8617;62;86;255;sea;false;ocean;0
8618;79;85;255;sea;false;ocean;0
8619;46;77;255;sea;false;ocean;0
8620;55;120;255;sea;false;ocean;0
8621;32;70;255;sea;false;ocean;0
8622;49;64;255;sea;false;ocean;0
8623;106;22;255;sea;false;ocean;0
8624;102;27;255;sea;false;ocean;0
8625;89;75;255;sea;false;ocean;0
8626;38;34;255;sea;false;ocean;0
8627;110;43;255;sea;false;ocean;0
8628;58;48;255;sea;false;ocean;0
8629;96;88;255;sea;false;ocean;0
8630;82;88;255;sea;false;ocean;0
8631;104;60;255;sea;false;ocean;0
8632;86;85;255;sea;false;ocean;0
8633;57;38;255;sea;false;ocean;0
8634;81;44;255;sea;false;ocean;0
8635;43;5;255;sea;true;ocean;0
8636;74;32;255;sea;true;ocean;0
8637;75;23;255;sea;true;ocean;0
8638;68;11;255;sea;true;ocean;0
8639;52;2;255;sea;true;ocean;0
8640;38;38;255;sea;false;ocean;0
8641;14;58;255;sea;true;ocean;0
8642;0;34;255;sea;true;ocean;0
8643;7;39;255;sea;true;ocean;0
8644;11;15;255;sea;false;ocean;0
8645;45;58;255;sea;true;ocean;0
8646;0;7;255;sea;true;ocean;0
8647;18;21;255;sea;false;ocean;0
8648;10;15;255;sea;true;ocean;0
8649;3;18;255;sea;true;ocean;0
8650;57;23;255;sea;true;ocean;0
8651;18;68;255;sea;false;ocean;0
8652;51;9;255;sea;false;ocean;0
8653;3;3;255;sea;false;ocean;0
8654;32;0;255;sea;false;ocean;0
8655;7;4;255;sea;false;ocean;0
8656;13;45;255;sea;false;ocean;0
8657;24;14;255;sea;false;ocean;0
8658;34;27;255;sea;false;ocean;0
8659;62;13;255;sea;false;ocean;0
8660;1;22;255;sea;false;ocean;0
8661;9;0;255;sea;false;ocean;0
8662;43;17;255;sea;false;ocean;0
8663;36;3;255;sea;false;ocean;0
8664;31;0;255;sea;false;ocean;0
8665;48;12;255;sea;false;ocean;0
8666;63;19;255;sea;false;ocean;0
8667;30;12;255;sea;false;ocean;0
8668;43;24;255;sea;false;ocean;0
8669;38;19;255;sea;false;ocean;0
8670;45;45;255;sea;false;ocean;0
8671;67;10;255;sea;false;ocean;0
8672;44;24;255;sea;false;ocean;0
8673;10;43;255;sea;false;ocean;0
8674;57;113;255;sea;false;ocean;0
8675;4;98;255;sea;false;ocean;0
8676;14;90;255;sea;false;ocean;0
8677;46;91;255;sea;false;ocean;0
8678;35;114;255;sea;false;ocean;0
8679;33;110;255;sea;false;ocean;0
8680;43;58;255;sea;false;ocean;0
8681;25;60;255;sea;false;ocean;0
8682;5;37;255;sea;true;ocean;0
8683;70;41;255;sea;true;ocean;0
8684;26;28;255;sea;true;ocean;0
8685;28;7;255;sea;true;ocean;0
8686;9;36;255;sea;true;ocean;0
8687;77;42;255;sea;true;ocean;0
8688;4;33;255;sea;true;ocean;0
8689;81;41;255;sea;true;ocean;0
8690;78;101;255;sea;false;ocean;0
8691;81;145;255;sea;false;ocean;0
8692;80;126;255;sea;false;ocean;0
8693;122;121;255;sea;false;ocean;0
8694;95;112;255;sea;false;ocean;0
8695;81;127;255;sea;false;ocean;0
8696;117;102;255;sea;false;ocean;0
8697;53;114;255;sea;false;ocean;0
8698;97;94;255;sea;false;ocean;0
8699;60;112;255;sea;false;ocean;0
8700;111;77;255;sea;false;ocean;0
8701;93;102;255;sea;false;ocean;0
8702;92;84;255;sea;false;ocean;0
8703;104;142;255;sea;false;ocean;0
8704;124;125;255;sea;false;ocean;0
8705;61;105;255;sea;false;ocean;0
8706;57;70;255;sea;false;ocean;0
8707;142;49;255;sea;true;ocean;0
8708;99;42;255;sea;false;ocean;0
8709;145;103;255;sea;true;ocean;0
8710;114;69;255;sea;true;ocean;0
8711;157;86;255;sea;true;ocean;0
8712;164;93;255;sea;false;ocean;0
8713;118;77;255;sea;true;ocean;0
8714;101;114;255;sea;true;ocean;0
8715;151;100;255;sea;true;ocean;0
8716;128;112;255;sea;true;ocean;0
8717;99;119;255;sea;true;ocean;0
8718;89;91;255;sea;false;ocean;0
8719;85;43;255;sea;true;ocean;0
8720;148;90;255;sea;false;ocean;0
8721;8;61;255;sea;false;ocean;0
8722;3;56;255;sea;false;ocean;0
8723;25;7;255;sea;false;ocean;0
8724;12;11;255;sea;false;ocean;0
8725;33;27;255;sea;false;ocean;0
8726;8;22;255;sea;false;ocean;0
8727;4;0;255;sea;false;ocean;0
8728;39;7;255;sea;false;ocean;0
8729;38;57;255;sea;false;ocean;0
8730;34;45;255;sea;false;ocean;0
8731;8;65;255;sea;false;ocean;0
8732;59;48;255;sea;false;ocean;0
8733;46;43;255;sea;false;ocean;0
8734;2;1;255;sea;false;ocean;0
8735;4;14;255;sea;false;ocean;0
8736;17;19;255;sea;false;ocean;0
8737;2;16;255;sea;false;ocean;0
8738;52;55;255;sea;false;ocean;0
8739;16;55;255;sea;false;ocean;0
8740;42;39;255;sea;false;ocean;0
8741;19;30;255;sea;false;ocean;0
8742;107;105;255;sea;false;ocean;0
8743;103;99;255;sea;false;ocean;0
8744;126;109;255;sea;false;ocean;0
8745;127;102;255;sea;false;ocean;0
8746;96;78;255;sea;false;ocean;0
8747;138;104;255;sea;false;ocean;0
8748;105;76;255;sea;false;ocean;0
8749;121;68;255;sea;false;ocean;0
8750;73;117;255;sea;false;ocean;0
8751;139;123;255;sea;false;ocean;0
8752;142;136;255;sea;false;ocean;0
8753;84;68;255;sea;false;ocean;0
8754;139;69;255;sea;true;ocean;0
8755;82;76;255;sea;false;ocean;0
8756;112;90;255;sea;false;ocean;0
8757;69;89;255;sea;false;ocean;0
8758;140;80;255;sea;true;ocean;0
8759;120;84;255;sea;false;ocean;0
8760;137;76;255;sea;false;ocean;0
8761;144;51;255;sea;false;ocean;0
8762;104;29;255;sea;false;ocean;0
8763;110;80;255;sea;true;ocean;0
8764;111;75;255;sea;false;ocean;0
8765;73;29;255;sea;false;ocean;0
8766;101;62;255;sea;false;ocean;0
8767;88;92;255;sea;true;ocean;0
8768;79;83;255;sea;false;ocean;0
8769;121;0;255;sea;false;ocean;0
8770;100;13;255;sea;false;ocean;0
8771;125;6;255;sea;false;ocean;0
8772;107;63;255;sea;false;ocean;0
8773;99;17;255;sea;false;ocean;0
8774;74;8;255;sea;false;ocean;0
8775;134;41;255;sea;false;ocean;0
8776;79;62;255;sea;false;ocean;0
8777;74;34;255;sea;false;ocean;0
8778;112;40;255;sea;false;ocean;0
8779;78;111;255;sea;false;ocean;0
8780;83;101;255;sea;false;ocean;0
8781;16;52;255;sea;false;ocean;0
8782;44;65;255;sea;false;ocean;0
8783;39;85;255;sea;false;ocean;0
8784;27;111;255;sea;false;ocean;0
8785;55;79;255;sea;false;ocean;0
8786;80;73;255;sea;false;ocean;0
8787;33;67;255;sea;false;ocean;0
8788;74;63;255;sea;false;ocean;0
8789;77;60;255;sea;false;ocean;0
8790;12;79;255;sea;false;ocean;0
8791;23;107;255;sea;false;ocean;0
8792;12;128;255;sea;false;ocean;0
8793;23;80;255;sea;false;ocean;0
8794;20;52;255;sea;false;ocean;0
8795;97;69;255;sea;true;ocean;0
8796;97;107;255;sea;true;ocean;0
8797;89;70;255;sea;true;ocean;0
8798;82;108;255;sea;true;ocean;0
8799;65;50;255;sea;true;ocean;0
8800;58;89;255;sea;true;ocean;0
8801;83;81;255;sea;true;ocean;0
8802;92;108;255;sea;true;ocean;0
8803;69;108;255;sea;true;ocean;0
8804;94;45;255;sea;true;ocean;0
8805;74;29;255;sea;true;ocean;0
8806;37;90;255;sea;true;ocean;0
8807;33;18;255;sea;true;ocean;0
8808;72;20;255;sea;true;ocean;0
8809;81;95;255;sea;true;ocean;0
8810;19;79;255;sea;true;ocean;0
8811;22;57;255;sea;true;ocean;0
8812;64;75;255;sea;true;ocean;0
8813;63;45;255;sea;false;ocean;0
8814;42;33;255;sea;false;ocean;0
8815;64;15;255;sea;false;ocean;0
8816;83;2;255;sea;false;ocean;0
8817;58;19;255;sea;false;ocean;0
8818;39;58;255;sea;false;ocean;0
8819;67;46;255;sea;false;ocean;0
8820;51;16;255;sea;false;ocean;0
8821;53;40;255;sea;false;ocean;0
8822;66;8;255;sea;false;ocean;0
8823;53;130;255;sea;false;ocean;0
8824;59;139;255;sea;false;ocean;0
8825;46;103;255;sea;true;ocean;0
8826;107;124;255;sea;false;ocean;0
8827;79;156;255;sea;false;ocean;0
8828;58;83;255;sea;false;ocean;0
8829;113;94;255;sea;false;ocean;0
8830;43;28;255;sea;false;ocean;0
8831;45;34;255;sea;false;ocean;0
8832;68;85;255;sea;false;ocean;0
8833;25;58;255;sea;false;ocean;0
8834;77;88;255;sea;false;ocean;0
8835;43;34;255;sea;false;ocean;0
8836;43;43;255;sea;false;ocean;0
8837;48;62;255;sea;false;ocean;0
8838;19;87;255;sea;false;ocean;0
8839;30;82;255;sea;false;ocean;0
8840;52;39;255;sea;false;ocean;0
8841;32;25;255;sea;false;ocean;0
8842;1;19;255;sea;true;ocean;0
8843;7;31;255;sea;false;ocean;0
8844;31;33;255;sea;false;ocean;0
8845;28;36;255;sea;true;ocean;0
8846;9;30;255;sea;false;ocean;0
8847;37;3;255;sea;true;ocean;0
8848;58;38;255;sea;false;ocean;0
8849;44;52;255;sea;false;ocean;0
8850;32;52;255;sea;false;ocean;0
8851;30;40;255;sea;false;ocean;0
8852;76;54;255;sea;false;ocean;0
8853;38;33;255;sea;false;ocean;0
8854;29;8;255;sea;false;ocean;0
8855;13;21;255;sea;false;ocean;0
8856;74;35;255;sea;false;ocean;0
8857;21;11;255;sea;false;ocean;0
8858;61;26;255;sea;false;ocean;0
8859;58;36;255;sea;false;ocean;0
8860;43;35;255;sea;false;ocean;0
8861;36;28;255;sea;false;ocean;0
8862;59;7;255;sea;false;ocean;0
8863;34;54;255;sea;false;ocean;0
8864;31;53;255;sea;false;ocean;0
8865;110;62;255;sea;false;ocean;0
8866;147;119;255;sea;false;ocean;0
8867;97;110;255;sea;false;ocean;0
8868;128;88;255;sea;false;ocean;0
8869;127;94;255;sea;false;ocean;0
8870;117;81;255;sea;false;ocean;0
8871;147;103;255;sea;false;ocean;0
8872;97;128;255;sea;false;ocean;0
8873;88;118;255;sea;false;ocean;0
8874;117;72;255;sea;false;ocean;0
8875;94;95;255;sea;false;ocean;0
8876;31;76;255;sea;false;ocean;0
8877;60;67;255;sea;false;ocean;0
8878;16;29;255;sea;false;ocean;0
8879;13;56;255;sea;false;ocean;0
8880;20;94;255;sea;false;ocean;0
8881;7;49;255;sea;false;ocean;0
8882;47;95;255;sea;false;ocean;0
8883;50;98;255;sea;false;ocean;0
8884;32;79;255;sea;false;ocean;0
8885;46;38;255;sea;false;ocean;0
8886;24;97;255;sea;false;ocean;0
8887;79;161;255;sea;false;ocean;0
8888;69;133;255;sea;false;ocean;0
8889;54;108;255;sea;false;ocean;0
8890;37;107;255;sea;false;ocean;0
8891;51;96;255;sea;false;ocean;0
8892;35;134;255;sea;false;ocean;0
8893;96;157;255;sea;false;ocean;0
8894;95;162;255;sea;false;ocean;0
8895;43;95;255;sea;false;ocean;0
8896;49;97;255;sea;false;ocean;0
8897;38;137;255;sea;false;ocean;0
8898;73;153;255;sea;false;ocean;0
8899;41;155;255;sea;false;ocean;0
8900;53;136;255;sea;false;ocean;0
8901;94;93;255;sea;false;ocean;0
8902;60;84;255;sea;false;ocean;0
8903;84;85;255;sea;false;ocean;0
8904;71;115;255;sea;false;ocean;0
8905;89;136;255;sea;false;ocean;0
8906;83;102;255;sea;false;ocean;0
8907;100;97;255;sea;false;ocean;0
8908;26;79;255;sea;false;ocean;0
8909;101;126;255;sea;false;ocean;0
8910;43;76;255;sea;false;ocean;0
8911;26;109;255;sea;false;ocean;0
8912;74;89;255;sea;false;ocean;0
8913;93;121;255;sea;false;ocean;0
8914;43;131;255;sea;false;ocean;0
8915;50;111;255;sea;false;ocean;0
8916;52;127;255;sea;false;ocean;0
8917;79;136;255;sea;false;ocean;0
8918;47;88;255;sea;false;ocean;0
8919;100;132;255;sea;false;ocean;0
8920;93;126;255;sea;false;ocean;0
8921;92;30;255;sea;false;ocean;0
8922;70;96;255;sea;false;ocean;0
8923;100;75;255;sea;false;ocean;0
8924;123;72;255;sea;false;ocean;0
8925;72;34;255;sea;false;ocean;0
8926;64;46;255;sea;false;ocean;0
8927;118;23;255;sea;false;ocean;0
8928;118;26;255;sea;false;ocean;0
8929;84;23;255;sea;false;ocean;0
8930;64;94;255;sea;false;ocean;0
8931;116;33;255;sea;false;ocean;0
8932;125;90;255;sea;false;ocean;0
8933;88;22;255;sea;false;ocean;0
8934;107;39;255;sea;false;ocean;0
8935;63;29;255;sea;false;ocean;0
8936;108;86;255;sea;false;ocean;0
8937;56;79;255;sea;false;ocean;0
8938;134;84;255;sea;false;ocean;0
8939;98;116;255;sea;false;ocean;0
8940;80;115;255;sea;false;ocean;0
8941;75;81;255;sea;false;ocean;0
8942;144;153;255;sea;false;ocean;0
8943;130;112;255;sea;false;ocean;0
8944;101;119;255;sea;false;ocean;0
8945;98;135;255;sea;false;ocean;0
8946;89;123;255;sea;false;ocean;0
8947;103;100;255;sea;false;ocean;0
8948;95;127;255;sea;false;ocean;0
8949;107;83;255;sea;false;ocean;0
8950;139;143;255;sea;false;ocean;0
8951;139;90;255;sea;false;ocean;0
8952;122;77;255;sea;false;ocean;0
8953;90;93;255;sea;false;ocean;0
8954;79;67;255;sea;false;ocean;0
8955;77;58;255;sea;false;ocean;0
8956;141;99;255;sea;false;ocean;0
8957;127;92;255;sea;false;ocean;0
8958;71;37;255;sea;false;ocean;0
8959;65;65;255;sea;false;ocean;0
8960;87;38;255;sea;false;ocean;0
8961;20;33;255;sea;false;ocean;0
8962;33;21;255;sea;false;ocean;0
8963;66;47;255;sea;false;ocean;0
8964;46;46;255;sea;false;ocean;0
8965;33;24;255;sea;false;ocean;0
8966;24;26;255;sea;false;ocean;0
8967;76;53;255;sea;false;ocean;0
8968;58;37;255;sea;false;ocean;0
8969;101;46;255;sea;false;ocean;0
8970;87;20;255;sea;false;ocean;0
8971;80;17;255;sea;false;ocean;0
8972;96;32;255;sea;false;ocean;0
8973;67;39;255;sea;false;ocean;0
8974;138;0;255;sea;false;ocean;0
8975;71;46;255;sea;false;ocean;0
8976;116;8;255;sea;false;ocean;0
8977;121;17;255;sea;false;ocean;0
8978;112;42;255;sea;false;ocean;0
8979;72;14;255;sea;false;ocean;0
8980;126;42;255;sea;false;ocean;0
8981;109;33;255;sea;false;ocean;0
8982;99;14;255;sea;false;ocean;0
8983;104;25;255;sea;false;ocean;0
8984;123;3;255;sea;false;ocean;0
8985;87;14;255;sea;false;ocean;0
8986;77;5;255;sea;false;ocean;0
8987;18;35;255;sea;false;ocean;0
8988;33;92;255;sea;false;ocean;0
8989;0;103;255;sea;false;ocean;0
8990;3;42;255;sea;false;ocean;0
8991;35;35;255;sea;false;ocean;0
8992;27;62;255;sea;false;ocean;0
8993;5;85;255;sea;false;ocean;0
8994;39;74;255;sea;false;ocean;0
8995;11;54;255;sea;false;ocean;0
8996;41;56;255;sea;false;ocean;0
8997;44;26;255;sea;false;ocean;0
8998;28;33;255;sea;false;ocean;0
8999;7;22;255;sea;false;ocean;0
9000;1;8;255;sea;false;ocean;0
9001;42;56;255;sea;false;ocean;0
9002;50;0;255;sea;false;ocean;0
9003;36;67;255;sea;false;ocean;0
9004;36;33;255;sea;false;ocean;0
9005;26;31;255;sea;false;ocean;0
9006;51;31;255;sea;false;ocean;0
9007;17;49;255;sea;false;ocean;0
9008;25;2;255;sea;false;ocean;0
9009;18;12;255;sea;false;ocean;0
9010;27;9;255;sea;false;ocean;0
9011;43;13;255;sea;false;ocean;0
9012;70;26;255;sea;false;ocean;0
9013;35;29;255;sea;false;ocean;0
9014;62;11;255;sea;false;ocean;0
9015;54;35;255;sea;false;ocean;0
9016;1;11;255;sea;false;ocean;0
9017;31;90;255;sea;false;ocean;0
9018;9;76;255;sea;false;ocean;0
9019;7;104;255;sea;false;ocean;0
9020;18;77;255;sea;false;ocean;0
9021;3;140;255;sea;false;ocean;0
9022;30;109;255;sea;false;ocean;0
9023;9;105;255;sea;false;ocean;0
9024;27;87;255;sea;false;ocean;0
9025;22;139;255;sea;false;ocean;0
9026;30;101;255;sea;false;ocean;0
9027;24;112;255;sea;false;ocean;0
9028;7;106;255;sea;false;ocean;0
9029;131;44;255;sea;false;ocean;0
9030;94;102;255;sea;false;ocean;0
9031;84;97;255;sea;false;ocean;0
9032;104;100;255;sea;false;ocean;0
9033;94;94;255;sea;false;ocean;0
9034;107;24;255;sea;false;ocean;0
9035;159;56;255;sea;false;ocean;0
9036;110;31;255;sea;false;ocean;0
9037;103;56;255;sea;false;ocean;0
9038;121;24;255;sea;false;ocean;0
9039;126;31;255;sea;false;ocean;0
9040;141;17;255;sea;false;ocean;0
9041;152;62;255;sea;false;ocean;0
9042;136;55;255;sea;false;ocean;0
9043;139;22;255;sea;false;ocean;0
9044;129;49;255;sea;false;ocean;0
9045;138;26;255;sea;false;ocean;0
9046;122;12;255;sea;false;ocean;0
9047;126;119;255;sea;false;ocean;0
9048;146;89;255;sea;false;ocean;0
9049;93;110;255;sea;false;ocean;0
9050;86;141;255;sea;false;ocean;0
9051;136;120;255;sea;false;ocean;0
9052;109;116;255;sea;false;ocean;0
9053;120;136;255;sea;false;ocean;0
9054;149;93;255;sea;false;ocean;0
9055;110;123;255;sea;false;ocean;0
9056;157;124;255;sea;false;ocean;0
9057;100;100;255;sea;false;ocean;0
9058;155;87;255;sea;false;ocean;0
9059;10;131;255;sea;false;ocean;0
9060;14;89;255;sea;false;ocean;0
9061;22;124;255;sea;false;ocean;0
9062;73;65;255;sea;false;ocean;0
9063;56;57;255;sea;false;ocean;0
9064;72;83;255;sea;false;ocean;0
9065;68;74;255;sea;false;ocean;0
9066;46;57;255;sea;false;ocean;0
9067;71;111;255;sea;false;ocean;0
9068;43;109;255;sea;false;ocean;0
9069;73;100;255;sea;false;ocean;0
9070;42;57;255;sea;false;ocean;0
9071;40;69;255;sea;false;ocean;0
9072;67;86;255;sea;false;ocean;0
9073;56;93;255;sea;false;ocean;0
9074;58;39;255;sea;false;ocean;0
9075;43;71;255;sea;false;ocean;0
9076;53;26;255;sea;false;ocean;0
9077;107;28;255;sea;false;ocean;0
9078;93;76;255;sea;false;ocean;0
9079;42;95;255;sea;false;ocean;0
9080;61;96;255;sea;false;ocean;0
9081;80;43;255;sea;false;ocean;0
9082;60;44;255;sea;false;ocean;0
9083;103;39;255;sea;false;ocean;0
9084;103;88;255;sea;false;ocean;0
9085;33;81;255;sea;false;ocean;0
9086;34;61;255;sea;false;ocean;0
9087;94;13;255;sea;false;ocean;0
9088;38;45;255;sea;false;ocean;0
9089;81;28;255;sea;false;ocean;0
9090;79;15;255;sea;false;ocean;0
9091;100;20;255;sea;false;ocean;0
9092;63;31;255;sea;false;ocean;0
9093;69;15;255;sea;false;ocean;0
9094;67;75;255;sea;false;ocean;0
9095;80;90;255;sea;false;ocean;0
9096;62;60;255;sea;false;ocean;0
9097;34;95;255;sea;false;ocean;0
9098;68;98;255;sea;false;ocean;0
9099;87;82;255;sea;false;ocean;0
9100;39;94;255;sea;false;ocean;0
9101;77;57;255;sea;false;ocean;0
9102;74;115;255;sea;false;ocean;0
9103;52;74;255;sea;false;ocean;0
9104;47;59;255;sea;false;ocean;0
9105;15;36;255;sea;true;ocean;0
9106;32;31;255;sea;false;ocean;0
9107;61;20;255;sea;false;ocean;0
9108;78;51;255;sea;false;ocean;0
9109;21;22;255;sea;false;ocean;0
9110;83;48;255;sea;false;ocean;0
9111;75;14;255;sea;false;ocean;0
9112;47;20;255;sea;false;ocean;0
9113;88;47;255;sea;false;ocean;0
9114;127;101;255;sea;false;ocean;0
9115;87;54;255;sea;false;ocean;0
9116;121;80;255;sea;false;ocean;0
9117;143;105;255;sea;false;ocean;0
9118;91;81;255;sea;false;ocean;0
9119;89;36;255;sea;false;ocean;0
9120;119;86;255;sea;false;ocean;0
9121;103;73;255;sea;false;ocean;0
9122;162;66;255;sea;false;ocean;0
9123;23;58;255;sea;true;ocean;0
9124;52;87;255;sea;true;ocean;0
9125;55;46;255;sea;true;ocean;0
9126;50;59;255;sea;true;ocean;0
9127;36;88;255;sea;false;ocean;0
9128;75;85;255;sea;true;ocean;0
9129;30;69;255;sea;true;ocean;0
9130;1;26;255;sea;true;ocean;0
9131;40;16;255;sea;true;ocean;0
9132;44;66;255;sea;true;ocean;0
9133;33;63;255;sea;true;ocean;0
9134;41;20;255;sea;false;ocean;0
9135;39;39;255;sea;false;ocean;0
9136;15;12;255;sea;false;ocean;0
9137;2;18;255;sea;false;ocean;0
9138;57;129;255;sea;true;ocean;0
9139;10;132;255;sea;false;ocean;0
9140;13;131;255;sea;false;ocean;0
9141;27;105;255;sea;true;ocean;0
9142;13;75;255;sea;false;ocean;0
9143;50;107;255;sea;true;ocean;0
9144;19;84;255;sea;false;ocean;0
9145;61;65;255;sea;true;ocean;0
9146;44;38;255;sea;true;ocean;0
9147;71;29;255;sea;false;ocean;0
9148;86;32;255;sea;true;ocean;0
9149;19;147;255;sea;false;ocean;0
9150;2;92;255;sea;false;ocean;0
9151;47;109;255;sea;false;ocean;0
9152;29;155;255;sea;false;ocean;0
9153;45;97;255;sea;false;ocean;0
9154;20;111;255;sea;false;ocean;0
9155;40;93;255;sea;false;ocean;0
9156;17;138;255;sea;true;ocean;0
9157;37;137;255;sea;false;ocean;0
9158;0;121;255;sea;false;ocean;0
9159;12;102;255;sea;false;ocean;0
9160;25;140;255;sea;false;ocean;0
9161;39;98;255;sea;false;ocean;0
9162;37;121;255;sea;false;ocean;0
9163;2;139;255;sea;false;ocean;0
9164;12;67;255;sea;false;ocean;0
9165;11;95;255;sea;false;ocean;0
9166;0;66;255;sea;false;ocean;0
9167;5;83;255;sea;false;ocean;0
9168;15;127;255;sea;false;ocean;0
9169;10;100;255;sea;false;ocean;0
9170;31;107;255;sea;false;ocean;0
9171;7;85;255;sea;false;ocean;0
9172;19;51;255;sea;false;ocean;0
9173;5;69;255;sea;false;ocean;0
9174;17;52;255;sea;false;ocean;0
9175;101;63;255;sea;false;ocean;0
9176;52;52;255;sea;true;ocean;0
9177;73;26;255;sea;true;ocean;0
9178;37;45;255;sea;true;ocean;0
9179;51;32;255;sea;true;ocean;0
9180;105;70;255;sea;true;ocean;0
9181;79;8;255;sea;false;ocean;0
9182;48;35;255;sea;false;ocean;0
9183;58;10;255;sea;true;ocean;0
9184;104;50;255;sea;false;ocean;0
9185;94;31;255;sea;false;ocean;0
9186;109;0;255;sea;false;ocean;0
9187;88;29;255;sea;false;ocean;0
9188;85;32;255;sea;false;ocean;0
9189;150;35;255;sea;false;ocean;0
9190;81;10;255;sea;false;ocean;0
9191;126;49;255;sea;false;ocean;0
9192;94;21;255;sea;false;ocean;0
9193;89;21;255;sea;false;ocean;0
9194;83;46;255;sea;false;ocean;0
9195;149;12;255;sea;false;ocean;0
9196;88;20;255;sea;false;ocean;0
9197;62;84;255;sea;false;ocean;0
9198;36;44;255;sea;false;ocean;0
9199;36;108;255;sea;false;ocean;0
9200;61;71;255;sea;false;ocean;0
9201;12;104;255;sea;false;ocean;0
9202;44;81;255;sea;false;ocean;0
9203;26;55;255;sea;false;ocean;0
9204;62;104;255;sea;false;ocean;0
9205;59;74;255;sea;false;ocean;0
9206;14;86;255;sea;false;ocean;0
9207;56;87;255;sea;false;ocean;0
9208;22;86;255;sea;false;ocean;0
9209;55;66;255;sea;false;ocean;0
9210;47;41;255;sea;false;ocean;0
9211;64;33;255;sea;false;ocean;0
9212;20;82;255;sea;false;ocean;0
9213;32;90;255;sea;false;ocean;0
9214;63;92;255;sea;false;ocean;0
9215;62;49;255;sea;false;ocean;0
9216;59;31;255;sea;false;ocean;0
9217;66;70;255;sea;false;ocean;0
9218;3;65;255;sea;false;ocean;0
9219;60;41;255;sea;false;ocean;0
9220;11;57;255;sea;false;ocean;0
9221;18;3;255;sea;true;ocean;0
9222;71;27;255;sea;true;ocean;0
9223;54;38;255;sea;true;ocean;0
9224;22;15;255;sea;true;ocean;0
9225;78;12;255;sea;true;ocean;0
9226;46;10;255;sea;true;ocean;0
9227;75;38;255;sea;true;ocean;0
9228;84;16;255;sea;true;ocean;0
9229;65;68;255;sea;true;ocean;0
9230;31;12;255;sea;true;ocean;0
9231;70;59;255;sea;true;ocean;0
9232;26;44;255;sea;false;ocean;0
9233;31;30;255;sea;false;ocean;0
9234;29;6;255;sea;false;ocean;0
9235;9;31;255;sea;false;ocean;0
9236;34;14;255;sea;false;ocean;0
9237;35;55;255;sea;false;ocean;0
9238;8;130;255;sea;false;ocean;0
9239;44;80;255;sea;false;ocean;0
9240;43;139;255;sea;false;ocean;0
9241;30;126;255;sea;false;ocean;0
9242;23;110;255;sea;false;ocean;0
9243;9;72;255;sea;false;ocean;0
9244;45;126;255;sea;false;ocean;0
9245;30;119;255;sea;false;ocean;0
9246;14;94;255;sea;false;ocean;0
9247;15;108;255;sea;false;ocean;0
9248;10;65;255;sea;false;ocean;0
9249;14;71;255;sea;false;ocean;0
9250;136;89;255;sea;true;ocean;0
9251;103;49;255;sea;false;ocean;0
9252;96;68;255;sea;true;ocean;0
9253;98;52;255;sea;true;ocean;0
9254;138;105;255;sea;true;ocean;0
9255;104;24;255;sea;false;ocean;0
9256;58;63;255;sea;false;ocean;0
9257;74;37;255;sea;false;ocean;0
9258;50;45;255;sea;false;ocean;0
9259;75;74;255;sea;false;ocean;0
9260;39;5;255;sea;false;ocean;0
9261;80;13;255;sea;false;ocean;0
9262;2;128;255;sea;false;ocean;0
9263;0;88;255;sea;false;ocean;0
9264;21;72;255;sea;false;ocean;0
9265;19;137;255;sea;false;ocean;0
9266;7;113;255;sea;false;ocean;0
9267;33;138;255;sea;false;ocean;0
9268;3;134;255;sea;false;ocean;0
9269;39;62;255;sea;false;ocean;0
9270;35;75;255;sea;false;ocean;0
9271;22;134;255;sea;false;ocean;0
9272;20;77;255;sea;false;ocean;0
9273;62;55;255;sea;true;ocean;0
9274;66;44;255;sea;true;ocean;0
9275;87;65;255;sea;true;ocean;0
9276;91;95;255;sea;true;ocean;0
9277;74;54;255;sea;true;ocean;0
9278;106;74;255;sea;false;ocean;0
9279;136;18;255;sea;false;ocean;0
9280;149;2;255;sea;false;ocean;0
9281;109;14;255;sea;false;ocean;0
9282;138;5;255;sea;false;ocean;0
9283;82;63;255;sea;false;ocean;0
9284;83;27;255;sea;false;ocean;0
9285;100;46;255;sea;false;ocean;0
9286;75;56;255;sea;false;ocean;0
9287;95;9;255;sea;false;ocean;0
9288;129;32;255;sea;false;ocean;0
9289;114;45;255;sea;false;ocean;0
9290;124;19;255;sea;false;ocean;0
9291;92;49;255;sea;false;ocean;0
9292;72;6;255;sea;false;ocean;0
9293;27;28;255;sea;false;ocean;0
9294;51;6;255;sea;false;ocean;0
9295;101;11;255;sea;false;ocean;0
9296;85;17;255;sea;false;ocean;0
9297;98;0;255;sea;false;ocean;0
9298;51;38;255;sea;false;ocean;0
9299;54;12;255;sea;false;ocean;0
9300;0;144;255;sea;false;ocean;0
9301;52;120;255;sea;false;ocean;0
9302;14;104;255;sea;false;ocean;0
9303;12;131;255;sea;false;ocean;0
9304;5;131;255;sea;false;ocean;0
9305;41;88;255;sea;false;ocean;0
9306;23;60;255;sea;false;ocean;0
9307;39;65;255;sea;false;ocean;0
9308;23;63;255;sea;false;ocean;0
9309;48;52;255;sea;false;ocean;0
9310;19;92;255;sea;false;ocean;0
9311;12;36;255;sea;false;ocean;0
9312;31;69;255;sea;false;ocean;0
9313;13;80;255;sea;false;ocean;0
9314;19;77;255;sea;false;ocean;0
9315;32;55;255;sea;false;ocean;0
9316;31;88;255;sea;false;ocean;0
9317;4;70;255;sea;false;ocean;0
9318;20;39;255;sea;false;ocean;0
9319;71;105;255;sea;false;ocean;0
9320;17;124;255;sea;false;ocean;0
9321;17;140;255;sea;false;ocean;0
9322;61;110;255;sea;false;ocean;0
9323;17;79;255;sea;false;ocean;0
9324;23;126;255;sea;false;ocean;0
9325;21;135;255;sea;false;ocean;0
9326;19;156;255;sea;false;ocean;0
9327;52;80;255;sea;false;ocean;0
9328;21;114;255;sea;false;ocean;0
9329;40;104;255;sea;false;ocean;0
9330;40;115;255;sea;false;ocean;0
9331;54;124;255;sea;false;ocean;0
9332;23;124;255;sea;false;ocean;0
9333;36;124;255;sea;false;ocean;0
9334;32;122;255;sea;false;ocean;0
9335;22;97;255;sea;false;ocean;0
9336;6;109;255;sea;false;ocean;0
9337;29;71;255;sea;false;ocean;0
9338;60;81;255;sea;false;ocean;0
9339;70;98;255;sea;false;ocean;0
9340;114;67;255;sea;true;ocean;0
9341;47;81;255;sea;false;ocean;0
9342;86;102;255;sea;true;ocean;0
9343;63;51;255;sea;false;ocean;0
9344;55;78;255;sea;false;ocean;0
9345;17;38;255;sea;false;ocean;0
9346;21;12;255;sea;false;ocean;0
9347;11;31;255;sea;false;ocean;0
9348;24;23;255;sea;false;ocean;0
9349;18;19;255;sea;false;ocean;0
9350;66;145;255;sea;false;ocean;0
9351;48;134;255;sea;false;ocean;0
9352;53;162;255;sea;false;ocean;0
9353;54;117;255;sea;false;ocean;0
9354;82;143;255;sea;false;ocean;0
9355;63;141;255;sea;false;ocean;0
9356;80;147;255;sea;false;ocean;0
9357;30;86;255;sea;false;ocean;0
9358;85;118;255;sea;false;ocean;0
9359;96;132;255;sea;false;ocean;0
9360;37;99;255;sea;false;ocean;0
9361;35;100;255;sea;false;ocean;0
9362;62;122;255;sea;false;ocean;0
9363;83;127;255;sea;false;ocean;0
9364;29;137;255;sea;false;ocean;0
9365;71;134;255;sea;false;ocean;0
9366;38;93;255;sea;false;ocean;0
9367;31;59;255;sea;false;ocean;0
9368;36;59;255;sea;false;ocean;0
9369;10;109;255;sea;false;ocean;0
9370;90;10;255;sea;true;ocean;0
9371;104;27;255;sea;true;ocean;0
9372;119;14;255;sea;true;ocean;0
9373;84;38;255;sea;true;ocean;0
9374;105;1;255;sea;true;ocean;0
9375;81;46;255;sea;true;ocean;0
9376;120;49;255;sea;false;ocean;0
9377;131;31;255;sea;false;ocean;0
9378;107;38;255;sea;true;ocean;0
9379;108;54;255;sea;false;ocean;0
9380;107;36;255;sea;false;ocean;0
9381;76;38;255;sea;false;ocean;0
9382;96;58;255;sea;false;ocean;0
9383;82;59;255;sea;false;ocean;0
9384;119;22;255;sea;false;ocean;0
9385;84;33;255;sea;false;ocean;0
9386;88;42;255;sea;false;ocean;0
9387;83;40;255;sea;false;ocean;0
9388;100;19;255;sea;false;ocean;0
9389;70;35;255;sea;false;ocean;0
9390;52;60;255;sea;false;ocean;0
9391;77;34;255;sea;false;ocean;0
9392;110;20;255;sea;false;ocean;0
9393;74;1;255;sea;false;ocean;0
9394;51;41;255;sea;false;ocean;0
9395;53;34;255;sea;false;ocean;0
9396;100;3;255;sea;false;ocean;0
9397;38;110;255;sea;false;ocean;0
9398;78;99;255;sea;false;ocean;0
9399;63;71;255;sea;false;ocean;0
9400;72;66;255;sea;false;ocean;0
9401;69;50;255;sea;false;ocean;0
9402;30;70;255;sea;true;ocean;0
9403;54;40;255;sea;false;ocean;0
9404;16;38;255;sea;false;ocean;0
9405;70;81;255;sea;false;ocean;0
9406;46;54;255;sea;false;ocean;0
9407;75;108;255;sea;true;ocean;0
9408;14;61;255;sea;false;ocean;0
9409;39;52;255;sea;false;ocean;0
9410;25;66;255;sea;false;ocean;0
9411;37;79;255;sea;false;ocean;0
9412;43;50;255;sea;false;ocean;0
9413;57;15;255;sea;false;ocean;0
9414;55;82;255;sea;false;ocean;0
9415;18;43;255;sea;false;ocean;0
9416;5;38;255;sea;false;ocean;0
9417;6;25;255;sea;false;ocean;0
9418;28;53;255;sea;false;ocean;0
9419;9;63;255;sea;false;ocean;0
9420;10;14;255;sea;false;ocean;0
9421;24;55;255;sea;false;ocean;0
9422;52;36;255;sea;false;ocean;0
9423;32;16;255;sea;false;ocean;0
9424;32;33;255;sea;false;ocean;0
9425;33;68;255;sea;false;ocean;0
9426;13;73;255;sea;false;ocean;0
9427;38;35;255;sea;false;ocean;0
9428;31;23;255;sea;false;ocean;0
9429;45;46;255;sea;false;ocean;0
9430;17;75;255;sea;false;ocean;0
9431;61;33;255;sea;false;ocean;0
9432;67;22;255;sea;false;ocean;0
9433;74;14;255;sea;false;ocean;0
9434;109;22;255;sea;false;ocean;0
9435;87;33;255;sea;false;ocean;0
9436;40;2;255;sea;false;ocean;0
9437;111;16;255;sea;false;ocean;0
9438;71;3;255;sea;false;ocean;0
9439;93;38;255;sea;false;ocean;0
9440;107;25;255;sea;false;ocean;0
9441;117;114;255;sea;false;ocean;0
9442;145;93;255;sea;false;ocean;0
9443;158;73;255;sea;false;ocean;0
9444;56;39;255;sea;false;ocean;0
9445;74;66;255;sea;false;ocean;0
9446;69;45;255;sea;false;ocean;0
9447;36;14;255;sea;false;ocean;0
9448;66;25;255;sea;false;ocean;0
9449;37;26;255;sea;true;ocean;0
9450;20;3;255;sea;false;ocean;0
9451;35;21;255;sea;true;ocean;0
9452;8;15;255;sea;false;ocean;0
9453;62;24;255;sea;false;ocean;0
9454;50;42;255;sea;true;ocean;0
9455;12;34;255;sea;false;ocean;0
9456;6;10;255;sea;true;ocean;0
9457;10;39;255;sea;false;ocean;0
9458;31;15;255;sea;true;ocean;0
9459;14;27;255;sea;false;ocean;0
9460;48;29;255;sea;true;ocean;0
9461;124;61;255;sea;false;ocean;0
9462;91;104;255;sea;false;ocean;0
9463;127;71;255;sea;false;ocean;0
9464;92;69;255;sea;false;ocean;0
9465;142;66;255;sea;false;ocean;0
9466;124;75;255;sea;false;ocean;0
9467;105;96;255;sea;false;ocean;0
9468;148;50;255;sea;false;ocean;0
9469;85;75;255;sea;false;ocean;0
9470;153;77;255;sea;false;ocean;0
9471;101;90;255;sea;false;ocean;0
9472;110;48;255;sea;false;ocean;0
9473;53;75;255;sea;true;ocean;0
9474;80;9;255;sea;false;ocean;0
9475;59;60;255;sea;false;ocean;0
9476;82;66;255;sea;false;ocean;0
9477;110;13;255;sea;false;ocean;0
9478;59;57;255;sea;false;ocean;0
9479;81;62;255;sea;false;ocean;0
9480;55;22;255;sea;false;ocean;0
9481;65;11;255;sea;false;ocean;0
9482;106;19;255;sea;true;ocean;0
9483;100;70;255;sea;false;ocean;0
9484;92;70;255;sea;false;ocean;0
9485;66;16;255;sea;false;ocean;0
9486;117;49;255;sea;false;ocean;0
9487;49;114;255;sea;false;ocean;0
9488;0;133;255;sea;false;ocean;0
9489;53;95;255;sea;false;ocean;0
9490;36;134;255;sea;false;ocean;0
9491;8;96;255;sea;false;ocean;0
9492;103;61;255;sea;false;ocean;0
9493;44;56;255;sea;false;ocean;0
9494;54;52;255;sea;false;ocean;0
9495;66;107;255;sea;false;ocean;0
9496;99;117;255;sea;false;ocean;0
9497;86;70;255;sea;false;ocean;0
9498;52;51;255;sea;false;ocean;0
9499;91;7;255;sea;false;ocean;0
9500;99;65;255;sea;false;ocean;0
9501;110;49;255;sea;false;ocean;0
9502;100;22;255;sea;false;ocean;0
9503;132;6;255;sea;false;ocean;0
9504;142;61;255;sea;false;ocean;0
9505;110;35;255;sea;false;ocean;0
9506;157;3;255;sea;false;ocean;0
9507;98;78;255;sea;false;ocean;0
9508;125;31;255;sea;false;ocean;0
9509;134;8;255;sea;false;ocean;0
9510;158;9;255;sea;false;ocean;0
9511;7;112;255;sea;false;ocean;0
9512;55;125;255;sea;false;ocean;0
9513;56;112;255;sea;false;ocean;0
9514;59;82;255;sea;false;ocean;0
9515;13;130;255;sea;false;ocean;0
9516;33;127;255;sea;false;ocean;0
9517;5;88;255;sea;false;ocean;0
9518;21;116;255;sea;false;ocean;0
9519;47;143;255;sea;false;ocean;0
9520;104;66;255;sea;false;ocean;0
9521;77;129;255;sea;false;ocean;0
9522;139;91;255;sea;false;ocean;0
9523;98;62;255;sea;false;ocean;0
9524;84;62;255;sea;false;ocean;0
9525;123;93;255;sea;false;ocean;0
9526;137;87;255;sea;false;ocean;0
9527;76;79;255;sea;false;ocean;0
9528;108;96;255;sea;false;ocean;0
9529;91;71;255;sea;false;ocean;0
9530;80;71;255;sea;false;ocean;0
9531;140;66;255;sea;false;ocean;0
9532;71;53;255;sea;false;ocean;0
9533;130;23;255;sea;false;ocean;0
9534;118;12;255;sea;false;ocean;0
9535;119;60;255;sea;false;ocean;0
9536;66;36;255;sea;true;ocean;0
9537;82;8;255;sea;false;ocean;0
9538;74;73;255;sea;false;ocean;0
9539;53;31;255;sea;false;ocean;0
9540;75;11;255;sea;false;ocean;0
9541;89;26;255;sea;false;ocean;0
9542;33;32;255;sea;false;ocean;0
9543;82;48;255;sea;false;ocean;0
9544;97;20;255;sea;false;ocean;0
9545;28;49;255;sea;false;ocean;0
9546;63;16;255;sea;false;ocean;0
9547;56;24;255;sea;false;ocean;0
9548;66;32;255;sea;false;ocean;0
9549;86;46;255;sea;false;ocean;0
9550;102;1;255;sea;false;ocean;0
9551;70;101;255;sea;true;ocean;0
9552;36;86;255;sea;true;ocean;0
9553;99;85;255;sea;true;ocean;0
9554;95;29;255;sea;true;ocean;0
9555;103;14;255;sea;true;ocean;0
9556;79;52;255;sea;true;ocean;0
9557;38;0;255;sea;false;ocean;0
9558;31;3;255;sea;false;ocean;0
9559;43;33;255;sea;false;ocean;0
9560;7;6;255;sea;false;ocean;0
9561;56;31;255;sea;false;ocean;0
9562;49;11;255;sea;false;ocean;0
9563;66;15;255;sea;false;ocean;0
9564;31;5;255;sea;false;ocean;0
9565;59;19;255;sea;false;ocean;0
9566;47;6;255;sea;false;ocean;0
9567;87;124;255;sea;false;ocean;0
9568;53;103;255;sea;false;ocean;0
9569;110;70;255;sea;false;ocean;0
9570;65;110;255;sea;false;ocean;0
9571;37;101;255;sea;false;ocean;0
9572;40;80;255;sea;false;ocean;0
9573;81;140;255;sea;false;ocean;0
9574;71;117;255;sea;false;ocean;0
9575;54;136;255;sea;false;ocean;0
9576;56;134;255;sea;false;ocean;0
9577;59;145;255;sea;false;ocean;0
9578;113;130;255;sea;false;ocean;0
9579;47;86;255;sea;false;ocean;0
9580;36;74;255;sea;false;ocean;0
9581;105;85;255;sea;false;ocean;0
9582;79;120;255;sea;false;ocean;0
9583;51;86;255;sea;false;ocean;0
9584;46;108;255;sea;false;ocean;0
9585;34;131;255;sea;false;ocean;0
9586;73;144;255;sea;false;ocean;0
9587;72;94;255;sea;false;ocean;0
9588;88;76;255;sea;false;ocean;0
9589;106;69;255;sea;false;ocean;0
9590;37;67;255;sea;false;ocean;0
9591;56;89;255;sea;false;ocean;0
9592;60;76;255;sea;false;ocean;0
9593;35;92;255;sea;false;ocean;0
9594;56;68;255;sea;false;ocean;0
9595;66;119;255;sea;false;ocean;0
9596;64;99;255;sea;false;ocean;0
9597;9;110;255;sea;false;ocean;0
9598;42;88;255;sea;false;ocean;0
9599;93;34;255;sea;false;ocean;0
9600;103;31;255;sea;false;ocean;0
9601;95;51;255;sea;false;ocean;0
9602;68;16;255;sea;false;ocean;0
9603;105;68;255;sea;false;ocean;0
9604;111;23;255;sea;false;ocean;0
9605;82;60;255;sea;false;ocean;0
9606;100;74;255;sea;false;ocean;0
9607;142;84;255;sea;false;ocean;0
9608;117;79;255;sea;false;ocean;0
9609;125;26;255;sea;false;ocean;0
9610;144;36;255;sea;false;ocean;0
9611;141;77;255;sea;false;ocean;0
9612;103;40;255;sea;false;ocean;0
9613;105;64;255;sea;false;ocean;0
9614;105;4;255;sea;false;ocean;0
9615;106;10;255;sea;false;ocean;0
9616;136;5;255;sea;false;ocean;0
9617;139;19;255;sea;false;ocean;0
9618;99;25;255;sea;false;ocean;0
9619;140;4;255;sea;false;ocean;0
9620;76;26;255;sea;false;ocean;0
9621;124;37;255;sea;false;ocean;0
9622;73;6;255;sea;false;ocean;0
9623;91;22;255;sea;false;ocean;0
9624;105;13;255;sea;false;ocean;0
9625;87;18;255;sea;false;ocean;0
9626;115;40;255;sea;false;ocean;0
9627;109;37;255;sea;false;ocean;0
9628;97;1;255;sea;false;ocean;0
9629;76;32;255;sea;false;ocean;0
9630;148;74;255;sea;false;ocean;0
9631;159;121;255;sea;false;ocean;0
9632;125;102;255;sea;false;ocean;0
9633;83;125;255;sea;false;ocean;0
9634;112;107;255;sea;false;ocean;0
9635;132;71;255;sea;false;ocean;0
9636;133;85;255;sea;false;ocean;0
9637;73;82;255;sea;false;ocean;0
9638;59;104;255;sea;true;ocean;0
9639;63;102;255;sea;false;ocean;0
9640;82;101;255;sea;false;ocean;0
9641;73;102;255;sea;false;ocean;0
9642;67;65;255;sea;false;ocean;0
9643;94;92;255;sea;true;ocean;0
9644;68;40;255;sea;false;ocean;0
9645;82;53;255;sea;false;ocean;0
9646;94;68;255;sea;true;ocean;0
9647;22;29;255;sea;false;ocean;0
9648;56;58;255;sea;false;ocean;0
9649;59;28;255;sea;false;ocean;0
9650;25;25;255;sea;false;ocean;0
9651;56;20;255;sea;false;ocean;0
9652;17;50;255;sea;true;ocean;0
9653;5;54;255;sea;false;ocean;0
9654;61;44;255;sea;false;ocean;0
9655;45;42;255;sea;true;ocean;0
9656;55;30;255;sea;false;ocean;0
9657;45;68;255;sea;false;ocean;0
9658;114;83;255;sea;false;ocean;0
9659;70;93;255;sea;false;ocean;0
9660;76;102;255;sea;false;ocean;0
9661;55;85;255;sea;false;ocean;0
9662;75;95;255;sea;false;ocean;0
9663;52;84;255;sea;false;ocean;0
9664;101;91;255;sea;false;ocean;0
9665;53;131;255;sea;false;ocean;0
9666;97;102;255;sea;false;ocean;0
9667;122;88;255;sea;false;ocean;0
9668;63;93;255;sea;false;ocean;0
9669;51;123;255;sea;false;ocean;0
9670;70;134;255;sea;false;ocean;0
9671;11;109;255;sea;false;ocean;0
9672;23;131;255;sea;true;ocean;0
9673;21;126;255;sea;true;ocean;0
9674;117;58;255;sea;false;ocean;0
9675;59;49;255;sea;false;ocean;0
9676;89;89;255;sea;false;ocean;0
9677;93;47;255;sea;false;ocean;0
9678;64;57;255;sea;false;ocean;0
9679;127;43;255;sea;false;ocean;0
9680;113;36;255;sea;false;ocean;0
9681;52;70;255;sea;false;ocean;0
9682;99;41;255;sea;false;ocean;0
9683;97;59;255;sea;false;ocean;0
9684;55;64;255;sea;false;ocean;0
9685;58;95;255;sea;false;ocean;0
9686;90;61;255;sea;false;ocean;0
9687;86;40;255;sea;false;ocean;0
9688;66;61;255;sea;false;ocean;0
9689;65;72;255;sea;false;ocean;0
9690;103;72;255;sea;false;ocean;0
9691;107;64;255;sea;false;ocean;0
9692;120;46;255;sea;false;ocean;0
9693;127;65;255;sea;false;ocean;0
9694;20;1;255;sea;false;ocean;0
9695;38;8;255;sea;false;ocean;0
9696;40;30;255;sea;false;ocean;0
9697;12;14;255;sea;false;ocean;0
9698;1;18;255;sea;false;ocean;0
9699;54;9;255;sea;false;ocean;0
9700;73;41;255;sea;false;ocean;0
9701;23;38;255;sea;false;ocean;0
9702;28;30;255;sea;false;ocean;0
9703;47;25;255;sea;false;ocean;0
9704;32;53;255;sea;false;ocean;0
9705;23;45;255;sea;false;ocean;0
9706;22;91;255;sea;false;ocean;0
9707;10;93;255;sea;false;ocean;0
9708;7;94;255;sea;false;ocean;0
9709;118;34;255;sea;false;ocean;0
9710;107;14;255;sea;false;ocean;0
9711;109;70;255;sea;false;ocean;0
9712;114;28;255;sea;false;ocean;0
9713;74;41;255;sea;false;ocean;0
9714;76;107;255;sea;true;ocean;0
9715;115;121;255;sea;true;ocean;0
9716;111;86;255;sea;true;ocean;0
9717;8;92;255;sea;false;ocean;0
9718;58;49;255;sea;false;ocean;0
9719;49;44;255;sea;false;ocean;0
9720;55;54;255;sea;false;ocean;0
9721;66;97;255;sea;false;ocean;0
9722;16;67;255;sea;false;ocean;0
9723;109;45;255;sea;false;ocean;0
9724;119;55;255;sea;false;ocean;0
9725;93;67;255;sea;false;ocean;0
9726;61;47;255;sea;false;ocean;0
9727;101;53;255;sea;false;ocean;0
9728;97;22;255;sea;false;ocean;0
9729;61;11;255;sea;false;ocean;0
9730;81;74;255;sea;false;ocean;0
9731;55;77;255;sea;false;ocean;0
9732;95;52;255;sea;false;ocean;0
9733;50;117;255;sea;false;ocean;0
9734;69;130;255;sea;false;ocean;0
9735;4;119;255;sea;false;ocean;0
9736;70;147;255;sea;false;ocean;0
9737;60;143;255;sea;false;ocean;0
9738;10;116;255;sea;false;ocean;0
9739;0;107;255;sea;false;ocean;0
9740;54;110;255;sea;false;ocean;0
9741;11;94;255;sea;false;ocean;0
9742;120;83;255;sea;false;ocean;0
9743;89;115;255;sea;false;ocean;0
9744;107;66;255;sea;false;ocean;0
9745;140;65;255;sea;false;ocean;0
9746;135;110;255;sea;false;ocean;0
9747;106;98;255;sea;false;ocean;0
9748;116;66;255;sea;false;ocean;0
9749;88;64;255;sea;false;ocean;0
9750;130;94;255;sea;false;ocean;0
9751;86;73;255;sea;false;ocean;0
9752;143;104;255;sea;true;ocean;0
9753;83;35;255;sea;false;ocean;0
9754;105;45;255;sea;true;ocean;0
9755;149;95;255;sea;true;ocean;0
9756;121;90;255;sea;true;ocean;0
9757;126;41;255;sea;false;ocean;0
9758;122;41;255;sea;false;ocean;0
9759;88;56;255;sea;false;ocean;0
9760;105;90;255;sea;false;ocean;0
9761;87;68;255;sea;true;ocean;0
9762;120;38;255;sea;true;ocean;0
9763;87;100;255;sea;true;ocean;0
9764;80;87;255;sea;false;ocean;0
9765;43;10;255;sea;false;ocean;0
9766;90;8;255;sea;false;ocean;0
9767;78;2;255;sea;false;ocean;0
9768;77;32;255;sea;false;ocean;0
9769;69;29;255;sea;false;ocean;0
9770;21;105;255;sea;false;ocean;0
9771;75;130;255;sea;false;ocean;0
9772;48;86;255;sea;false;ocean;0
9773;38;108;255;sea;false;ocean;0
9774;31;121;255;sea;false;ocean;0
9775;95;75;255;sea;false;ocean;0
9776;88;21;255;sea;false;ocean;0
9777;123;65;255;sea;false;ocean;0
9778;131;49;255;sea;false;ocean;0
9779;141;64;255;sea;false;ocean;0
9780;130;48;255;sea;false;ocean;0
9781;118;79;255;sea;false;ocean;0
9782;75;66;255;sea;false;ocean;0
9783;13;16;255;sea;false;ocean;0
9784;72;16;255;sea;false;ocean;0
9785;45;15;255;sea;false;ocean;0
9786;62;23;255;sea;false;ocean;0
9787;17;41;255;sea;false;ocean;0
9788;72;19;255;sea;false;ocean;0
9789;73;55;255;sea;false;ocean;0
9790;28;43;255;sea;false;ocean;0
9791;72;45;255;sea;false;ocean;0
9792;73;7;255;sea;false;ocean;0
9793;55;57;255;sea;false;ocean;0
9794;75;60;255;sea;false;ocean;0
9795;93;139;255;sea;false;ocean;0
9796;92;131;255;sea;false;ocean;0
9797;128;131;255;sea;false;ocean;0
9798;104;125;255;sea;false;ocean;0
9799;73;113;255;sea;false;ocean;0
9800;50;78;255;sea;false;ocean;0
9801;119;90;255;sea;false;ocean;0
9802;66;128;255;sea;false;ocean;0
9803;67;145;255;sea;false;ocean;0
9804;88;143;255;sea;false;ocean;0
9805;88;91;255;sea;false;ocean;0
9806;102;121;255;sea;false;ocean;0
9807;93;123;255;sea;false;ocean;0
9808;104;121;255;sea;false;ocean;0
9809;105;73;255;sea;false;ocean;0
9810;135;96;255;sea;false;ocean;0
9811;12;95;255;sea;false;ocean;0
9812;35;113;255;sea;false;ocean;0
9813;72;115;255;sea;false;ocean;0
9814;38;50;255;sea;false;ocean;0
9815;85;117;255;sea;false;ocean;0
9816;68;80;255;sea;false;ocean;0
9817;26;39;255;sea;false;ocean;0
9818;52;41;255;sea;false;ocean;0
9819;28;109;255;sea;false;ocean;0
9820;71;9;255;sea;false;ocean;0
9821;81;16;255;sea;false;ocean;0
9822;62;64;255;sea;false;ocean;0
9823;61;21;255;sea;false;ocean;0
9824;64;9;255;sea;false;ocean;0
9825;15;49;255;sea;false;ocean;0
9826;27;144;255;sea;false;ocean;0
9827;7;140;255;sea;false;ocean;0
9828;27;115;255;sea;false;ocean;0
9829;41;102;255;sea;false;ocean;0
9830;10;128;255;sea;false;ocean;0
9831;46;134;255;sea;false;ocean;0
9832;9;115;255;sea;false;ocean;0
9833;25;105;255;sea;false;ocean;0
9834;14;131;255;sea;false;ocean;0
9835;35;102;255;sea;false;ocean;0
9836;7;137;255;sea;false;ocean;0
9837;27;100;255;sea;false;ocean;0
9838;109;89;255;sea;false;ocean;0
9839;75;123;255;sea;false;ocean;0
9840;99;112;255;sea;false;ocean;0
9841;143;126;255;sea;false;ocean;0
9842;139;74;255;sea;false;ocean;0
9843;126;68;255;sea;false;ocean;0
9844;147;76;255;sea;false;ocean;0
9845;128;76;255;sea;false;ocean;0
9846;117;112;255;sea;false;ocean;0
9847;121;104;255;sea;false;ocean;0
9848;73;76;255;sea;false;ocean;0
9849;111;85;255;sea;false;ocean;0
9850;22;11;255;sea;false;ocean;0
9851;20;47;255;sea;false;ocean;0
9852;14;35;255;sea;false;ocean;0
9853;23;52;255;sea;false;ocean;0
9854;7;13;255;sea;false;ocean;0
9855;14;54;255;sea;false;ocean;0
9856;31;9;255;sea;false;ocean;0
9857;70;29;255;sea;false;ocean;0
9858;44;5;255;sea;false;ocean;0
9859;5;58;255;sea;false;ocean;0
9860;17;26;255;sea;false;ocean;0
9861;29;65;255;sea;false;ocean;0
9862;69;41;255;sea;false;ocean;0
9863;16;64;255;sea;false;ocean;0
9864;68;122;255;sea;false;ocean;0
9865;136;93;255;sea;false;ocean;0
9866;106;113;255;sea;false;ocean;0
9867;123;134;255;sea;false;ocean;0
9868;65;104;255;sea;false;ocean;0
9869;62;154;255;sea;false;ocean;0
9870;108;121;255;sea;false;ocean;0
9871;99;154;255;sea;false;ocean;0
9872;138;129;255;sea;false;ocean;0
9873;0;69;255;sea;true;ocean;0
9874;98;48;255;sea;true;ocean;0
9875;74;45;255;sea;false;ocean;0
9876;68;67;255;sea;false;ocean;0
9877;88;38;255;sea;true;ocean;0
9878;125;92;255;sea;false;ocean;0
9879;141;30;255;sea;false;ocean;0
9880;130;73;255;sea;true;ocean;0
9881;83;22;255;sea;false;ocean;0
9882;70;55;255;sea;false;ocean;0
9883;50;36;255;sea;false;ocean;0
9884;86;71;255;sea;false;ocean;0
9885;16;3;255;sea;false;ocean;0
9886;79;69;255;sea;false;ocean;0
9887;61;16;255;sea;false;ocean;0
9888;19;32;255;sea;false;ocean;0
9889;74;43;255;sea;false;ocean;0
9890;54;26;255;sea;false;ocean;0
9891;20;61;255;sea;false;ocean;0
9892;22;50;255;sea;false;ocean;0
9893;48;16;255;sea;false;ocean;0
9894;55;51;255;sea;false;ocean;0
9895;41;7;255;sea;false;ocean;0
9896;31;68;255;sea;false;ocean;0
9897;88;103;255;sea;false;ocean;0
9898;30;95;255;sea;false;ocean;0
9899;67;144;255;sea;false;ocean;0
9900;86;153;255;sea;false;ocean;0
9901;58;26;255;sea;false;ocean;0
9902;70;60;255;sea;false;ocean;0
9903;99;69;255;sea;false;ocean;0
9904;86;56;255;sea;false;ocean;0
9905;52;4;255;sea;false;ocean;0
9906;57;50;255;sea;false;ocean;0
9907;81;19;255;sea;false;ocean;0
9908;74;76;255;sea;false;ocean;0
9909;100;42;255;sea;false;ocean;0
9910;79;22;255;sea;false;ocean;0
9911;49;70;255;sea;false;ocean;0
9912;102;13;255;sea;false;ocean;0
9913;86;50;255;sea;false;ocean;0
9914;98;74;255;sea;false;ocean;0
9915;52;20;255;sea;false;ocean;0
9916;89;15;255;sea;false;ocean;0
9917;23;26;255;sea;false;ocean;0
9918;40;17;255;sea;true;ocean;0
9919;62;42;255;sea;false;ocean;0
9920;37;54;255;sea;true;ocean;0
9921;19;1;255;sea;true;ocean;0
9922;85;97;255;sea;false;ocean;0
9923;147;108;255;sea;false;ocean;0
9924;118;138;255;sea;true;ocean;0
9925;101;115;255;sea;true;ocean;0
9926;91;82;255;sea;true;ocean;0
9927;84;128;255;sea;false;ocean;0
9928;47;94;255;sea;false;ocean;0
9929;25;64;255;sea;false;ocean;0
9930;42;94;255;sea;false;ocean;0
9931;51;55;255;sea;false;ocean;0
9932;59;32;255;sea;false;ocean;0
9933;72;62;255;sea;false;ocean;0
9934;84;87;255;sea;false;ocean;0
9935;37;23;255;sea;false;ocean;0
9936;65;55;255;sea;false;ocean;0
9937;101;23;255;sea;false;ocean;0
9938;122;73;255;sea;false;ocean;0
9939;118;31;255;sea;false;ocean;0
9940;129;17;255;sea;true;ocean;0
9941;85;80;255;sea;true;ocean;0
9942;60;69;255;sea;false;ocean;0
9943;89;29;255;sea;false;ocean;0
9944;85;73;255;sea;false;ocean;0
9945;113;47;255;sea;true;ocean;0
9946;129;25;255;sea;false;ocean;0
9947;21;21;255;sea;false;ocean;0
9948;58;31;255;sea;false;ocean;0
9949;53;25;255;sea;false;ocean;0
9950;83;36;255;sea;false;ocean;0
9951;24;17;255;sea;false;ocean;0
9952;64;8;255;sea;false;ocean;0
9953;21;19;255;sea;false;ocean;0
9954;42;47;255;sea;false;ocean;0
9955;68;47;255;sea;false;ocean;0
9956;90;0;255;sea;false;ocean;0
9957;47;27;255;sea;false;ocean;0
9958;64;40;255;sea;false;ocean;0
9959;43;49;255;sea;false;ocean;0
9960;17;39;255;sea;false;ocean;0
9961;38;14;255;sea;false;ocean;0
9962;82;1;255;sea;false;ocean;0
9963;34;47;255;sea;false;ocean;0
9964;19;48;255;sea;false;ocean;0
9965;4;56;255;sea;false;ocean;0
9966;16;77;255;sea;false;ocean;0
9967;6;90;255;sea;false;ocean;0
9968;28;123;255;sea;false;ocean;0
9969;26;99;255;sea;false;ocean;0
9970;22;48;255;sea;false;ocean;0
9971;16;76;255;sea;false;ocean;0
9972;28;99;255;sea;false;ocean;0
9973;15;89;255;sea;false;ocean;0
9974;35;60;255;sea;false;ocean;0
9975;5;74;255;sea;false;ocean;0
9976;39;104;255;sea;false;ocean;0
9977;42;74;255;sea;false;ocean;0
9978;17;57;255;sea;false;ocean;0
9979;90;51;255;sea;true;ocean;0
9980;138;85;255;sea;true;ocean;0
9981;122;97;255;sea;true;ocean;0
9982;143;50;255;sea;false;ocean;0
9983;114;70;255;sea;true;ocean;0
9984;99;98;255;sea;true;ocean;0
9985;114;74;255;sea;true;ocean;0
9986;125;93;255;sea;true;ocean;0
9987;97;96;255;sea;false;ocean;0
9988;131;30;255;sea;false;ocean;0
9989;115;8;255;sea;false;ocean;0
9990;103;24;255;sea;false;ocean;0
9991;75;0;255;sea;false;ocean;0
9992;74;0;255;sea;false;ocean;0
9993;89;137;255;sea;false;ocean;0
9994;25;118;255;sea;false;ocean;0
9995;39;73;255;sea;false;ocean;0
9996;94;15;255;sea;false;ocean;0
9997;125;56;255;sea;false;ocean;0
9998;115;23;255;sea;false;ocean;0
9999;119;44;255;sea;false;ocean;0
10000;115;10;255;sea;false;ocean;0
10001;122;31;255;sea;false;ocean;0
10002;133;28;255;sea;false;ocean;0
10003;30;77;255;sea;false;ocean;0
10004;29;147;255;sea;false;ocean;0
10005;30;79;255;sea;false;ocean;0
10006;15;95;255;sea;false;ocean;0
10007;9;140;255;sea;false;ocean;0
10008;30;80;255;sea;false;ocean;0
10009;12;86;255;sea;false;ocean;0
10010;17;77;255;sea;false;ocean;0
10011;11;139;255;sea;false;ocean;0
10012;38;116;255;sea;false;ocean;0
10013;39;93;255;sea;false;ocean;0
10014;87;75;255;sea;false;ocean;0
10015;76;100;255;sea;false;ocean;0
10016;89;125;255;sea;false;ocean;0
10017;111;103;255;sea;false;ocean;0
10018;107;112;255;sea;false;ocean;0
10019;56;111;255;sea;false;ocean;0
10020;115;58;255;sea;false;ocean;0
10021;39;81;255;sea;false;ocean;0
10022;104;70;255;sea;false;ocean;0
10023;56;98;255;sea;false;ocean;0
10024;98;124;255;sea;false;ocean;0
10025;60;64;255;sea;false;ocean;0
10026;52;97;255;sea;false;ocean;0
10027;42;53;255;sea;false;ocean;0
10028;8;5;255;sea;false;ocean;0
10029;37;51;255;sea;false;ocean;0
10030;3;8;255;sea;false;ocean;0
10031;12;5;255;sea;false;ocean;0
10032;27;5;255;sea;false;ocean;0
10033;46;33;255;sea;false;ocean;0
10034;46;9;255;sea;false;ocean;0
10035;26;16;255;sea;false;ocean;0
10036;35;11;255;sea;false;ocean;0
10037;31;57;255;sea;false;ocean;0
10038;139;97;255;sea;false;ocean;0
10039;77;151;255;sea;false;ocean;0
10040;129;127;255;sea;false;ocean;0
10041;70;125;255;sea;false;ocean;0
10042;125;115;255;sea;false;ocean;0
10043;56;104;255;sea;false;ocean;0
10044;61;138;255;sea;false;ocean;0
10045;83;141;255;sea;false;ocean;0
10046;86;105;255;sea;false;ocean;0
10047;79;115;255;sea;false;ocean;0
10048;72;78;255;sea;false;ocean;0
10049;103;110;255;sea;false;ocean;0
10050;77;111;255;sea;false;ocean;0
10051;117;88;255;sea;false;ocean;0
10052;94;138;255;sea;false;ocean;0
10053;39;68;255;sea;true;ocean;0
10054;34;64;255;sea;true;ocean;0
10055;62;44;255;sea;false;ocean;0
10056;103;19;255;sea;true;ocean;0
10057;84;96;255;sea;true;ocean;0
10058;106;41;255;sea;true;ocean;0
10059;54;36;255;sea;true;ocean;0
10060;55;11;255;sea;true;ocean;0
10061;11;5;255;sea;true;ocean;0
10062;47;32;255;sea;false;ocean;0
10063;44;46;255;sea;true;ocean;0
10064;20;29;255;sea;false;ocean;0
10065;78;49;255;sea;false;ocean;0
10066;74;122;255;sea;false;ocean;0
10067;12;46;255;sea;false;ocean;0
10068;31;98;255;sea;false;ocean;0
10069;5;77;255;sea;false;ocean;0
10070;38;69;255;sea;false;ocean;0
10071;86;51;255;sea;false;ocean;0
10072;110;30;255;sea;false;ocean;0
10073;113;20;255;sea;false;ocean;0
10074;110;29;255;sea;false;ocean;0
10075;118;1;255;sea;false;ocean;0
10076;88;49;255;sea;false;ocean;0
10077;118;44;255;sea;false;ocean;0
10078;109;26;255;sea;false;ocean;0
10079;102;22;255;sea;false;ocean;0
10080;107;52;255;sea;false;ocean;0
10081;48;53;255;sea;false;ocean;0
10082;75;17;255;sea;false;ocean;0
10083;84;24;255;sea;false;ocean;0
10084;58;62;255;sea;false;ocean;0
10085;95;58;255;sea;false;ocean;0
10086;53;65;255;sea;false;ocean;0
10087;105;91;255;sea;false;ocean;0
10088;52;71;255;sea;false;ocean;0
10089;64;82;255;sea;false;ocean;0
10090;57;88;255;sea;false;ocean;0
10091;100;59;255;sea;false;ocean;0
10092;78;113;255;sea;false;ocean;0
10093;70;86;255;sea;false;ocean;0
10094;48;74;255;sea;false;ocean;0
10095;51;87;255;sea;false;ocean;0
10096;73;99;255;sea;false;ocean;0
10097;36;51;255;sea;false;ocean;0
10098;24;53;255;sea;false;ocean;0
10099;59;94;255;sea;false;ocean;0
10100;59;47;255;sea;false;ocean;0
10101;27;63;255;sea;false;ocean;0
10102;45;48;255;sea;false;ocean;0
10103;20;13;255;sea;true;ocean;0
10104;11;39;255;sea;false;ocean;0
10105;9;21;255;sea;false;ocean;0
10106;69;53;255;sea;false;ocean;0
10107;44;37;255;sea;false;ocean;0
10108;3;14;255;sea;false;ocean;0
10109;3;128;255;sea;true;ocean;0
10110;27;147;255;sea;true;ocean;0
10111;22;87;255;sea;true;ocean;0
10112;49;99;255;sea;true;ocean;0
10113;5;91;255;sea;true;ocean;0
10114;53;146;255;sea;true;ocean;0
10115;35;153;255;sea;true;ocean;0
10116;4;133;255;sea;true;ocean;0
10117;30;151;255;sea;true;ocean;0
10118;19;88;255;sea;true;ocean;0
10119;39;140;255;sea;true;ocean;0
10120;28;146;255;sea;true;ocean;0
10121;4;163;255;sea;true;ocean;0
10122;31;150;255;sea;true;ocean;0
10123;14;108;255;sea;true;ocean;0
10124;38;152;255;sea;true;ocean;0
10125;53;148;255;sea;true;ocean;0
10126;15;152;255;sea;true;ocean;0
10127;2;161;255;sea;true;ocean;0
10128;2;146;255;sea;true;ocean;0
10129;21;164;255;sea;true;ocean;0
10130;4;156;255;sea;true;ocean;0
10131;19;115;255;sea;false;ocean;0
10132;47;129;255;sea;true;ocean;0
10133;76;112;255;sea;false;ocean;0
10134;94;71;255;sea;false;ocean;0
10135;118;125;255;sea;false;ocean;0
10136;90;81;255;sea;false;ocean;0
10137;110;71;255;sea;true;ocean;0
10138;59;109;255;sea;false;ocean;0
10139;70;63;255;sea;false;ocean;0
10140;115;126;255;sea;false;ocean;0
10141;91;131;255;sea;false;ocean;0
10142;129;122;255;sea;false;ocean;0
10143;74;111;255;sea;false;ocean;0
10144;67;71;255;sea;false;ocean;0
10145;81;69;255;sea;false;ocean;0
10146;90;92;255;sea;false;ocean;0
10147;32;42;255;sea;false;ocean;0
10148;30;16;255;sea;false;ocean;0
10149;74;42;255;sea;false;ocean;0
10150;90;68;255;sea;false;ocean;0
10151;42;58;255;sea;false;ocean;0
10152;43;67;255;sea;false;ocean;0
10153;66;7;255;sea;false;ocean;0
10154;87;44;255;sea;false;ocean;0
10155;91;57;255;sea;false;ocean;0
10156;84;110;255;sea;false;ocean;0
10157;100;129;255;sea;false;ocean;0
10158;72;122;255;sea;false;ocean;0
10159;111;87;255;sea;false;ocean;0
10160;88;87;255;sea;false;ocean;0
10161;68;150;255;sea;false;ocean;0
10162;111;134;255;sea;false;ocean;0
10163;98;130;255;sea;false;ocean;0
10164;104;116;255;sea;false;ocean;0
10165;113;151;255;sea;false;ocean;0
10166;100;116;255;sea;false;ocean;0
10167;115;82;255;sea;false;ocean;0
10168;107;120;255;sea;false;ocean;0
10169;57;102;255;sea;false;ocean;0
10170;96;102;255;sea;false;ocean;0
10171;65;91;255;sea;false;ocean;0
10172;27;127;255;sea;false;ocean;0
10173;65;97;255;sea;false;ocean;0
10174;37;122;255;sea;false;ocean;0
10175;54;105;255;sea;false;ocean;0
10176;50;118;255;sea;false;ocean;0
10177;33;80;255;sea;false;ocean;0
10178;41;86;255;sea;false;ocean;0
10179;23;72;255;sea;false;ocean;0
10180;32;109;255;sea;false;ocean;0
10181;0;130;255;sea;false;ocean;0
10182;28;113;255;sea;false;ocean;0
10183;23;127;255;sea;false;ocean;0
10184;117;40;255;sea;false;ocean;0
10185;108;41;255;sea;false;ocean;0
10186;50;30;255;sea;false;ocean;0
10187;72;32;255;sea;false;ocean;0
10188;68;66;255;sea;false;ocean;0
10189;110;98;255;sea;false;ocean;0
10190;99;60;255;sea;false;ocean;0
10191;115;34;255;sea;false;ocean;0
10192;93;74;255;sea;false;ocean;0
10193;93;40;255;sea;false;ocean;0
10194;53;100;255;sea;false;ocean;0
10195;86;45;255;sea;false;ocean;0
10196;61;38;255;sea;false;ocean;0
10197;63;47;255;sea;false;ocean;0
10198;47;14;255;sea;false;ocean;0
10199;71;75;255;sea;false;ocean;0
10200;22;101;255;sea;false;ocean;0
10201;5;107;255;sea;false;ocean;0
10202;29;111;255;sea;false;ocean;0
10203;22;131;255;sea;false;ocean;0
10204;33;118;255;sea;false;ocean;0
10205;35;97;255;sea;false;ocean;0
10206;61;89;255;sea;false;ocean;0
10207;37;143;255;sea;false;ocean;0
10208;33;144;255;sea;false;ocean;0
10209;51;154;255;sea;false;ocean;0
10210;24;116;255;sea;false;ocean;0
10211;53;151;255;sea;false;ocean;0
10212;38;147;255;sea;false;ocean;0
10213;18;106;255;sea;false;ocean;0
10214;63;77;255;sea;false;ocean;0
10215;72;134;255;sea;false;ocean;0
10216;49;130;255;sea;false;ocean;0
10217;68;119;255;sea;false;ocean;0
10218;50;120;255;sea;false;ocean;0
10219;74;81;255;sea;false;ocean;0
10220;60;135;255;sea;false;ocean;0
10221;1;113;255;sea;false;ocean;0
10222;65;133;255;sea;false;ocean;0
10223;17;89;255;sea;false;ocean;0
10224;46;95;255;sea;false;ocean;0
10225;59;148;255;sea;false;ocean;0
10226;15;119;255;sea;false;ocean;0
10227;64;100;255;sea;false;ocean;0
10228;119;62;255;sea;false;ocean;0
10229;95;57;255;sea;false;ocean;0
10230;115;42;255;sea;false;ocean;0
10231;94;43;255;sea;false;ocean;0
10232;90;112;255;sea;false;ocean;0
10233;95;53;255;sea;false;ocean;0
10234;68;43;255;sea;false;ocean;0
10235;65;56;255;sea;false;ocean;0
10236;48;63;255;sea;false;ocean;0
10237;116;73;255;sea;false;ocean;0
10238;87;114;255;sea;false;ocean;0
10239;112;74;255;sea;false;ocean;0
10240;48;92;255;sea;false;ocean;0
10241;113;87;255;sea;false;ocean;0
10242;96;73;255;sea;false;ocean;0
10243;52;119;255;sea;false;ocean;0
10244;96;44;255;sea;false;ocean;0
10245;89;43;255;sea;false;ocean;0
10246;46;87;255;sea;false;ocean;0
10247;73;75;255;sea;false;ocean;0
10248;97;84;255;sea;false;ocean;0
10249;61;69;255;sea;false;ocean;0
10250;49;77;255;sea;false;ocean;0
10251;78;76;255;sea;false;ocean;0
10252;117;61;255;sea;false;ocean;0
10253;115;85;255;sea;false;ocean;0
10254;56;75;255;sea;false;ocean;0
10255;8;78;255;sea;false;ocean;0
10256;51;70;255;sea;false;ocean;0
10257;26;40;255;sea;false;ocean;0
10258;18;67;255;sea;false;ocean;0
10259;36;50;255;sea;false;ocean;0
10260;86;10;255;sea;false;ocean;0
10261;121;7;255;sea;false;ocean;0
10262;104;9;255;sea;false;ocean;0
10263;110;23;255;sea;false;ocean;0
10264;149;8;255;sea;false;ocean;0
10265;102;53;255;sea;false;ocean;0
10266;117;8;255;sea;false;ocean;0
10267;117;66;255;sea;false;ocean;0
10268;102;58;255;sea;false;ocean;0
10269;75;19;255;sea;false;ocean;0
10270;128;34;255;sea;false;ocean;0
10271;108;58;255;sea;false;ocean;0
10272;116;13;255;sea;false;ocean;0
10273;15;94;255;sea;false;ocean;0
10274;39;72;255;sea;true;ocean;0
10275;41;80;255;sea;true;ocean;0
10276;33;131;255;sea;true;ocean;0
10277;4;55;255;sea;false;ocean;0
10278;16;107;255;sea;true;ocean;0
10279;51;124;255;sea;false;ocean;0
10280;10;54;255;sea;true;ocean;0
10281;18;105;255;sea;true;ocean;0
10282;30;89;255;sea;false;ocean;0
10283;26;130;255;sea;true;ocean;0
10284;102;72;255;sea;false;ocean;0
10285;91;122;255;sea;false;ocean;0
10286;51;68;255;sea;false;ocean;0
10287;75;129;255;sea;false;ocean;0
10288;56;86;255;sea;false;ocean;0
10289;64;104;255;sea;false;ocean;0
10290;73;71;255;sea;false;ocean;0
10291;98;117;255;sea;false;ocean;0
10292;128;92;255;sea;false;ocean;0
10293;59;95;255;sea;false;ocean;0
10294;114;129;255;sea;false;ocean;0
10295;117;86;255;sea;false;ocean;0
10296;96;119;255;sea;false;ocean;0
10297;114;52;255;sea;false;ocean;0
10298;55;40;255;sea;false;ocean;0
10299;58;57;255;sea;false;ocean;0
10300;3;87;255;sea;false;ocean;0
10301;50;18;255;sea;false;ocean;0
10302;23;40;255;sea;false;ocean;0
10303;46;50;255;sea;false;ocean;0
10304;53;41;255;sea;false;ocean;0
10305;35;72;255;sea;false;ocean;0
10306;36;68;255;sea;false;ocean;0
10307;94;83;255;sea;false;ocean;0
10308;138;154;255;sea;false;ocean;0
10309;147;104;255;sea;false;ocean;0
10310;94;132;255;sea;false;ocean;0
10311;163;160;255;sea;false;ocean;0
10312;108;108;255;sea;false;ocean;0
10313;82;104;255;sea;false;ocean;0
10314;102;96;255;sea;false;ocean;0
10315;71;110;255;sea;false;ocean;0
10316;119;134;255;sea;false;ocean;0
10317;93;146;255;sea;false;ocean;0
10318;89;80;255;sea;false;ocean;0
10319;113;72;255;sea;false;ocean;0
10320;55;68;255;sea;false;ocean;0
10321;116;76;255;sea;false;ocean;0
10322;99;53;255;sea;false;ocean;0
10323;72;61;255;sea;false;ocean;0
10324;119;68;255;sea;false;ocean;0
10325;108;38;255;sea;false;ocean;0
10326;95;74;255;sea;false;ocean;0
10327;78;48;255;sea;false;ocean;0
10328;64;39;255;sea;false;ocean;0
10329;69;77;255;sea;false;ocean;0
10330;84;31;255;sea;false;ocean;0
10331;114;47;255;sea;false;ocean;0
10332;47;78;255;sea;false;ocean;0
10333;61;50;255;sea;true;ocean;0
10334;27;32;255;sea;true;ocean;0
10335;38;32;255;sea;true;ocean;0
10336;70;40;255;sea;true;ocean;0
10337;53;6;255;sea;true;ocean;0
10338;24;42;255;sea;true;ocean;0
10339;69;11;255;sea;true;ocean;0
10340;59;38;255;sea;true;ocean;0
10341;49;3;255;sea;true;ocean;0
10342;6;7;255;sea;true;ocean;0
10343;71;10;255;sea;true;ocean;0
10344;49;12;255;sea;true;ocean;0
10345;2;48;255;sea;true;ocean;0
10346;39;24;255;sea;true;ocean;0
10347;40;44;255;sea;true;ocean;0
10348;44;100;255;sea;false;ocean;0
10349;90;62;255;sea;false;ocean;0
10350;28;83;255;sea;false;ocean;0
10351;95;89;255;sea;false;ocean;0
10352;37;102;255;sea;false;ocean;0
10353;89;41;255;sea;false;ocean;0
10354;115;76;255;sea;false;ocean;0
10355;74;68;255;sea;false;ocean;0
10356;83;56;255;sea;false;ocean;0
10357;101;82;255;sea;false;ocean;0
10358;129;15;255;sea;false;ocean;0
10359;30;13;255;sea;false;ocean;0
10360;69;38;255;sea;false;ocean;0
10361;69;48;255;sea;false;ocean;0
10362;36;9;255;sea;false;ocean;0
10363;23;24;255;sea;false;ocean;0
10364;6;56;255;sea;false;ocean;0
10365;67;20;255;sea;false;ocean;0
10366;37;31;255;sea;false;ocean;0
10367;120;123;255;sea;true;ocean;0
10368;113;119;255;sea;true;ocean;0
10369;89;81;255;sea;true;ocean;0
10370;121;59;255;sea;true;ocean;0
10371;106;118;255;sea;true;ocean;0
10372;93;95;255;sea;true;ocean;0
10373;109;112;255;sea;true;ocean;0
10374;107;74;255;sea;false;ocean;0
10375;76;52;255;sea;false;ocean;0
10376;59;59;255;sea;true;ocean;0
10377;45;64;255;sea;true;ocean;0
10378;39;69;255;sea;false;ocean;0
10379;38;29;255;sea;true;ocean;0
10380;55;32;255;sea;false;ocean;0
10381;46;37;255;sea;false;ocean;0
10382;10;33;255;sea;false;ocean;0
10383;7;14;255;sea;false;ocean;0
10384;52;21;255;sea;false;ocean;0
10385;5;19;255;sea;false;ocean;0
10386;56;1;255;sea;false;ocean;0
10387;33;22;255;sea;false;ocean;0
10388;1;13;255;sea;false;ocean;0
10389;57;3;255;sea;false;ocean;0
10390;1;25;255;sea;false;ocean;0
10391;21;14;255;sea;false;ocean;0
10392;64;11;255;sea;false;ocean;0
10393;114;108;255;sea;false;ocean;0
10394;120;75;255;sea;false;ocean;0
10395;90;85;255;sea;false;ocean;0
10396;73;78;255;sea;false;ocean;0
10397;94;103;255;sea;false;ocean;0
10398;143;77;255;sea;false;ocean;0
10399;141;79;255;sea;false;ocean;0
10400;98;108;255;sea;false;ocean;0
10401;94;79;255;sea;false;ocean;0
10402;64;48;255;sea;false;ocean;0
10403;94;56;255;sea;true;ocean;0
10404;125;8;255;sea;false;ocean;0
10405;83;7;255;sea;true;ocean;0
10406;125;5;255;sea;true;ocean;0
10407;126;21;255;sea;true;ocean;0
10408;5;128;255;sea;false;ocean;0
10409;24;101;255;sea;false;ocean;0
10410;56;105;255;sea;false;ocean;0
10411;79;132;255;sea;false;ocean;0
10412;79;100;255;sea;false;ocean;0
10413;53;92;255;sea;false;ocean;0
10414;8;82;255;sea;false;ocean;0
10415;78;74;255;sea;false;ocean;0
10416;44;58;255;sea;false;ocean;0
10417;70;118;255;sea;false;ocean;0
10418;67;56;255;sea;false;ocean;0
10419;52;62;255;sea;false;ocean;0
10420;64;110;255;sea;false;ocean;0
10421;73;74;255;sea;false;ocean;0
10422;31;129;255;sea;false;ocean;0
10423;25;130;255;sea;false;ocean;0
10424;22;44;255;sea;false;ocean;0
10425;40;50;255;sea;false;ocean;0
10426;58;92;255;sea;false;ocean;0
10427;54;104;255;sea;false;ocean;0
10428;9;91;255;sea;false;ocean;0
10429;43;110;255;sea;false;ocean;0
10430;50;41;255;sea;false;ocean;0
10431;43;75;255;sea;false;ocean;0
10432;94;24;255;sea;false;ocean;0
10433;103;16;255;sea;false;ocean;0
10434;68;33;255;sea;false;ocean;0
10435;117;11;255;sea;true;ocean;0
10436;85;5;255;sea;true;ocean;0
10437;119;47;255;sea;true;ocean;0
10438;76;27;255;sea;false;ocean;0
10439;104;46;255;sea;false;ocean;0
10440;104;146;255;sea;false;ocean;0
10441;130;85;255;sea;false;ocean;0
10442;117;133;255;sea;false;ocean;0
10443;78;130;255;sea;false;ocean;0
10444;102;137;255;sea;false;ocean;0
10445;71;139;255;sea;false;ocean;0
10446;70;124;255;sea;false;ocean;0
10447;4;68;255;sea;false;ocean;0
10448;23;74;255;sea;false;ocean;0
10449;38;42;255;sea;false;ocean;0
10450;71;104;255;sea;false;ocean;0
10451;76;92;255;sea;false;ocean;0
10452;29;77;255;sea;false;ocean;0
10453;8;74;255;sea;false;ocean;0
10454;17;92;255;sea;false;ocean;0
10455;65;111;255;sea;false;ocean;0
10456;57;98;255;sea;false;ocean;0
10457;34;75;255;sea;false;ocean;0
10458;54;109;255;sea;false;ocean;0
10459;36;76;255;sea;false;ocean;0
10460;17;34;255;sea;false;ocean;0
10461;32;30;255;sea;false;ocean;0
10462;13;48;255;sea;false;ocean;0
10463;33;11;255;sea;false;ocean;0
10464;16;36;255;sea;false;ocean;0
10465;7;16;255;sea;false;ocean;0
10466;57;96;255;sea;false;ocean;0
10467;21;84;255;sea;false;ocean;0
10468;63;136;255;sea;false;ocean;0
10469;40;91;255;sea;false;ocean;0
10470;39;114;255;sea;false;ocean;0
10471;18;107;255;sea;false;ocean;0
10472;65;101;255;sea;false;ocean;0
10473;35;68;255;sea;false;ocean;0
10474;60;82;255;sea;false;ocean;0
10475;20;66;255;sea;false;ocean;0
10476;35;132;255;sea;false;ocean;0
10477;17;139;255;sea;false;ocean;0
10478;56;129;255;sea;false;ocean;0
10479;34;115;255;sea;false;ocean;0
10480;143;44;255;sea;false;ocean;0
10481;105;49;255;sea;false;ocean;0
10482;85;59;255;sea;false;ocean;0
10483;82;81;255;sea;false;ocean;0
10484;69;107;255;sea;false;ocean;0
10485;117;62;255;sea;false;ocean;0
10486;90;89;255;sea;false;ocean;0
10487;135;77;255;sea;false;ocean;0
10488;74;33;255;sea;false;ocean;0
10489;27;54;255;sea;false;ocean;0
10490;31;28;255;sea;false;ocean;0
10491;54;65;255;sea;false;ocean;0
10492;37;33;255;sea;false;ocean;0
10493;70;28;255;sea;false;ocean;0
10494;11;59;255;sea;false;ocean;0
10495;71;31;255;sea;false;ocean;0
10496;37;48;255;sea;false;ocean;0
10497;64;77;255;sea;false;ocean;0
10498;10;62;255;sea;false;ocean;0
10499;22;25;255;sea;false;ocean;0
10500;14;49;255;sea;false;ocean;0
10501;2;11;255;sea;false;ocean;0
10502;47;5;255;sea;false;ocean;0
10503;35;45;255;sea;false;ocean;0
10504;45;57;255;sea;false;ocean;0
10505;45;50;255;sea;false;ocean;0
10506;88;96;255;sea;false;ocean;0
10507;71;80;255;sea;false;ocean;0
10508;79;61;255;sea;false;ocean;0
10509;71;97;255;sea;false;ocean;0
10510;21;48;255;sea;false;ocean;0
10511;24;3;255;sea;false;ocean;0
10512;55;48;255;sea;false;ocean;0
10513;24;64;255;sea;false;ocean;0
10514;108;94;255;sea;false;ocean;0
10515;140;118;255;sea;false;ocean;0
10516;131;115;255;sea;false;ocean;0
10517;119;109;255;sea;false;ocean;0
10518;138;116;255;sea;false;ocean;0
10519;149;90;255;sea;false;ocean;0
10520;115;109;255;sea;false;ocean;0
10521;119;161;255;sea;false;ocean;0
10522;125;143;255;sea;false;ocean;0
10523;116;97;255;sea;false;ocean;0
10524;151;132;255;sea;false;ocean;0
10525;104;102;255;sea;false;ocean;0
10526;88;61;255;sea;false;ocean;0
10527;63;99;255;sea;false;ocean;0
10528;55;100;255;sea;false;ocean;0
10529;70;68;255;sea;false;ocean;0
10530;69;61;255;sea;false;ocean;0
10531;76;9;255;sea;false;ocean;0
10532;111;44;255;sea;false;ocean;0
10533;106;55;255;sea;false;ocean;0
10534;135;10;255;sea;false;ocean;0
10535;125;17;255;sea;false;ocean;0
10536;97;39;255;sea;false;ocean;0
10537;84;34;255;sea;false;ocean;0
10538;86;36;255;sea;true;ocean;0
10539;41;30;255;sea;true;ocean;0
10540;39;42;255;sea;true;ocean;0
10541;50;39;255;sea;true;ocean;0
10542;70;42;255;sea;true;ocean;0
10543;134;127;255;sea;false;ocean;0
10544;150;86;255;sea;false;ocean;0
10545;114;110;255;sea;false;ocean;0
10546;125;96;255;sea;false;ocean;0
10547;125;111;255;sea;false;ocean;0
10548;125;127;255;sea;false;ocean;0
10549;80;152;255;sea;false;ocean;0
10550;121;105;255;sea;false;ocean;0
10551;107;50;255;sea;false;ocean;0
10552;74;86;255;sea;false;ocean;0
10553;107;68;255;sea;false;ocean;0
10554;82;96;255;sea;false;ocean;0
10555;99;36;255;sea;false;ocean;0
10556;86;79;255;sea;false;ocean;0
10557;66;68;255;sea;false;ocean;0
10558;106;87;255;sea;false;ocean;0
10559;188;43;128;lake;false;lakes;0
10560;155;35;128;lake;false;lakes;0
10561;153;16;128;lake;false;lakes;0
10562;178;29;128;lake;false;lakes;0
10563;46;158;128;lake;false;lakes;0
10564;94;121;128;lake;false;lakes;0
10565;76;102;128;lake;false;lakes;0
10566;65;96;128;lake;false;lakes;0
10567;106;144;128;lake;false;lakes;0
10568;48;115;128;lake;false;lakes;0
10569;49;114;128;lake;false;lakes;0
10570;83;144;128;lake;false;lakes;0
10571;100;111;128;lake;false;lakes;0
10572;86;89;128;lake;false;lakes;0
10573;88;116;128;lake;false;lakes;0
10574;43;116;128;lake;false;lakes;0
10575;10;165;128;lake;false;lakes;0
10576;55;94;128;lake;false;lakes;0
10577;31;116;128;lake;false;lakes;0
10578;13;140;128;lake;false;lakes;0
10579;45;117;128;lake;false;lakes;0
10580;30;102;128;lake;false;lakes;0
10581;4;96;128;lake;false;lakes;0
10582;11;114;128;lake;false;lakes;0
10583;33;135;128;lake;false;lakes;0
10584;44;156;128;lake;false;lakes;0
10585;208;20;128;lake;false;lakes;0
10586;248;29;128;lake;false;lakes;0
10587;77;14;128;lake;false;lakes;0
10588;135;5;128;lake;false;lakes;0
10589;88;14;128;lake;false;lakes;0
10590;85;133;128;lake;false;lakes;0
10591;70;168;128;lake;false;lakes;0
10592;77;157;128;lake;false;lakes;0
10593;71;170;128;lake;false;lakes;0
10594;53;80;128;lake;false;lakes;0
10595;221;166;128;lake;false;lakes;0
10596;251;238;128;lake;false;lakes;0
10597;251;184;128;lake;false;lakes;0
10598;207;194;128;lake;false;lakes;0
10599;56;49;128;lake;false;lakes;0
10600;88;146;128;lake;false;lakes;0
10601;103;151;128;lake;false;lakes;0
10602;4;206;128;lake;false;lakes;0
10603;13;239;128;lake;false;lakes;0
10604;16;213;128;lake;false;lakes;0
10605;129;120;128;lake;false;lakes;0
10606;149;86;128;lake;false;lakes;0
10607;139;66;128;lake;false;lakes;0
10608;0;51;128;lake;false;lakes;0
10609;146;193;128;lake;false;lakes;0
10610;171;195;128;lake;false;lakes;0
10611;122;190;128;lake;false;lakes;0
10612;39;32;128;lake;false;lakes;0
10613;13;30;128;lake;false;lakes;0
10614;14;4;128;lake;false;lakes;0
10615;228;153;128;lake;false;lakes;0
10616;69;23;128;lake;false;lakes;0
10617;83;20;128;lake;false;lakes;0
10618;72;49;128;lake;false;lakes;0
10619;56;92;128;lake;false;lakes;0
10620;66;23;128;lake;false;lakes;0
10621;65;154;128;lake;false;lakes;0
10622;100;148;128;lake;false;lakes;0
10623;160;11;128;lake;false;lakes;0
10624;97;138;128;lake;false;lakes;0
10625;214;24;128;lake;false;lakes;0
10626;248;149;128;lake;false;lakes;0
10627;143;235;128;lake;false;lakes;0
10628;12;98;128;lake;false;lakes;0
10629;129;225;128;lake;false;lakes;0
10630;57;128;128;lake;false;lakes;0
10631;133;254;128;lake;false;lakes;0
10632;54;126;128;lake;false;lakes;0
10633;174;5;128;lake;false;lakes;0
10634;170;112;128;lake;false;lakes;0
10635;66;225;128;lake;false;lakes;0
10636;225;151;128;lake;false;lakes;0
10637;63;250;128;lake;false;lakes;0
10638;112;92;128;lake;false;lakes;0
10639;189;207;128;lake;false;lakes;0
10640;158;106;128;lake;false;lakes;0
10641;27;237;128;lake;false;lakes;0
10642;18;40;128;lake;false;lakes;0
10643;137;159;128;lake;false;lakes;0
10644;111;38;128;lake;false;lakes;0
10645;201;171;128;lake;false;lakes;0
10646;108;220;128;lake;false;lakes;0
