0;0;0;0;land;false;unknown;0
1;205;19;1;land;false;plains;1
2;185;77;1;land;false;forest;1
3;237;113;1;land;true;plains;1
4;175;64;1;land;false;forest;1
5;186;118;1;land;true;plains;1
6;246;139;1;land;true;plains;1
7;230;89;1;land;false;forest;1
8;232;95;1;land;false;forest;1
9;174;232;1;land;false;desert;1
10;153;239;1;land;false;desert;1
11;162;218;1;land;false;desert;1
12;169;251;1;land;false;desert;1
13;125;225;1;land;false;desert;1
14;177;217;1;land;false;desert;1
15;140;228;1;land;false;desert;1
16;155;223;1;land;false;desert;1
17;132;213;1;land;false;desert;1
18;222;115;1;land;false;desert;1
19;224;92;1;land;false;desert;1
20;0;197;1;land;false;forest;1
21;86;65;1;land;true;hills;1
22;154;66;1;land;true;hills;1
23;156;73;1;land;true;hills;1
24;41;189;1;land;true;desert;1
25;48;209;1;land;false;desert;1
26;97;218;1;land;false;desert;1
27;36;212;1;land;true;desert;1
28;40;249;1;land;false;desert;1
29;69;240;1;land;false;desert;1
30;39;239;1;land;false;desert;1
31;44;242;1;land;true;desert;1
32;66;226;1;land;false;desert;1
33;205;101;1;land;false;hills;1
34;190;104;1;land;false;plains;1
35;191;95;1;land;false;plains;1
36;229;162;1;land;false;desert;1
37;6;70;1;land;false;desert;1
38;68;70;1;land;false;desert;1
39;16;25;1;land;true;desert;1
40;40;18;1;land;true;desert;1
41;26;65;1;land;true;desert;1
42;44;17;1;land;true;desert;1
43;39;73;1;land;false;desert;1
44;42;66;1;land;false;desert;1
45;57;43;1;land;false;desert;1
46;112;82;1;land;false;desert;1
47;66;84;1;land;true;desert;1
48;102;93;1;land;false;desert;1
49;64;95;1;land;false;desert;1
50;55;82;1;land;false;desert;1
51;92;25;1;land;true;desert;1
52;72;43;1;land;false;desert;1
53;67;54;1;land;true;desert;1
54;119;26;1;land;false;hills;1
55;109;78;1;land;false;desert;1
56;96;174;1;land;false;forest;1
57;114;116;1;land;true;forest;1
58;119;117;1;land;false;plains;1
59;117;142;1;land;true;forest;1
60;90;157;1;land;false;plains;1
61;111;166;1;land;false;plains;1
62;78;166;1;land;true;forest;1
63;80;194;1;land;true;forest;1
64;187;42;1;land;false;mountain;1
65;211;35;1;land;false;hills;1
66;240;47;1;land;false;mountain;1
67;238;38;1;land;false;mountain;1
68;151;185;1;land;false;mountain;1
69;150;175;1;land;false;mountain;1
70;151;201;1;land;false;hills;1
71;139;172;1;land;false;hills;1
72;239;10;1;land;false;desert;1
73;219;38;1;land;false;desert;1
74;253;21;1;land;false;desert;1
75;231;13;1;land;false;desert;1
76;249;25;1;land;false;desert;1
77;225;42;1;land;false;desert;1
78;46;123;1;land;false;desert;1
79;55;105;1;land;false;desert;1
80;75;125;1;land;false;desert;1
81;56;173;1;land;false;forest;1
82;110;165;1;land;false;desert;1
83;82;135;1;land;false;desert;1
84;34;55;1;land;false;desert;1
85;22;5;1;land;false;desert;1
86;157;174;1;land;true;mountain;1
87;148;131;1;land;true;mountain;1
88;155;191;1;land;true;mountain;1
89;139;209;1;land;false;plains;1
90;113;246;1;land;false;plains;1
91;163;218;1;land;false;hills;1
92;167;210;1;land;false;hills;1
93;184;248;1;land;false;plains;1
94;138;249;1;land;false;hills;1
95;239;102;1;land;false;forest;1
96;237;74;1;land;false;forest;1
97;246;120;1;land;false;forest;1
98;232;137;1;land;false;plains;1
99;229;89;1;land;false;forest;1
100;230;126;1;land;false;plains;1
101;254;146;1;land;false;plains;1
102;229;151;1;land;false;forest;1
103;249;125;1;land;false;forest;1
104;190;33;1;land;false;desert;1
105;208;35;1;land;false;desert;1
106;162;26;1;land;false;desert;1
107;188;11;1;land;false;desert;1
108;71;154;1;land;true;forest;1
109;49;162;1;land;false;forest;1
110;11;115;1;land;true;forest;1
111;69;153;1;land;false;forest;1
112;45;102;1;land;false;forest;1
113;17;145;1;land;true;forest;1
114;33;245;1;land;false;plains;1
115;30;251;1;land;false;plains;1
116;71;203;1;land;false;forest;1
117;69;254;1;land;false;plains;1
118;44;247;1;land;false;forest;1
119;104;200;1;land;false;forest;1
120;99;184;1;land;false;forest;1
121;55;197;1;land;false;plains;1
122;50;202;1;land;false;forest;1
123;152;70;1;land;false;desert;1
124;176;68;1;land;false;desert;1
125;183;77;1;land;false;desert;1
126;142;94;1;land;false;desert;1
127;191;76;1;land;false;desert;1
128;177;105;1;land;false;desert;1
129;106;250;1;land;false;hills;1
130;66;201;1;land;false;mountain;1
131;101;225;1;land;false;hills;1
132;191;101;1;land;false;hills;1
133;215;91;1;land;false;forest;1
134;219;73;1;land;false;hills;1
135;233;102;1;land;false;hills;1
136;195;107;1;land;false;plains;1
137;197;74;1;land;false;hills;1
138;239;84;1;land;false;mountain;1
139;212;175;1;land;false;plains;1
140;73;91;1;land;false;desert;1
141;69;39;1;land;false;desert;1
142;130;89;1;land;false;desert;1
143;129;84;1;land;false;desert;1
144;116;28;1;land;false;desert;1
145;91;57;1;land;false;desert;1
146;64;48;1;land;false;desert;1
147;56;67;1;land;false;desert;1
148;52;225;1;land;true;forest;1
149;9;215;1;land;false;hills;1
150;138;38;1;land;true;desert;1
151;83;120;1;land;false;forest;1
152;72;124;1;land;false;mountain;1
153;23;160;1;land;false;forest;1
154;49;168;1;land;false;mountain;1
155;113;224;1;land;false;forest;1
156;182;240;1;land;false;forest;1
157;138;235;1;land;false;forest;1
158;168;229;1;land;false;forest;1
159;149;217;1;land;false;plains;1
160;96;129;1;land;false;mountain;1
161;51;159;1;land;false;mountain;1
162;63;135;1;land;false;mountain;1
163;192;2;1;land;true;desert;1
164;211;44;1;land;true;desert;1
165;174;23;1;land;true;jungle;1
166;169;25;1;land;true;desert;1
167;161;22;1;land;true;jungle;1
168;222;14;1;land;true;desert;1
169;242;111;1;land;false;mountain;1
170;251;92;1;land;false;mountain;1
171;218;94;1;land;false;forest;1
172;185;123;1;land;false;mountain;1
173;222;83;1;land;false;mountain;1
174;232;82;1;land;false;forest;1
175;201;105;1;land;false;forest;1
176;195;109;1;land;false;mountain;1
177;95;198;1;land;false;forest;1
178;36;225;1;land;false;forest;1
179;94;234;1;land;false;forest;1
180;18;81;1;land;false;desert;1
181;41;144;1;land;false;desert;1
182;43;126;1;land;false;desert;1
183;18;96;1;land;false;desert;1
184;10;91;1;land;false;desert;1
185;28;114;1;land;false;desert;1
186;14;102;1;land;false;desert;1
187;25;134;1;land;false;desert;1
188;39;149;1;land;false;desert;1
189;2;105;1;land;false;desert;1
190;34;106;1;land;false;desert;1
191;0;92;1;land;false;desert;1
192;25;121;1;land;false;desert;1
193;134;205;1;land;false;desert;1
194;146;200;1;land;false;desert;1
195;77;254;1;land;false;desert;1
196;96;208;1;land;false;desert;1
197;90;211;1;land;false;desert;1
198;99;212;1;land;false;desert;1
199;99;50;1;land;false;forest;1
200;147;100;1;land;false;forest;1
201;125;67;1;land;false;forest;1
202;138;83;1;land;false;forest;1
203;117;49;1;land;false;forest;1
204;103;38;1;land;false;plains;1
205;252;220;1;land;false;forest;1
206;221;181;1;land;false;plains;1
207;247;203;1;land;true;plains;1
208;240;169;1;land;false;forest;1
209;202;99;1;land;false;forest;1
210;183;86;1;land;false;hills;1
211;162;123;1;land;false;hills;1
212;163;125;1;land;false;jungle;1
213;172;95;1;land;false;forest;1
214;197;98;1;land;false;forest;1
215;153;124;1;land;false;forest;1
216;158;93;1;land;false;jungle;1
217;211;104;1;land;false;plains;1
218;200;79;1;land;false;hills;1
219;151;105;1;land;false;urban;1
220;190;73;1;land;false;forest;1
221;33;195;1;land;false;desert;1
222;49;171;1;land;false;urban;1
223;60;185;1;land;false;desert;1
224;46;232;1;land;false;desert;1
225;31;216;1;land;false;desert;1
226;40;41;1;land;true;desert;1
227;24;87;1;land;true;desert;1
228;87;50;1;land;false;desert;1
229;72;73;1;land;false;desert;1
230;27;54;1;land;true;desert;1
231;66;73;1;land;true;desert;1
232;89;29;1;land;true;desert;1
233;59;24;1;land;false;desert;1
234;40;9;1;land;true;desert;1
235;20;59;1;land;true;desert;1
236;83;53;1;land;false;desert;1
237;91;23;1;land;true;desert;1
238;127;179;1;land;false;desert;1
239;188;178;1;land;true;desert;1
240;129;178;1;land;true;desert;1
241;93;28;1;land;false;mountain;1
242;91;86;1;land;false;mountain;1
243;240;195;1;land;false;forest;1
244;192;150;1;land;false;plains;1
245;238;145;1;land;false;plains;1
246;164;146;1;land;false;plains;1
247;175;172;1;land;false;forest;1
248;91;47;1;land;false;desert;1
249;66;42;1;land;false;desert;1
250;83;64;1;land;false;desert;1
251;61;43;1;land;false;desert;1
252;94;66;1;land;false;desert;1
253;91;26;1;land;false;desert;1
254;81;73;1;land;false;desert;1
255;75;40;1;land;false;desert;1
256;105;23;1;land;false;desert;1
257;92;62;1;land;false;desert;1
258;176;144;1;land;false;plains;1
259;193;215;1;land;false;plains;1
260;174;194;1;land;false;forest;1
261;182;203;1;land;false;plains;1
262;152;57;1;land;false;forest;1
263;86;55;1;land;false;mountain;1
264;164;56;1;land;false;mountain;1
265;91;46;1;land;false;mountain;1
266;117;61;1;land;false;mountain;1
267;135;83;1;land;false;mountain;1
268;87;43;1;land;false;forest;1
269;220;195;1;land;false;desert;1
270;196;173;1;land;false;desert;1
271;209;202;1;land;false;desert;1
272;244;170;1;land;false;desert;1
273;236;158;1;land;false;desert;1
274;197;171;1;land;false;desert;1
275;225;195;1;land;false;desert;1
276;214;160;1;land;false;desert;1
277;240;192;1;land;false;desert;1
278;200;158;1;land;false;desert;1
279;14;8;1;land;false;hills;1
280;16;42;1;land;false;forest;1
281;32;6;1;land;true;forest;1
282;23;33;1;land;false;forest;1
283;38;22;1;land;true;forest;1
284;8;30;1;land;true;forest;1
285;11;25;1;land;false;forest;1
286;8;69;1;land;false;forest;1
287;147;190;1;land;false;plains;1
288;130;144;1;land;false;plains;1
289;139;119;1;land;false;forest;1
290;140;113;1;land;false;plains;1
291;126;179;1;land;false;forest;1
292;145;157;1;land;false;forest;1
293;35;11;1;land;true;desert;1
294;159;167;1;land;true;desert;1
295;170;134;1;land;true;desert;1
296;178;168;1;land;true;desert;1
297;169;172;1;land;false;desert;1
298;210;0;1;land;false;mountain;1
299;147;12;1;land;false;mountain;1
300;179;23;1;land;false;mountain;1
301;213;15;1;land;false;plains;1
302;42;122;1;land;true;desert;1
303;21;125;1;land;false;desert;1
304;58;144;1;land;false;desert;1
305;34;130;1;land;false;desert;1
306;48;89;1;land;false;desert;1
307;223;1;1;land;false;plains;1
308;216;4;1;land;false;plains;1
309;224;41;1;land;false;hills;1
310;190;15;1;land;false;plains;1
311;232;20;1;land;false;plains;1
312;199;38;1;land;false;hills;1
313;230;16;1;land;false;plains;1
314;236;13;1;land;false;plains;1
315;76;175;1;land;false;marsh;1
316;56;126;1;land;false;marsh;1
317;95;141;1;land;false;marsh;1
318;109;213;1;land;false;hills;1
319;112;213;1;land;false;hills;1
320;54;235;1;land;false;jungle;1
321;95;245;1;land;false;hills;1
322;57;207;1;land;false;hills;1
323;238;56;1;land;true;desert;1
324;238;129;1;land;false;hills;1
325;197;113;1;land;false;desert;1
326;201;98;1;land;true;desert;1
327;174;132;1;land;true;desert;1
328;189;95;1;land;false;desert;1
329;166;132;1;land;true;desert;1
330;238;68;1;land;false;desert;1
331;167;135;1;land;false;desert;1
332;237;109;1;land;true;desert;1
333;186;112;1;land;false;desert;1
334;230;76;1;land;false;desert;1
335;214;69;1;land;false;desert;1
336;211;107;1;land;false;desert;1
337;174;122;1;land;true;desert;1
338;168;130;1;land;false;desert;1
339;167;109;1;land;true;desert;1
340;225;80;1;land;false;desert;1
341;230;81;1;land;true;desert;1
342;169;62;1;land;true;desert;1
343;178;91;1;land;true;desert;1
344;102;215;1;land;false;desert;1
345;152;252;1;land;false;desert;1
346;251;95;1;land;true;desert;1
347;230;118;1;land;true;desert;1
348;241;97;1;land;false;desert;1
349;174;157;1;land;false;urban;1
350;148;142;1;land;false;mountain;1
351;18;55;1;land;false;hills;1
352;27;37;1;land;false;hills;1
353;42;47;1;land;false;forest;1
354;38;10;1;land;false;forest;1
355;204;215;1;land;false;mountain;1
356;237;156;1;land;false;mountain;1
357;170;199;1;land;true;plains;1
358;231;183;1;land;false;plains;1
359;175;159;1;land;false;plains;1
360;186;203;1;land;false;hills;1
361;23;45;1;land;true;desert;1
362;55;48;1;land;false;plains;1
363;54;13;1;land;false;plains;1
364;76;13;1;land;false;plains;1
365;64;62;1;land;false;plains;1
366;29;72;1;land;true;desert;1
367;11;36;1;land;false;desert;1
368;71;118;1;land;false;hills;1
369;104;143;1;land;false;mountain;1
370;104;116;1;land;false;mountain;1
371;47;126;1;land;false;mountain;1
372;72;164;1;land;false;forest;1
373;57;105;1;land;false;mountain;1
374;67;159;1;land;false;hills;1
375;187;35;1;land;false;plains;1
376;77;187;1;land;false;desert;1
377;132;144;1;land;false;desert;1
378;210;14;1;land;false;desert;1
379;208;13;1;land;false;desert;1
380;203;44;1;land;false;desert;1
381;248;10;1;land;false;desert;1
382;240;43;1;land;false;desert;1
383;247;38;1;land;false;desert;1
384;216;127;1;land;false;plains;1
385;210;103;1;land;false;plains;1
386;237;116;1;land;false;plains;1
387;232;72;1;land;false;plains;1
388;214;95;1;land;false;mountain;1
389;223;143;1;land;false;mountain;1
390;238;92;1;land;false;mountain;1
391;242;76;1;land;false;mountain;1
392;68;236;1;land;true;jungle;1
393;74;236;1;land;true;jungle;1
394;71;193;1;land;false;jungle;1
395;135;204;1;land;true;jungle;1
396;51;121;1;land;false;desert;1
397;55;165;1;land;false;desert;1
398;40;116;1;land;false;desert;1
399;54;101;1;land;false;desert;1
400;42;132;1;land;false;desert;1
401;147;215;1;land;false;desert;1
402;145;218;1;land;false;desert;1
403;157;234;1;land;false;desert;1
404;181;84;1;land;true;desert;1
405;1;235;1;land;false;desert;1
406;52;226;1;land;false;desert;1
407;37;194;1;land;false;desert;1
408;38;170;1;land;false;desert;1
409;48;194;1;land;false;desert;1
410;236;106;1;land;false;mountain;1
411;224;123;1;land;false;mountain;1
412;67;205;1;land;false;desert;1
413;45;183;1;land;true;desert;1
414;35;180;1;land;true;desert;1
415;32;184;1;land;false;desert;1
416;52;212;1;land;true;desert;1
417;232;79;1;land;false;desert;1
418;220;92;1;land;false;desert;1
419;217;129;1;land;false;jungle;1
420;50;210;1;land;true;mountain;1
421;18;222;1;land;true;mountain;1
422;33;193;1;land;true;mountain;1
423;207;123;1;land;true;desert;1
424;209;83;1;land;true;desert;1
425;223;120;1;land;true;desert;1
426;119;218;1;land;false;desert;1
427;102;224;1;land;false;desert;1
428;99;247;1;land;false;desert;1
429;76;221;1;land;false;desert;1
430;49;229;1;land;false;desert;1
431;118;239;1;land;false;desert;1
432;117;210;1;land;false;desert;1
433;109;230;1;land;false;desert;1
434;119;80;1;land;false;hills;1
435;137;76;1;land;false;hills;1
436;98;60;1;land;false;hills;1
437;101;38;1;land;false;hills;1
438;112;92;1;land;false;plains;1
439;118;36;1;land;false;mountain;1
440;226;172;1;land;false;desert;1
441;199;211;1;land;false;desert;1
442;238;155;1;land;false;desert;1
443;211;166;1;land;false;desert;1
444;144;65;1;land;false;desert;1
445;118;62;1;land;false;desert;1
446;159;61;1;land;false;desert;1
447;147;110;1;land;false;desert;1
448;119;74;1;land;false;desert;1
449;163;96;1;land;false;desert;1
450;171;70;1;land;false;desert;1
451;188;113;1;land;false;desert;1
452;177;82;1;land;false;desert;1
453;120;72;1;land;false;desert;1
454;11;227;1;land;false;urban;1
455;27;218;1;land;false;urban;1
456;2;171;1;land;false;desert;1
457;14;228;1;land;false;desert;1
458;6;221;1;land;false;desert;1
459;44;213;1;land;false;desert;1
460;34;192;1;land;false;desert;1
461;8;213;1;land;false;desert;1
462;42;171;1;land;false;desert;1
463;19;208;1;land;false;desert;1
464;26;233;1;land;false;desert;1
465;19;171;1;land;false;desert;1
466;9;165;1;land;false;urban;1
467;30;66;1;land;false;jungle;1
468;5;32;1;land;false;hills;1
469;32;9;1;land;false;hills;1
470;5;20;1;land;false;jungle;1
471;62;20;1;land;false;hills;1
472;54;37;1;land;false;jungle;1
473;144;119;1;land;false;jungle;1
474;168;177;1;land;false;jungle;1
475;140;122;1;land;false;jungle;1
476;167;163;1;land;false;jungle;1
477;150;140;1;land;false;jungle;1
478;118;181;1;land;false;jungle;1
479;102;183;1;land;false;jungle;1
480;147;131;1;land;false;jungle;1
481;62;39;1;land;true;desert;1
482;106;28;1;land;true;desert;1
483;82;67;1;land;true;desert;1
484;74;27;1;land;false;desert;1
485;218;183;1;land;true;desert;1
486;157;173;1;land;false;desert;1
487;215;196;1;land;false;desert;1
488;190;180;1;land;false;desert;1
489;155;197;1;land;false;desert;1
490;178;190;1;land;true;desert;1
491;217;212;1;land;false;desert;1
492;156;134;1;land;true;desert;1
493;174;143;1;land;false;desert;1
494;160;178;1;land;false;desert;1
495;175;22;1;land;false;forest;1
496;181;29;1;land;false;plains;1
497;188;6;1;land;false;forest;1
498;198;21;1;land;false;forest;1
499;168;2;1;land;false;plains;1
500;243;8;1;land;true;plains;1
501;217;21;1;land;false;plains;1
502;200;37;1;land;false;forest;1
503;216;15;1;land;false;forest;1
504;208;33;1;land;false;plains;1
505;190;0;1;land;false;forest;1
506;208;28;1;land;false;plains;1
507;233;56;1;land;false;hills;1
508;210;46;1;land;false;forest;1
509;252;54;1;land;false;hills;1
510;253;55;1;land;false;plains;1
511;217;46;1;land;false;plains;1
512;215;27;1;land;false;forest;1
513;228;49;1;land;false;plains;1
514;216;51;1;land;false;plains;1
515;216;38;1;land;false;plains;1
516;248;64;1;land;false;plains;1
517;228;60;1;land;false;hills;1
518;207;60;1;land;false;plains;1
519;229;16;1;land;false;hills;1
520;208;56;1;land;false;plains;1
521;241;34;1;land;false;plains;1
522;247;4;1;land;false;plains;1
523;253;60;1;land;false;plains;1
524;252;3;1;land;false;forest;1
525;223;51;1;land;false;hills;1
526;122;113;1;land;false;desert;1
527;64;174;1;land;false;desert;1
528;98;168;1;land;false;desert;1
529;95;107;1;land;false;desert;1
530;94;143;1;land;false;desert;1
531;116;122;1;land;false;desert;1
532;66;158;1;land;false;desert;1
533;118;137;1;land;false;desert;1
534;65;119;1;land;false;desert;1
535;100;122;1;land;false;desert;1
536;92;152;1;land;false;desert;1
537;111;167;1;land;false;desert;1
538;8;167;1;land;false;desert;1
539;28;216;1;land;false;desert;1
540;28;189;1;land;false;desert;1
541;23;228;1;land;false;desert;1
542;19;165;1;land;false;desert;1
543;24;240;1;land;false;desert;1
544;14;182;1;land;true;desert;1
545;25;167;1;land;false;desert;1
546;39;193;1;land;false;desert;1
547;128;83;1;land;true;mountain;1
548;121;38;1;land;false;forest;1
549;121;77;1;land;false;forest;1
550;151;49;1;land;true;forest;1
551;91;51;1;land;true;forest;1
552;94;87;1;land;false;forest;1
553;31;197;1;land;false;plains;1
554;32;207;1;land;false;hills;1
555;199;116;1;land;false;desert;1
556;121;93;1;land;false;desert;1
557;9;69;1;land;false;forest;1
558;52;16;1;land;false;forest;1
559;6;28;1;land;false;plains;1
560;4;57;1;land;false;forest;1
561;66;49;1;land;false;forest;1
562;17;56;1;land;false;forest;1
563;0;76;1;land;false;forest;1
564;57;3;1;land;false;forest;1
565;60;61;1;land;false;forest;1
566;246;163;1;land;false;plains;1
567;189;211;1;land;false;plains;1
568;245;156;1;land;false;plains;1
569;239;196;1;land;false;forest;1
570;227;221;1;land;false;plains;1
571;198;163;1;land;false;plains;1
572;237;174;1;land;false;forest;1
573;112;40;1;land;false;plains;1
574;59;36;1;land;false;plains;1
575;134;170;1;land;false;mountain;1
576;95;161;1;land;false;mountain;1
577;142;162;1;land;false;mountain;1
578;78;114;1;land;false;mountain;1
579;70;139;1;land;false;plains;1
580;79;153;1;land;false;plains;1
581;81;150;1;land;false;mountain;1
582;220;51;1;land;false;plains;1
583;222;34;1;land;false;plains;1
584;235;22;1;land;false;plains;1
585;214;45;1;land;false;forest;1
586;248;24;1;land;false;plains;1
587;223;8;1;land;false;plains;1
588;230;47;1;land;false;forest;1
589;209;6;1;land;false;forest;1
590;248;36;1;land;false;plains;1
591;186;40;1;land;false;plains;1
592;234;14;1;land;false;plains;1
593;193;21;1;land;false;forest;1
594;182;32;1;land;false;plains;1
595;239;42;1;land;false;plains;1
596;172;176;1;land;true;desert;1
597;147;199;1;land;false;desert;1
598;110;140;1;land;false;desert;1
599;137;141;1;land;true;desert;1
600;121;145;1;land;false;desert;1
601;147;141;1;land;true;desert;1
602;106;129;1;land;true;desert;1
603;223;19;1;land;false;forest;1
604;237;47;1;land;false;forest;1
605;219;57;1;land;false;forest;1
606;249;24;1;land;false;forest;1
607;236;36;1;land;false;jungle;1
608;242;12;1;land;false;forest;1
609;231;45;1;land;false;jungle;1
610;35;116;1;land;false;desert;1
611;28;101;1;land;false;desert;1
612;1;160;1;land;false;desert;1
613;58;83;1;land;false;desert;1
614;130;214;1;land;false;hills;1
615;107;237;1;land;false;mountain;1
616;52;149;1;land;true;desert;1
617;96;169;1;land;true;desert;1
618;156;4;1;land;true;desert;1
619;146;25;1;land;false;desert;1
620;32;128;1;land;false;desert;1
621;54;131;1;land;false;desert;1
622;48;150;1;land;false;desert;1
623;75;144;1;land;false;desert;1
624;48;155;1;land;false;desert;1
625;52;164;1;land;false;desert;1
626;161;237;1;land;true;desert;1
627;137;234;1;land;true;desert;1
628;162;251;1;land;true;desert;1
629;170;246;1;land;true;desert;1
630;95;136;1;land;false;plains;1
631;70;157;1;land;false;mountain;1
632;83;123;1;land;false;hills;1
633;59;128;1;land;false;hills;1
634;97;167;1;land;false;hills;1
635;68;156;1;land;false;hills;1
636;105;145;1;land;false;mountain;1
637;129;134;1;land;false;hills;1
638;76;137;1;land;false;mountain;1
639;86;103;1;land;false;mountain;1
640;196;39;1;land;true;desert;1
641;219;9;1;land;true;desert;1
642;217;32;1;land;true;desert;1
643;162;44;1;land;true;desert;1
644;217;16;1;land;true;desert;1
645;234;47;1;land;false;desert;1
646;232;9;1;land;true;desert;1
647;200;16;1;land;true;desert;1
648;222;24;1;land;true;desert;1
649;220;109;1;land;false;desert;1
650;195;111;1;land;false;desert;1
651;220;63;1;land;false;desert;1
652;197;107;1;land;false;desert;1
653;89;254;1;land;true;mountain;1
654;42;245;1;land;true;mountain;1
655;44;105;1;land;false;desert;1
656;16;116;1;land;false;desert;1
657;37;103;1;land;false;desert;1
658;38;102;1;land;false;desert;1
659;20;104;1;land;false;desert;1
660;105;237;1;land;false;desert;1
661;121;199;1;land;false;desert;1
662;145;234;1;land;false;desert;1
663;100;235;1;land;false;desert;1
664;118;197;1;land;false;desert;1
665;102;239;1;land;false;desert;1
666;115;80;1;land;false;desert;1
667;178;38;1;land;false;desert;1
668;162;97;1;land;false;desert;1
669;123;45;1;land;false;desert;1
670;241;181;1;land;false;plains;1
671;219;181;1;land;false;plains;1
672;215;233;1;land;false;plains;1
673;250;234;1;land;false;hills;1
674;254;211;1;land;false;plains;1
675;217;158;1;land;false;plains;1
676;241;203;1;land;false;plains;1
677;248;159;1;land;false;plains;1
678;250;172;1;land;false;plains;1
679;182;58;1;land;false;mountain;1
680;155;92;1;land;false;hills;1
681;32;202;1;land;false;plains;1
682;71;240;1;land;false;plains;1
683;21;195;1;land;false;plains;1
684;59;211;1;land;false;plains;1
685;16;181;1;land;false;hills;1
686;41;183;1;land;false;plains;1
687;32;222;1;land;false;plains;1
688;48;246;1;land;false;plains;1
689;59;234;1;land;false;plains;1
690;91;28;1;land;false;desert;1
691;31;14;1;land;false;desert;1
692;89;46;1;land;false;desert;1
693;21;40;1;land;false;desert;1
694;89;83;1;land;false;desert;1
695;74;52;1;land;false;desert;1
696;87;57;1;land;true;desert;1
697;78;100;1;land;true;desert;1
698;128;74;1;land;true;desert;1
699;225;158;1;land;false;desert;1
700;206;161;1;land;false;desert;1
701;112;232;1;land;false;desert;1
702;99;213;1;land;true;desert;1
703;95;214;1;land;true;desert;1
704;87;243;1;land;true;desert;1
705;196;121;1;land;false;forest;1
706;226;68;1;land;false;forest;1
707;239;73;1;land;false;plains;1
708;225;112;1;land;false;forest;1
709;212;104;1;land;false;forest;1
710;191;138;1;land;false;forest;1
711;208;91;1;land;false;forest;1
712;18;125;1;land;false;hills;1
713;18;151;1;land;false;hills;1
714;19;146;1;land;false;hills;1
715;65;177;1;land;false;desert;1
716;25;184;1;land;true;desert;1
717;79;206;1;land;false;desert;1
718;19;211;1;land;false;desert;1
719;35;175;1;land;true;desert;1
720;126;62;1;land;false;forest;1
721;131;85;1;land;false;forest;1
722;142;74;1;land;false;forest;1
723;137;72;1;land;false;forest;1
724;120;73;1;land;false;forest;1
725;153;44;1;land;false;forest;1
726;109;51;1;land;false;forest;1
727;184;49;1;land;false;forest;1
728;164;79;1;land;false;forest;1
729;126;43;1;land;false;forest;1
730;182;57;1;land;false;forest;1
731;127;72;1;land;false;forest;1
732;89;189;1;land;false;forest;1
733;103;199;1;land;false;hills;1
734;52;207;1;land;false;forest;1
735;78;241;1;land;false;urban;1
736;85;214;1;land;false;hills;1
737;81;227;1;land;false;forest;1
738;80;198;1;land;false;forest;1
739;48;237;1;land;false;urban;1
740;201;53;1;land;false;urban;1
741;182;102;1;land;false;urban;1
742;206;81;1;land;false;mountain;1
743;221;80;1;land;false;mountain;1
744;203;65;1;land;false;mountain;1
745;235;169;1;land;false;desert;1
746;185;201;1;land;false;desert;1
747;206;164;1;land;false;desert;1
748;202;209;1;land;false;desert;1
749;229;189;1;land;false;desert;1
750;245;187;1;land;false;desert;1
751;244;196;1;land;false;desert;1
752;232;178;1;land;false;desert;1
753;192;202;1;land;false;desert;1
754;226;144;1;land;false;desert;1
755;223;174;1;land;false;desert;1
756;222;200;1;land;false;desert;1
757;214;209;1;land;false;desert;1
758;196;156;1;land;false;desert;1
759;181;194;1;land;false;desert;1
760;249;155;1;land;false;desert;1
761;229;182;1;land;false;desert;1
762;248;219;1;land;false;desert;1
763;227;184;1;land;false;desert;1
764;215;223;1;land;false;desert;1
765;231;156;1;land;false;desert;1
766;209;165;1;land;false;desert;1
767;246;179;1;land;false;desert;1
768;236;219;1;land;false;desert;1
769;97;58;1;land;true;mountain;1
770;30;221;1;land;false;hills;1
771;20;216;1;land;false;hills;1
772;2;189;1;land;false;plains;1
773;11;198;1;land;false;plains;1
774;35;165;1;land;false;plains;1
775;8;166;1;land;false;plains;1
776;25;197;1;land;false;hills;1
777;17;197;1;land;false;plains;1
778;37;224;1;land;false;plains;1
779;85;34;1;land;false;forest;1
780;143;46;1;land;false;forest;1
781;83;66;1;land;false;forest;1
782;125;95;1;land;false;forest;1
783;146;71;1;land;false;forest;1
784;71;34;1;land;false;forest;1
785;111;156;1;land;false;forest;1
786;94;146;1;land;false;forest;1
787;132;141;1;land;false;forest;1
788;126;183;1;land;false;forest;1
789;237;41;1;land;false;forest;1
790;202;17;1;land;false;forest;1
791;155;167;1;land;false;jungle;1
792;159;193;1;land;false;jungle;1
793;175;131;1;land;false;jungle;1
794;205;176;1;land;false;forest;1
795;174;139;1;land;false;jungle;1
796;168;183;1;land;false;jungle;1
797;174;162;1;land;false;forest;1
798;201;177;1;land;false;jungle;1
799;162;178;1;land;false;jungle;1
800;171;147;1;land;false;jungle;1
801;27;13;1;land;false;desert;1
802;36;56;1;land;false;desert;1
803;63;50;1;land;false;desert;1
804;217;29;1;land;false;hills;1
805;216;45;1;land;false;plains;1
806;253;22;1;land;false;hills;1
807;221;59;1;land;false;desert;1
808;33;140;1;land;false;desert;1
809;38;169;1;land;false;desert;1
810;42;104;1;land;false;desert;1
811;35;147;1;land;false;desert;1
812;37;134;1;land;false;desert;1
813;29;147;1;land;false;desert;1
814;31;47;1;land;false;desert;1
815;77;125;1;land;false;desert;1
816;28;129;1;land;false;desert;1
817;16;147;1;land;false;desert;1
818;34;144;1;land;false;desert;1
819;27;186;1;land;false;desert;1
820;78;189;1;land;false;desert;1
821;47;150;1;land;false;desert;1
822;29;167;1;land;false;desert;1
823;57;171;1;land;false;desert;1
824;17;143;1;land;false;desert;1
825;152;218;1;land;false;forest;1
826;148;224;1;land;false;plains;1
827;137;214;1;land;false;forest;1
828;164;252;1;land;true;forest;1
829;151;244;1;land;true;forest;1
830;174;246;1;land;false;forest;1
831;147;229;1;land;false;forest;1
832;137;218;1;land;false;forest;1
833;208;215;1;land;false;forest;1
834;185;228;1;land;true;forest;1
835;185;243;1;land;false;forest;1
836;172;234;1;land;true;hills;1
837;163;220;1;land;false;plains;1
838;146;225;1;land;true;forest;1
839;178;233;1;land;false;hills;1
840;134;240;1;land;false;forest;1
841;174;145;1;land;false;hills;1
842;222;136;1;land;false;hills;1
843;217;142;1;land;false;forest;1
844;158;90;1;land;false;plains;1
845;216;145;1;land;false;jungle;1
846;213;121;1;land;false;hills;1
847;172;71;1;land;false;forest;1
848;214;73;1;land;false;hills;1
849;151;70;1;land;false;hills;1
850;236;27;1;land;false;desert;1
851;223;30;1;land;false;desert;1
852;216;43;1;land;false;desert;1
853;225;14;1;land;false;desert;1
854;229;3;1;land;false;desert;1
855;214;12;1;land;false;desert;1
856;174;21;1;land;false;desert;1
857;221;47;1;land;false;plains;1
858;179;43;1;land;false;desert;1
859;181;16;1;land;false;desert;1
860;204;25;1;land;false;desert;1
861;208;41;1;land;false;desert;1
862;226;38;1;land;false;desert;1
863;239;124;1;land;false;desert;1
864;191;118;1;land;false;desert;1
865;233;111;1;land;false;desert;1
866;243;110;1;land;false;desert;1
867;214;85;1;land;false;desert;1
868;238;142;1;land;false;desert;1
869;110;78;1;land;false;plains;1
870;110;87;1;land;false;plains;1
871;86;79;1;land;false;plains;1
872;136;250;1;land;true;forest;1
873;145;219;1;land;true;forest;1
874;156;213;1;land;false;forest;1
875;110;205;1;land;true;forest;1
876;96;237;1;land;true;forest;1
877;166;231;1;land;false;forest;1
878;172;135;1;land;true;urban;1
879;155;64;1;land;true;plains;1
880;117;101;1;land;true;plains;1
881;37;221;1;land;false;desert;1
882;23;226;1;land;false;desert;1
883;42;189;1;land;false;desert;1
884;39;167;1;land;false;desert;1
885;16;218;1;land;false;desert;1
886;0;194;1;land;false;desert;1
887;34;170;1;land;false;desert;1
888;23;168;1;land;false;desert;1
889;54;52;1;land;false;desert;1
890;28;41;1;land;false;desert;1
891;37;184;1;land;false;plains;1
892;89;82;1;land;false;desert;1
893;22;51;1;land;false;desert;1
894;30;84;1;land;false;desert;1
895;93;84;1;land;false;desert;1
896;64;75;1;land;false;desert;1
897;66;80;1;land;false;desert;1
898;37;117;1;land;false;hills;1
899;87;117;1;land;false;plains;1
900;109;132;1;land;false;mountain;1
901;55;132;1;land;false;desert;1
902;43;159;1;land;false;desert;1
903;78;108;1;land;false;hills;1
904;50;216;1;land;true;mountain;1
905;136;174;1;land;false;hills;1
906;79;135;1;land;false;mountain;1
907;86;117;1;land;false;hills;1
908;136;153;1;land;false;hills;1
909;95;126;1;land;false;hills;1
910;104;31;1;land;true;plains;1
911;152;44;1;land;false;plains;1
912;84;14;1;land;false;plains;1
913;129;28;1;land;true;plains;1
914;238;103;1;land;false;forest;1
915;224;73;1;land;false;jungle;1
916;236;77;1;land;false;desert;1
917;228;85;1;land;false;forest;1
918;220;101;1;land;false;desert;1
919;215;83;1;land;false;jungle;1
920;254;104;1;land;false;desert;1
921;252;83;1;land;false;desert;1
922;234;123;1;land;false;forest;1
923;222;100;1;land;false;desert;1
924;228;143;1;land;false;forest;1
925;243;94;1;land;false;desert;1
926;224;144;1;land;false;jungle;1
927;254;224;1;land;false;plains;1
928;221;215;1;land;false;plains;1
929;250;198;1;land;false;plains;1
930;248;223;1;land;false;plains;1
931;246;245;1;land;false;plains;1
932;223;203;1;land;false;plains;1
933;230;240;1;land;false;plains;1
934;224;193;1;land;false;plains;1
935;229;233;1;land;false;plains;1
936;51;105;1;land;true;mountain;1
937;18;230;1;land;false;mountain;1
938;5;250;1;land;false;desert;1
939;4;243;1;land;false;desert;1
940;34;209;1;land;false;desert;1
941;15;215;1;land;false;desert;1
942;130;100;1;land;false;desert;1
943;171;56;1;land;false;desert;1
944;159;88;1;land;false;desert;1
945;180;197;1;land;false;jungle;1
946;205;198;1;land;false;hills;1
947;176;211;1;land;false;hills;1
948;168;167;1;land;false;jungle;1
949;158;203;1;land;false;jungle;1
950;141;196;1;land;false;jungle;1
951;198;182;1;land;false;jungle;1
952;171;183;1;land;false;jungle;1
953;195;196;1;land;false;jungle;1
954;212;163;1;land;false;jungle;1
955;172;74;1;land;false;plains;1
956;197;87;1;land;false;plains;1
957;210;123;1;land;false;plains;1
958;241;78;1;land;false;plains;1
959;169;59;1;land;false;plains;1
960;195;181;1;land;false;mountain;1
961;212;201;1;land;false;desert;1
962;190;167;1;land;false;desert;1
963;234;221;1;land;false;desert;1
964;228;191;1;land;false;desert;1
965;174;197;1;land;false;desert;1
966;111;38;1;land;false;plains;1
967;116;17;1;land;false;plains;1
968;90;25;1;land;false;plains;1
969;125;171;1;land;false;jungle;1
970;98;180;1;land;false;jungle;1
971;62;154;1;land;false;jungle;1
972;104;49;1;land;false;forest;1
973;150;48;1;land;false;forest;1
974;138;97;1;land;false;plains;1
975;106;88;1;land;false;forest;1
976;92;86;1;land;false;forest;1
977;128;71;1;land;false;forest;1
978;136;28;1;land;false;forest;1
979;142;25;1;land;false;forest;1
980;93;54;1;land;false;forest;1
981;116;60;1;land;false;plains;1
982;156;44;1;land;false;forest;1
983;130;46;1;land;false;forest;1
984;154;84;1;land;false;forest;1
985;117;30;1;land;false;plains;1
986;106;64;1;land;false;forest;1
987;123;91;1;land;false;forest;1
988;117;155;1;land;false;desert;1
989;109;173;1;land;false;desert;1
990;143;208;1;land;false;desert;1
991;141;163;1;land;false;desert;1
992;103;189;1;land;false;desert;1
993;136;156;1;land;false;desert;1
994;116;195;1;land;false;desert;1
995;71;91;1;land;false;plains;1
996;132;158;1;land;false;desert;1
997;97;202;1;land;false;desert;1
998;147;194;1;land;false;desert;1
999;81;204;1;land;false;desert;1
1000;188;66;1;land;false;desert;1
1001;143;109;1;land;false;desert;1
1002;112;47;1;land;false;forest;1
1003;157;87;1;land;false;desert;1
1004;127;60;1;land;false;desert;1
1005;137;43;1;land;false;plains;1
1006;111;106;1;land;false;desert;1
1007;120;53;1;land;false;plains;1
1008;173;78;1;land;false;desert;1
1009;175;38;1;land;false;desert;1
1010;114;79;1;land;false;desert;1
1011;160;39;1;land;false;desert;1
1012;131;93;1;land;false;plains;1
1013;139;111;1;land;false;desert;1
1014;110;47;1;land;false;plains;1
1015;188;110;1;land;false;forest;1
1016;142;61;1;land;false;desert;1
1017;172;36;1;land;false;desert;1
1018;157;103;1;land;false;desert;1
1019;193;210;1;land;false;mountain;1
1020;141;212;1;land;false;mountain;1
1021;194;191;1;land;false;hills;1
1022;180;226;1;land;false;mountain;1
1023;52;40;1;land;false;desert;1
1024;15;18;1;land;false;desert;1
1025;51;58;1;land;false;desert;1
1026;25;0;1;land;false;desert;1
1027;6;126;1;land;false;forest;1
1028;53;124;1;land;true;forest;1
1029;53;171;1;land;false;forest;1
1030;30;142;1;land;true;forest;1
1031;68;129;1;land;false;forest;1
1032;62;164;1;land;false;forest;1
1033;93;32;1;land;false;desert;1
1034;72;13;1;land;false;desert;1
1035;55;66;1;land;false;desert;1
1036;50;138;1;land;false;desert;1
1037;46;147;1;land;false;desert;1
1038;63;155;1;land;false;desert;1
1039;175;33;1;land;false;desert;1
1040;186;12;1;land;false;desert;1
1041;177;24;1;land;false;desert;1
1042;223;27;1;land;false;desert;1
1043;190;9;1;land;false;desert;1
1044;173;7;1;land;false;desert;1
1045;233;133;1;land;false;desert;1
1046;234;85;1;land;false;desert;1
1047;190;158;1;land;false;desert;1
1048;235;52;1;land;false;desert;1
1049;221;95;1;land;true;desert;1
1050;244;123;1;land;true;desert;1
1051;220;165;1;land;true;desert;1
1052;85;243;1;land;false;desert;1
1053;108;244;1;land;false;desert;1
1054;108;196;1;land;false;desert;1
1055;87;250;1;land;false;desert;1
1056;123;205;1;land;false;desert;1
1057;108;236;1;land;false;desert;1
1058;130;200;1;land;false;desert;1
1059;80;234;1;land;false;desert;1
1060;100;232;1;land;false;desert;1
1061;109;232;1;land;false;desert;1
1062;92;214;1;land;false;desert;1
1063;88;247;1;land;false;desert;1
1064;78;198;1;land;false;desert;1
1065;131;115;1;land;false;mountain;1
1066;167;78;1;land;false;hills;1
1067;98;58;1;land;false;hills;1
1068;96;59;1;land;false;mountain;1
1069;133;57;1;land;false;mountain;1
1070;170;251;1;land;false;hills;1
1071;191;248;1;land;false;hills;1
1072;162;96;1;land;false;forest;1
1073;160;111;1;land;false;forest;1
1074;134;97;1;land;false;mountain;1
1075;159;118;1;land;false;mountain;1
1076;189;84;1;land;false;mountain;1
1077;136;108;1;land;false;mountain;1
1078;168;81;1;land;false;forest;1
1079;190;196;1;land;false;desert;1
1080;196;142;1;land;false;desert;1
1081;172;205;1;land;false;desert;1
1082;212;134;1;land;false;desert;1
1083;213;67;1;land;false;desert;1
1084;174;2;1;land;false;desert;1
1085;191;61;1;land;false;desert;1
1086;192;53;1;land;false;desert;1
1087;223;161;1;land;false;desert;1
1088;218;198;1;land;false;desert;1
1089;235;192;1;land;false;desert;1
1090;245;198;1;land;false;desert;1
1091;213;209;1;land;false;desert;1
1092;232;208;1;land;false;desert;1
1093;253;189;1;land;false;desert;1
1094;246;28;1;land;true;desert;1
1095;130;133;1;land;true;plains;1
1096;134;179;1;land;true;forest;1
1097;80;134;1;land;false;forest;1
1098;110;114;1;land;true;plains;1
1099;146;9;1;land;false;forest;1
1100;112;39;1;land;false;forest;1
1101;166;127;1;land;true;desert;1
1102;147;122;1;land;true;desert;1
1103;178;154;1;land;false;desert;1
1104;171;155;1;land;true;desert;1
1105;152;34;1;land;false;mountain;1
1106;152;38;1;land;false;urban;1
1107;151;37;1;land;false;forest;1
1108;182;37;1;land;false;forest;1
1109;169;6;1;land;false;mountain;1
1110;0;77;1;land;false;forest;1
1111;34;74;1;land;false;jungle;1
1112;9;133;1;land;false;jungle;1
1113;52;121;1;land;false;hills;1
1114;3;104;1;land;false;jungle;1
1115;55;90;1;land;false;forest;1
1116;6;141;1;land;false;hills;1
1117;34;112;1;land;false;jungle;1
1118;25;108;1;land;false;jungle;1
1119;0;100;1;land;false;jungle;1
1120;4;123;1;land;false;jungle;1
1121;6;108;1;land;false;jungle;1
1122;35;77;1;land;false;forest;1
1123;33;99;1;land;false;forest;1
1124;15;118;1;land;false;forest;1
1125;9;200;1;land;true;hills;1
1126;56;248;1;land;true;desert;1
1127;67;127;1;land;false;desert;1
1128;93;130;1;land;false;desert;1
1129;97;116;1;land;false;desert;1
1130;36;88;1;land;false;desert;1
1131;38;238;1;land;false;desert;1
1132;68;235;1;land;false;desert;1
1133;74;213;1;land;false;desert;1
1134;84;216;1;land;false;desert;1
1135;40;218;1;land;false;desert;1
1136;107;248;1;land;false;desert;1
1137;182;90;1;land;false;forest;1
1138;214;117;1;land;false;jungle;1
1139;217;68;1;land;false;forest;1
1140;197;68;1;land;false;forest;1
1141;165;106;1;land;false;jungle;1
1142;213;113;1;land;false;jungle;1
1143;172;76;1;land;false;forest;1
1144;180;50;1;land;false;jungle;1
1145;202;72;1;land;false;jungle;1
1146;185;90;1;land;false;jungle;1
1147;225;182;1;land;false;mountain;1
1148;213;162;1;land;false;mountain;1
1149;228;64;1;land;true;plains;1
1150;196;83;1;land;false;mountain;1
1151;203;125;1;land;true;plains;1
1152;252;134;1;land;true;plains;1
1153;211;74;1;land;false;mountain;1
1154;244;122;1;land;true;plains;1
1155;233;124;1;land;false;plains;1
1156;245;73;1;land;true;mountain;1
1157;217;76;1;land;true;plains;1
1158;196;74;1;land;true;mountain;1
1159;207;199;1;land;false;plains;1
1160;237;218;1;land;false;plains;1
1161;246;232;1;land;false;plains;1
1162;208;227;1;land;false;plains;1
1163;206;223;1;land;false;plains;1
1164;219;210;1;land;false;plains;1
1165;212;225;1;land;false;plains;1
1166;203;203;1;land;false;plains;1
1167;212;180;1;land;false;plains;1
1168;212;220;1;land;false;plains;1
1169;245;249;1;land;false;plains;1
1170;230;194;1;land;false;plains;1
1171;254;66;1;land;false;desert;1
1172;195;70;1;land;false;desert;1
1173;225;70;1;land;false;desert;1
1174;191;200;1;land;false;forest;1
1175;237;224;1;land;false;forest;1
1176;225;240;1;land;false;forest;1
1177;232;174;1;land;false;forest;1
1178;203;205;1;land;false;forest;1
1179;199;239;1;land;false;forest;1
1180;10;107;1;land;false;hills;1
1181;37;82;1;land;false;forest;1
1182;37;79;1;land;true;hills;1
1183;24;80;1;land;false;hills;1
1184;44;127;1;land;true;forest;1
1185;1;145;1;land;true;hills;1
1186;8;68;1;land;false;hills;1
1187;51;205;1;land;false;plains;1
1188;10;193;1;land;false;plains;1
1189;7;236;1;land;false;plains;1
1190;168;50;1;land;false;desert;1
1191;109;36;1;land;false;desert;1
1192;125;65;1;land;false;desert;1
1193;149;50;1;land;false;desert;1
1194;116;95;1;land;false;desert;1
1195;124;28;1;land;false;desert;1
1196;174;222;1;land;false;desert;1
1197;112;202;1;land;false;desert;1
1198;181;157;1;land;false;desert;1
1199;156;212;1;land;false;desert;1
1200;170;151;1;land;false;desert;1
1201;120;221;1;land;false;desert;1
1202;109;209;1;land;false;desert;1
1203;162;157;1;land;false;desert;1
1204;140;201;1;land;false;desert;1
1205;119;196;1;land;false;desert;1
1206;159;217;1;land;false;desert;1
1207;110;219;1;land;false;desert;1
1208;154;160;1;land;false;desert;1
1209;125;188;1;land;false;desert;1
1210;123;161;1;land;false;desert;1
1211;182;115;1;land;false;hills;1
1212;185;50;1;land;false;jungle;1
1213;185;162;1;land;false;plains;1
1214;157;192;1;land;false;plains;1
1215;222;181;1;land;false;forest;1
1216;176;198;1;land;false;desert;1
1217;189;161;1;land;false;plains;1
1218;190;197;1;land;false;desert;1
1219;204;163;1;land;false;desert;1
1220;153;198;1;land;false;forest;1
1221;152;162;1;land;false;plains;1
1222;161;221;1;land;false;plains;1
1223;74;44;1;land;false;mountain;1
1224;78;75;1;land;false;plains;1
1225;42;115;1;land;false;forest;1
1226;44;162;1;land;true;forest;1
1227;41;158;1;land;false;forest;1
1228;32;167;1;land;true;forest;1
1229;118;75;1;land;false;desert;1
1230;96;42;1;land;false;desert;1
1231;67;44;1;land;false;desert;1
1232;102;19;1;land;false;desert;1
1233;74;147;1;land;false;mountain;1
1234;130;182;1;land;false;mountain;1
1235;136;178;1;land;false;mountain;1
1236;143;195;1;land;false;desert;1
1237;205;3;1;land;true;forest;1
1238;234;30;1;land;true;forest;1
1239;213;141;1;land;false;desert;1
1240;241;137;1;land;true;desert;1
1241;213;135;1;land;false;desert;1
1242;228;164;1;land;true;desert;1
1243;225;116;1;land;false;desert;1
1244;229;105;1;land;false;desert;1
1245;244;166;1;land;false;desert;1
1246;211;92;1;land;false;desert;1
1247;254;165;1;land;false;desert;1
1248;240;93;1;land;false;desert;1
1249;254;132;1;land;false;desert;1
1250;212;124;1;land;false;desert;1
1251;9;44;1;land;false;forest;1
1252;20;14;1;land;false;forest;1
1253;12;31;1;land;false;forest;1
1254;24;41;1;land;false;forest;1
1255;46;12;1;land;false;forest;1
1256;34;37;1;land;false;forest;1
1257;36;137;1;land;false;desert;1
1258;24;168;1;land;false;desert;1
1259;20;223;1;land;false;desert;1
1260;40;175;1;land;false;desert;1
1261;55;193;1;land;false;desert;1
1262;66;230;1;land;false;desert;1
1263;8;194;1;land;false;desert;1
1264;30;207;1;land;false;desert;1
1265;47;172;1;land;false;desert;1
1266;40;202;1;land;false;desert;1
1267;4;195;1;land;false;desert;1
1268;29;81;1;land;false;desert;1
1269;61;38;1;land;false;desert;1
1270;22;68;1;land;false;desert;1
1271;30;31;1;land;false;desert;1
1272;79;33;1;land;false;desert;1
1273;67;194;1;land;false;desert;1
1274;99;235;1;land;true;desert;1
1275;95;84;1;land;false;desert;1
1276;79;79;1;land;false;desert;1
1277;65;42;1;land;false;desert;1
1278;105;51;1;land;false;desert;1
1279;116;90;1;land;false;desert;1
1280;68;76;1;land;false;desert;1
1281;59;92;1;land;false;desert;1
1282;62;61;1;land;false;desert;1
1283;93;109;1;land;false;desert;1
1284;50;56;1;land;false;desert;1
1285;63;89;1;land;false;desert;1
1286;126;53;1;land;false;plains;1
1287;65;45;1;land;false;desert;1
1288;78;83;1;land;false;desert;1
1289;121;99;1;land;false;desert;1
1290;208;171;1;land;false;desert;1
1291;224;190;1;land;false;desert;1
1292;213;193;1;land;false;desert;1
1293;193;163;1;land;false;desert;1
1294;199;186;1;land;false;desert;1
1295;207;151;1;land;false;desert;1
1296;209;48;1;land;false;desert;1
1297;196;20;1;land;false;desert;1
1298;236;49;1;land;false;desert;1
1299;216;217;1;land;false;hills;1
1300;233;213;1;land;true;forest;1
1301;240;153;1;land;false;plains;1
1302;235;173;1;land;false;forest;1
1303;213;230;1;land;true;plains;1
1304;243;162;1;land;false;forest;1
1305;237;200;1;land;true;forest;1
1306;22;17;1;land;false;plains;1
1307;24;79;1;land;false;plains;1
1308;41;15;1;land;false;forest;1
1309;3;38;1;land;false;forest;1
1310;45;81;1;land;false;forest;1
1311;15;78;1;land;false;forest;1
1312;24;70;1;land;false;forest;1
1313;24;15;1;land;false;plains;1
1314;14;80;1;land;false;mountain;1
1315;28;42;1;land;false;forest;1
1316;46;23;1;land;false;mountain;1
1317;20;68;1;land;false;forest;1
1318;18;54;1;land;false;forest;1
1319;5;52;1;land;false;forest;1
1320;12;67;1;land;false;plains;1
1321;41;64;1;land;false;plains;1
1322;39;44;1;land;false;forest;1
1323;160;120;1;land;false;plains;1
1324;167;111;1;land;false;forest;1
1325;118;127;1;land;false;plains;1
1326;139;165;1;land;false;plains;1
1327;101;114;1;land;false;forest;1
1328;124;167;1;land;false;forest;1
1329;117;157;1;land;false;plains;1
1330;140;25;1;land;false;plains;1
1331;106;30;1;land;false;hills;1
1332;140;48;1;land;false;plains;1
1333;122;12;1;land;false;forest;1
1334;143;27;1;land;false;forest;1
1335;148;42;1;land;false;hills;1
1336;162;23;1;land;false;forest;1
1337;116;25;1;land;false;plains;1
1338;162;11;1;land;false;plains;1
1339;153;20;1;land;false;plains;1
1340;131;0;1;land;false;hills;1
1341;115;47;1;land;false;plains;1
1342;125;20;1;land;false;forest;1
1343;101;4;1;land;false;plains;1
1344;113;46;1;land;false;forest;1
1345;143;19;1;land;false;plains;1
1346;173;147;1;land;false;desert;1
1347;168;201;1;land;false;marsh;1
1348;178;135;1;land;false;plains;1
1349;133;187;1;land;false;plains;1
1350;201;195;1;land;false;desert;1
1351;199;128;1;land;false;desert;1
1352;133;195;1;land;false;marsh;1
1353;201;193;1;land;false;desert;1
1354;175;142;1;land;false;marsh;1
1355;190;199;1;land;false;plains;1
1356;204;148;1;land;false;plains;1
1357;179;129;1;land;false;desert;1
1358;178;128;1;land;false;marsh;1
1359;150;173;1;land;false;marsh;1
1360;141;166;1;land;false;desert;1
1361;165;52;1;land;false;desert;1
1362;142;56;1;land;false;desert;1
1363;162;14;1;land;false;desert;1
1364;141;53;1;land;false;desert;1
1365;154;14;1;land;false;desert;1
1366;70;148;1;land;false;desert;1
1367;8;108;1;land;false;mountain;1
1368;72;94;1;land;false;desert;1
1369;62;104;1;land;false;desert;1
1370;18;111;1;land;false;desert;1
1371;18;101;1;land;false;desert;1
1372;53;140;1;land;false;desert;1
1373;57;156;1;land;false;hills;1
1374;48;88;1;land;false;desert;1
1375;20;210;1;land;true;desert;1
1376;19;216;1;land;true;desert;1
1377;108;166;1;land;false;hills;1
1378;71;127;1;land;false;hills;1
1379;96;97;1;land;false;jungle;1
1380;92;163;1;land;false;hills;1
1381;65;167;1;land;false;forest;1
1382;101;135;1;land;false;forest;1
1383;58;102;1;land;false;hills;1
1384;129;243;1;land;false;plains;1
1385;92;240;1;land;true;plains;1
1386;114;247;1;land;false;mountain;1
1387;69;219;1;land;false;hills;1
1388;124;231;1;land;false;plains;1
1389;94;242;1;land;false;forest;1
1390;100;234;1;land;false;plains;1
1391;114;141;1;land;false;desert;1
1392;56;146;1;land;false;desert;1
1393;96;131;1;land;false;desert;1
1394;74;104;1;land;false;desert;1
1395;68;237;1;land;false;desert;1
1396;101;216;1;land;true;desert;1
1397;100;246;1;land;false;desert;1
1398;108;239;1;land;true;desert;1
1399;115;221;1;land;false;desert;1
1400;74;207;1;land;true;desert;1
1401;80;113;1;land;true;mountain;1
1402;136;143;1;land;false;mountain;1
1403;159;21;1;land;false;desert;1
1404;111;16;1;land;false;desert;1
1405;241;66;1;land;false;desert;1
1406;229;117;1;land;false;desert;1
1407;225;82;1;land;false;desert;1
1408;249;123;1;land;false;desert;1
1409;245;140;1;land;false;desert;1
1410;247;97;1;land;false;desert;1
1411;240;87;1;land;false;desert;1
1412;209;84;1;land;false;desert;1
1413;238;102;1;land;false;desert;1
1414;26;226;1;land;false;desert;1
1415;8;208;1;land;false;desert;1
1416;30;206;1;land;false;desert;1
1417;3;242;1;land;false;desert;1
1418;31;211;1;land;false;desert;1
1419;8;135;1;land;false;desert;1
1420;17;149;1;land;false;desert;1
1421;16;127;1;land;false;desert;1
1422;59;217;1;land;false;hills;1
1423;50;217;1;land;false;hills;1
1424;22;234;1;land;false;forest;1
1425;162;107;1;land;false;forest;1
1426;137;97;1;land;false;forest;1
1427;166;36;1;land;false;hills;1
1428;144;52;1;land;false;forest;1
1429;138;53;1;land;false;hills;1
1430;167;41;1;land;false;hills;1
1431;200;82;1;land;false;hills;1
1432;161;99;1;land;false;hills;1
1433;192;109;1;land;false;hills;1
1434;133;73;1;land;false;forest;1
1435;179;178;1;land;true;desert;1
1436;176;189;1;land;true;desert;1
1437;202;121;1;land;false;mountain;1
1438;207;65;1;land;false;mountain;1
1439;251;195;1;land;false;plains;1
1440;219;218;1;land;false;forest;1
1441;218;190;1;land;true;plains;1
1442;185;223;1;land;false;forest;1
1443;214;226;1;land;true;forest;1
1444;226;169;1;land;false;forest;1
1445;194;209;1;land;true;plains;1
1446;254;237;1;land;true;plains;1
1447;249;190;1;land;false;plains;1
1448;214;207;1;land;false;plains;1
1449;222;220;1;land;true;forest;1
1450;232;206;1;land;false;forest;1
1451;60;57;1;land;false;desert;1
1452;55;38;1;land;false;desert;1
1453;102;54;1;land;false;desert;1
1454;79;192;1;land;false;forest;1
1455;108;138;1;land;false;forest;1
1456;84;160;1;land;false;forest;1
1457;61;198;1;land;false;forest;1
1458;93;164;1;land;false;forest;1
1459;104;47;1;land;false;hills;1
1460;132;92;1;land;false;hills;1
1461;150;70;1;land;false;hills;1
1462;107;88;1;land;false;hills;1
1463;111;88;1;land;false;urban;1
1464;127;46;1;land;false;plains;1
1465;113;28;1;land;false;forest;1
1466;149;191;1;land;false;desert;1
1467;138;180;1;land;false;desert;1
1468;99;177;1;land;false;desert;1
1469;161;141;1;land;false;desert;1
1470;162;147;1;land;false;desert;1
1471;119;203;1;land;false;desert;1
1472;173;184;1;land;false;desert;1
1473;151;145;1;land;false;desert;1
1474;150;206;1;land;false;desert;1
1475;110;231;1;land;true;desert;1
1476;120;244;1;land;false;desert;1
1477;114;227;1;land;true;desert;1
1478;163;234;1;land;true;desert;1
1479;140;245;1;land;true;desert;1
1480;132;231;1;land;true;desert;1
1481;122;234;1;land;true;desert;1
1482;114;240;1;land;false;desert;1
1483;120;226;1;land;true;desert;1
1484;175;250;1;land;true;desert;1
1485;167;216;1;land;false;desert;1
1486;119;233;1;land;false;desert;1
1487;143;248;1;land;true;desert;1
1488;172;134;1;land;false;desert;1
1489;122;83;1;land;false;desert;1
1490;141;107;1;land;false;plains;1
1491;172;124;1;land;false;plains;1
1492;149;92;1;land;false;desert;1
1493;139;121;1;land;false;plains;1
1494;154;134;1;land;false;plains;1
1495;173;75;1;land;false;hills;1
1496;167;246;1;land;false;desert;1
1497;210;243;1;land;false;desert;1
1498;175;218;1;land;false;desert;1
1499;178;243;1;land;false;desert;1
1500;157;249;1;land;false;desert;1
1501;166;245;1;land;false;desert;1
1502;219;145;1;land;false;mountain;1
1503;236;123;1;land;false;mountain;1
1504;184;100;1;land;false;mountain;1
1505;188;126;1;land;false;mountain;1
1506;78;197;1;land;false;forest;1
1507;43;190;1;land;false;forest;1
1508;51;214;1;land;false;jungle;1
1509;95;239;1;land;false;jungle;1
1510;94;245;1;land;false;desert;1
1511;40;238;1;land;false;forest;1
1512;59;183;1;land;false;jungle;1
1513;32;223;1;land;false;jungle;1
1514;80;192;1;land;false;jungle;1
1515;88;66;1;land;false;plains;1
1516;87;96;1;land;false;forest;1
1517;107;35;1;land;false;forest;1
1518;88;86;1;land;false;forest;1
1519;83;46;1;land;false;forest;1
1520;85;75;1;land;false;plains;1
1521;67;40;1;land;false;forest;1
1522;138;192;1;land;false;plains;1
1523;143;213;1;land;false;plains;1
1524;99;234;1;land;false;plains;1
1525;140;249;1;land;false;forest;1
1526;114;225;1;land;false;plains;1
1527;104;248;1;land;false;plains;1
1528;129;102;1;land;false;desert;1
1529;159;71;1;land;false;desert;1
1530;86;109;1;land;false;desert;1
1531;147;69;1;land;false;desert;1
1532;128;64;1;land;false;desert;1
1533;146;64;1;land;false;desert;1
1534;136;109;1;land;false;desert;1
1535;121;117;1;land;false;desert;1
1536;120;86;1;land;true;desert;1
1537;104;68;1;land;false;desert;1
1538;87;69;1;land;false;desert;1
1539;249;159;1;land;false;desert;1
1540;230;164;1;land;false;desert;1
1541;250;206;1;land;false;desert;1
1542;213;177;1;land;false;desert;1
1543;239;200;1;land;false;desert;1
1544;216;218;1;land;false;desert;1
1545;220;200;1;land;false;desert;1
1546;244;208;1;land;false;desert;1
1547;254;220;1;land;false;desert;1
1548;223;220;1;land;false;desert;1
1549;215;215;1;land;false;desert;1
1550;202;156;1;land;false;desert;1
1551;241;158;1;land;false;desert;1
1552;216;81;1;land;false;plains;1
1553;239;57;1;land;false;plains;1
1554;250;33;1;land;false;forest;1
1555;219;11;1;land;false;forest;1
1556;238;32;1;land;false;forest;1
1557;240;50;1;land;false;forest;1
1558;237;73;1;land;false;forest;1
1559;216;9;1;land;false;forest;1
1560;254;56;1;land;false;forest;1
1561;220;84;1;land;false;forest;1
1562;240;73;1;land;false;hills;1
1563;221;51;1;land;false;hills;1
1564;231;60;1;land;false;forest;1
1565;37;185;1;land;true;desert;1
1566;7;165;1;land;false;desert;1
1567;56;220;1;land;false;desert;1
1568;47;184;1;land;false;desert;1
1569;51;165;1;land;true;desert;1
1570;28;223;1;land;false;jungle;1
1571;9;230;1;land;false;desert;1
1572;38;193;1;land;false;desert;1
1573;34;57;1;land;false;desert;1
1574;51;83;1;land;false;desert;1
1575;26;86;1;land;false;desert;1
1576;28;75;1;land;false;desert;1
1577;1;39;1;land;false;desert;1
1578;69;98;1;land;false;desert;1
1579;14;46;1;land;false;desert;1
1580;33;54;1;land;false;desert;1
1581;1;85;1;land;false;desert;1
1582;65;39;1;land;false;desert;1
1583;63;68;1;land;false;desert;1
1584;33;52;1;land;false;desert;1
1585;143;150;1;land;false;desert;1
1586;136;125;1;land;false;desert;1
1587;190;143;1;land;false;desert;1
1588;135;194;1;land;false;desert;1
1589;195;119;1;land;false;desert;1
1590;195;21;1;land;false;desert;1
1591;154;35;1;land;false;desert;1
1592;188;47;1;land;false;desert;1
1593;165;38;1;land;false;desert;1
1594;130;49;1;land;false;desert;1
1595;145;22;1;land;false;desert;1
1596;145;16;1;land;false;desert;1
1597;167;13;1;land;false;desert;1
1598;163;51;1;land;false;desert;1
1599;228;157;1;land;false;plains;1
1600;188;202;1;land;false;plains;1
1601;226;209;1;land;false;forest;1
1602;229;138;1;land;false;plains;1
1603;212;208;1;land;false;plains;1
1604;161;177;1;land;false;plains;1
1605;227;164;1;land;false;plains;1
1606;202;157;1;land;false;forest;1
1607;217;148;1;land;false;plains;1
1608;229;190;1;land;false;forest;1
1609;215;148;1;land;false;plains;1
1610;186;154;1;land;false;plains;1
1611;228;35;1;land;false;plains;1
1612;187;70;1;land;false;plains;1
1613;221;49;1;land;false;forest;1
1614;199;66;1;land;false;plains;1
1615;30;36;1;land;false;desert;1
1616;2;31;1;land;false;desert;1
1617;14;49;1;land;false;desert;1
1618;54;10;1;land;false;desert;1
1619;30;58;1;land;false;desert;1
1620;29;44;1;land;false;desert;1
1621;51;8;1;land;false;desert;1
1622;46;33;1;land;false;hills;1
1623;38;1;1;land;false;desert;1
1624;1;1;1;land;false;desert;1
1625;19;50;1;land;false;desert;1
1626;60;21;1;land;false;desert;1
1627;2;50;1;land;false;desert;1
1628;55;0;1;land;false;desert;1
1629;48;7;1;land;false;desert;1
1630;45;42;1;land;false;desert;1
1631;54;21;1;land;false;desert;1
1632;35;53;1;land;false;desert;1
1633;55;13;1;land;false;desert;1
1634;55;36;1;land;false;desert;1
1635;29;23;1;land;false;desert;1
1636;30;39;1;land;false;desert;1
1637;24;126;1;land;false;desert;1
1638;17;178;1;land;false;desert;1
1639;35;156;1;land;false;desert;1
1640;57;162;1;land;false;desert;1
1641;27;145;1;land;false;desert;1
1642;19;122;1;land;false;desert;1
1643;99;38;1;land;false;desert;1
1644;91;25;1;land;false;desert;1
1645;88;9;1;land;false;desert;1
1646;87;5;1;land;false;desert;1
1647;85;18;1;land;false;desert;1
1648;46;29;1;land;false;desert;1
1649;74;65;1;land;false;desert;1
1650;102;39;1;land;false;desert;1
1651;92;27;1;land;false;desert;1
1652;94;145;1;land;false;hills;1
1653;44;132;1;land;false;forest;1
1654;178;250;1;land;false;desert;1
1655;161;239;1;land;false;desert;1
1656;162;217;1;land;false;plains;1
1657;219;227;1;land;false;desert;1
1658;226;245;1;land;false;desert;1
1659;209;236;1;land;false;plains;1
1660;170;144;1;land;false;desert;1
1661;206;91;1;land;false;desert;1
1662;203;143;1;land;false;desert;1
1663;225;89;1;land;false;desert;1
1664;246;79;1;land;false;desert;1
1665;198;22;1;land;false;desert;1
1666;252;15;1;land;false;desert;1
1667;228;128;1;land;false;plains;1
1668;229;135;1;land;false;forest;1
1669;248;151;1;land;false;forest;1
1670;130;193;1;land;false;forest;1
1671;113;216;1;land;false;mountain;1
1672;118;198;1;land;false;forest;1
1673;138;227;1;land;false;mountain;1
1674;134;246;1;land;false;forest;1
1675;105;47;1;land;true;desert;1
1676;125;232;1;land;true;desert;1
1677;183;253;1;land;false;desert;1
1678;187;254;1;land;true;desert;1
1679;190;251;1;land;true;desert;1
1680;132;202;1;land;false;desert;1
1681;161;215;1;land;false;desert;1
1682;187;223;1;land;false;hills;1
1683;148;236;1;land;true;desert;1
1684;152;75;1;land;true;hills;1
1685;161;86;1;land;true;hills;1
1686;168;76;1;land;true;mountain;1
1687;180;65;1;land;false;hills;1
1688;150;58;1;land;true;hills;1
1689;184;135;1;land;true;hills;1
1690;192;72;1;land;false;hills;1
1691;164;83;1;land;true;mountain;1
1692;179;105;1;land;true;mountain;1
1693;163;130;1;land;true;mountain;1
1694;170;100;1;land;true;mountain;1
1695;9;210;1;land;false;desert;1
1696;28;207;1;land;false;desert;1
1697;67;235;1;land;false;desert;1
1698;55;192;1;land;false;desert;1
1699;53;185;1;land;false;desert;1
1700;48;179;1;land;false;desert;1
1701;60;165;1;land;false;desert;1
1702;2;197;1;land;false;desert;1
1703;16;89;1;land;false;forest;1
1704;62;53;1;land;false;plains;1
1705;66;68;1;land;false;forest;1
1706;45;181;1;land;false;jungle;1
1707;52;205;1;land;false;jungle;1
1708;93;200;1;land;false;jungle;1
1709;108;208;1;land;false;jungle;1
1710;33;186;1;land;false;jungle;1
1711;39;230;1;land;false;jungle;1
1712;81;40;1;land;true;desert;1
1713;70;112;1;land;false;hills;1
1714;110;139;1;land;true;desert;1
1715;89;133;1;land;true;desert;1
1716;87;150;1;land;true;desert;1
1717;87;102;1;land;true;desert;1
1718;116;169;1;land;false;mountain;1
1719;130;219;1;land;false;forest;1
1720;108;232;1;land;false;hills;1
1721;102;244;1;land;false;hills;1
1722;109;217;1;land;false;forest;1
1723;70;231;1;land;false;hills;1
1724;76;254;1;land;false;hills;1
1725;110;247;1;land;false;forest;1
1726;167;173;1;land;false;desert;1
1727;120;9;1;land;true;desert;1
1728;15;127;1;land;false;plains;1
1729;12;127;1;land;false;plains;1
1730;28;107;1;land;false;plains;1
1731;56;231;1;land;false;forest;1
1732;26;205;1;land;false;plains;1
1733;55;185;1;land;false;forest;1
1734;66;137;1;land;false;plains;1
1735;36;219;1;land;false;hills;1
1736;46;252;1;land;false;hills;1
1737;72;208;1;land;false;plains;1
1738;94;228;1;land;false;hills;1
1739;43;198;1;land;false;hills;1
1740;92;217;1;land;false;plains;1
1741;34;224;1;land;false;hills;1
1742;93;252;1;land;false;hills;1
1743;54;253;1;land;false;hills;1
1744;83;237;1;land;false;plains;1
1745;47;212;1;land;false;hills;1
1746;183;64;1;land;false;desert;1
1747;183;116;1;land;false;desert;1
1748;175;44;1;land;false;desert;1
1749;167;81;1;land;false;desert;1
1750;224;53;1;land;false;desert;1
1751;172;55;1;land;false;desert;1
1752;178;108;1;land;false;desert;1
1753;210;73;1;land;false;desert;1
1754;165;50;1;land;false;desert;1
1755;225;202;1;land;false;hills;1
1756;181;213;1;land;false;hills;1
1757;222;155;1;land;false;hills;1
1758;221;169;1;land;false;hills;1
1759;174;227;1;land;false;hills;1
1760;243;127;1;land;false;jungle;1
1761;222;111;1;land;false;forest;1
1762;210;84;1;land;false;forest;1
1763;192;116;1;land;false;hills;1
1764;210;78;1;land;false;hills;1
1765;219;83;1;land;false;forest;1
1766;214;131;1;land;false;forest;1
1767;224;172;1;land;true;desert;1
1768;214;182;1;land;false;desert;1
1769;238;191;1;land;false;desert;1
1770;225;194;1;land;true;desert;1
1771;201;231;1;land;false;desert;1
1772;232;238;1;land;false;desert;1
1773;211;183;1;land;false;desert;1
1774;124;70;1;land;false;desert;1
1775;139;22;1;land;false;desert;1
1776;114;15;1;land;false;desert;1
1777;141;84;1;land;false;desert;1
1778;98;72;1;land;false;desert;1
1779;101;54;1;land;false;desert;1
1780;83;35;1;land;false;desert;1
1781;71;30;1;land;false;desert;1
1782;77;69;1;land;false;desert;1
1783;89;70;1;land;false;desert;1
1784;116;27;1;land;false;desert;1
1785;75;140;1;land;false;mountain;1
1786;146;184;1;land;false;plains;1
1787;112;95;1;land;false;forest;1
1788;156;103;1;land;false;mountain;1
1789;163;166;1;land;false;mountain;1
1790;140;153;1;land;false;mountain;1
1791;125;140;1;land;true;mountain;1
1792;138;157;1;land;true;mountain;1
1793;142;148;1;land;true;mountain;1
1794;147;140;1;land;false;mountain;1
1795;93;30;1;land;true;desert;1
1796;103;99;1;land;false;desert;1
1797;101;52;1;land;true;desert;1
1798;112;48;1;land;false;desert;1
1799;109;25;1;land;false;desert;1
1800;155;22;1;land;true;desert;1
1801;167;80;1;land;true;desert;1
1802;161;159;1;land;false;mountain;1
1803;165;196;1;land;false;mountain;1
1804;138;164;1;land;false;mountain;1
1805;160;164;1;land;false;mountain;1
1806;203;51;1;land;false;mountain;1
1807;183;35;1;land;false;mountain;1
1808;160;77;1;land;false;mountain;1
1809;210;51;1;land;false;mountain;1
1810;210;90;1;land;false;mountain;1
1811;176;99;1;land;false;mountain;1
1812;151;89;1;land;false;mountain;1
1813;212;178;1;land;false;desert;1
1814;86;33;1;land;false;plains;1
1815;34;19;1;land;false;hills;1
1816;90;181;1;land;false;desert;1
1817;94;76;1;land;false;hills;1
1818;65;54;1;land;false;hills;1
1819;117;141;1;land;false;hills;1
1820;132;154;1;land;true;desert;1
1821;211;37;1;land;false;plains;1
1822;198;5;1;land;false;plains;1
1823;193;34;1;land;false;forest;1
1824;244;5;1;land;false;plains;1
1825;206;22;1;land;false;plains;1
1826;207;22;1;land;false;forest;1
1827;246;10;1;land;false;forest;1
1828;253;0;1;land;false;plains;1
1829;214;10;1;land;false;plains;1
1830;206;14;1;land;false;forest;1
1831;218;20;1;land;false;forest;1
1832;238;16;1;land;false;forest;1
1833;239;155;1;land;false;forest;1
1834;212;98;1;land;false;forest;1
1835;249;131;1;land;false;forest;1
1836;237;124;1;land;false;forest;1
1837;43;29;1;land;false;forest;1
1838;19;26;1;land;false;forest;1
1839;30;48;1;land;false;forest;1
1840;13;9;1;land;false;plains;1
1841;23;3;1;land;false;plains;1
1842;39;102;1;land;false;urban;1
1843;36;111;1;land;false;urban;1
1844;46;167;1;land;false;desert;1
1845;24;167;1;land;false;urban;1
1846;11;128;1;land;false;urban;1
1847;144;252;1;land;false;mountain;1
1848;150;223;1;land;false;desert;1
1849;127;117;1;land;false;hills;1
1850;124;78;1;land;false;desert;1
1851;193;55;1;land;false;desert;1
1852;138;93;1;land;false;desert;1
1853;159;115;1;land;false;desert;1
1854;167;97;1;land;false;desert;1
1855;134;109;1;land;false;desert;1
1856;186;75;1;land;false;desert;1
1857;170;254;1;land;false;mountain;1
1858;144;237;1;land;false;mountain;1
1859;196;243;1;land;false;mountain;1
1860;198;94;1;land;false;desert;1
1861;223;146;1;land;false;desert;1
1862;195;137;1;land;false;desert;1
1863;194;82;1;land;false;desert;1
1864;204;111;1;land;false;desert;1
1865;158;108;1;land;false;desert;1
1866;205;70;1;land;false;desert;1
1867;231;110;1;land;false;desert;1
1868;213;137;1;land;true;desert;1
1869;185;33;1;land;false;desert;1
1870;239;66;1;land;false;desert;1
1871;248;50;1;land;false;desert;1
1872;189;13;1;land;false;desert;1
1873;229;10;1;land;false;desert;1
1874;195;28;1;land;false;desert;1
1875;215;165;1;land;false;plains;1
1876;124;160;1;land;true;plains;1
1877;152;17;1;land;false;forest;1
1878;151;28;1;land;false;forest;1
1879;99;13;1;land;false;forest;1
1880;160;191;1;land;false;mountain;1
1881;136;141;1;land;false;mountain;1
1882;196;151;1;land;false;mountain;1
1883;192;186;1;land;false;mountain;1
1884;136;6;1;land;false;forest;1
1885;145;47;1;land;false;forest;1
1886;166;15;1;land;false;mountain;1
1887;188;3;1;land;false;forest;1
1888;171;36;1;land;false;forest;1
1889;27;135;1;land;false;desert;1
1890;6;128;1;land;false;desert;1
1891;31;87;1;land;false;desert;1
1892;56;131;1;land;false;desert;1
1893;52;86;1;land;false;desert;1
1894;11;80;1;land;false;desert;1
1895;22;133;1;land;false;desert;1
1896;25;146;1;land;false;desert;1
1897;43;144;1;land;false;desert;1
1898;16;136;1;land;false;desert;1
1899;66;125;1;land;false;desert;1
1900;54;144;1;land;false;desert;1
1901;58;189;1;land;false;desert;1
1902;81;235;1;land;false;desert;1
1903;69;249;1;land;false;desert;1
1904;55;243;1;land;false;desert;1
1905;39;238;1;land;false;desert;1
1906;64;152;1;land;true;plains;1
1907;67;101;1;land;false;hills;1
1908;114;144;1;land;false;hills;1
1909;46;166;1;land;true;forest;1
1910;45;104;1;land;false;plains;1
1911;124;236;1;land;true;desert;1
1912;252;110;1;land;true;desert;1
1913;192;104;1;land;false;desert;1
1914;214;94;1;land;true;desert;1
1915;245;61;1;land;true;desert;1
1916;179;117;1;land;false;desert;1
1917;179;96;1;land;true;desert;1
1918;191;126;1;land;false;desert;1
1919;240;124;1;land;false;desert;1
1920;241;191;1;land;false;desert;1
1921;242;164;1;land;false;desert;1
1922;215;164;1;land;false;desert;1
1923;231;201;1;land;false;desert;1
1924;225;228;1;land;false;desert;1
1925;213;203;1;land;false;desert;1
1926;225;176;1;land;false;desert;1
1927;207;234;1;land;false;desert;1
1928;32;130;1;land;false;desert;1
1929;29;93;1;land;false;desert;1
1930;25;97;1;land;false;desert;1
1931;28;83;1;land;false;desert;1
1932;10;214;1;land;false;plains;1
1933;10;244;1;land;false;forest;1
1934;36;215;1;land;false;plains;1
1935;39;179;1;land;false;plains;1
1936;26;208;1;land;false;plains;1
1937;16;184;1;land;false;plains;1
1938;46;241;1;land;false;plains;1
1939;11;250;1;land;false;plains;1
1940;39;194;1;land;false;forest;1
1941;218;75;1;land;true;forest;1
1942;223;112;1;land;true;forest;1
1943;245;71;1;land;true;forest;1
1944;247;69;1;land;true;forest;1
1945;218;205;1;land;false;mountain;1
1946;235;198;1;land;false;plains;1
1947;246;186;1;land;false;plains;1
1948;234;204;1;land;false;mountain;1
1949;253;229;1;land;false;mountain;1
1950;235;232;1;land;false;forest;1
1951;252;237;1;land;false;mountain;1
1952;228;198;1;land;false;plains;1
1953;233;228;1;land;false;forest;1
1954;1;83;1;land;true;desert;1
1955;4;200;1;land;false;desert;1
1956;49;225;1;land;false;desert;1
1957;75;224;1;land;false;desert;1
1958;25;248;1;land;false;desert;1
1959;28;186;1;land;false;desert;1
1960;29;238;1;land;false;desert;1
1961;2;195;1;land;false;desert;1
1962;21;187;1;land;false;desert;1
1963;199;58;1;land;false;desert;1
1964;186;60;1;land;false;desert;1
1965;147;41;1;land;false;desert;1
1966;189;96;1;land;false;desert;1
1967;138;160;1;land;false;desert;1
1968;199;184;1;land;false;desert;1
1969;199;210;1;land;false;desert;1
1970;160;187;1;land;false;desert;1
1971;146;197;1;land;false;desert;1
1972;176;169;1;land;false;desert;1
1973;187;219;1;land;false;desert;1
1974;137;175;1;land;false;desert;1
1975;193;143;1;land;false;desert;1
1976;174;221;1;land;false;desert;1
1977;137;170;1;land;false;desert;1
1978;211;151;1;land;false;desert;1
1979;195;175;1;land;false;desert;1
1980;175;213;1;land;false;desert;1
1981;147;201;1;land;false;desert;1
1982;171;218;1;land;false;desert;1
1983;135;153;1;land;false;desert;1
1984;188;99;1;land;false;desert;1
1985;193;71;1;land;false;desert;1
1986;172;61;1;land;false;desert;1
1987;172;96;1;land;false;desert;1
1988;198;54;1;land;false;desert;1
1989;193;75;1;land;false;desert;1
1990;239;180;1;land;false;forest;1
1991;221;165;1;land;false;forest;1
1992;194;193;1;land;false;forest;1
1993;246;192;1;land;false;forest;1
1994;231;159;1;land;false;forest;1
1995;96;15;1;land;false;hills;1
1996;40;16;1;land;false;hills;1
1997;55;49;1;land;false;hills;1
1998;115;35;1;land;false;hills;1
1999;58;10;1;land;false;hills;1
2000;114;65;1;land;false;hills;1
2001;119;45;1;land;false;hills;1
2002;85;17;1;land;false;hills;1
2003;111;65;1;land;false;hills;1
2004;93;9;1;land;false;hills;1
2005;106;53;1;land;false;hills;1
2006;99;30;1;land;false;mountain;1
2007;113;122;1;land;false;hills;1
2008;71;182;1;land;false;hills;1
2009;78;129;1;land;false;hills;1
2010;114;189;1;land;false;hills;1
2011;127;178;1;land;false;hills;1
2012;69;191;1;land;false;hills;1
2013;54;150;1;land;false;hills;1
2014;82;133;1;land;false;hills;1
2015;144;29;1;land;true;desert;1
2016;150;22;1;land;true;desert;1
2017;113;60;1;land;false;desert;1
2018;124;58;1;land;false;desert;1
2019;119;178;1;land;false;desert;1
2020;155;178;1;land;false;desert;1
2021;156;180;1;land;false;desert;1
2022;134;136;1;land;false;desert;1
2023;233;25;1;land;false;mountain;1
2024;232;36;1;land;false;hills;1
2025;5;10;1;land;false;plains;1
2026;0;20;1;land;true;mountain;1
2027;14;54;1;land;true;forest;1
2028;64;66;1;land;false;forest;1
2029;78;34;1;land;true;plains;1
2030;41;41;1;land;false;plains;1
2031;25;1;1;land;false;forest;1
2032;25;41;1;land;true;plains;1
2033;0;66;1;land;true;forest;1
2034;2;37;1;land;true;mountain;1
2035;46;30;1;land;true;forest;1
2036;47;50;1;land;false;forest;1
2037;13;41;1;land;true;urban;1
2038;42;39;1;land;false;forest;1
2039;3;51;1;land;false;forest;1
2040;20;128;1;land;false;jungle;1
2041;53;174;1;land;false;forest;1
2042;63;168;1;land;false;hills;1
2043;91;218;1;land;false;forest;1
2044;58;191;1;land;false;forest;1
2045;81;167;1;land;false;forest;1
2046;50;235;1;land;false;forest;1
2047;54;183;1;land;false;forest;1
2048;88;241;1;land;false;forest;1
2049;78;26;1;land;false;forest;1
2050;58;68;1;land;false;mountain;1
2051;94;43;1;land;false;plains;1
2052;74;32;1;land;false;mountain;1
2053;97;47;1;land;false;mountain;1
2054;90;37;1;land;false;forest;1
2055;69;66;1;land;false;plains;1
2056;45;53;1;land;false;mountain;1
2057;33;82;1;land;false;mountain;1
2058;44;91;1;land;false;mountain;1
2059;79;100;1;land;false;plains;1
2060;113;235;1;land;false;desert;1
2061;95;204;1;land;false;desert;1
2062;138;209;1;land;false;desert;1
2063;84;194;1;land;false;desert;1
2064;82;220;1;land;false;desert;1
2065;134;252;1;land;false;desert;1
2066;93;60;1;land;false;forest;1
2067;79;77;1;land;false;hills;1
2068;94;55;1;land;false;plains;1
2069;79;71;1;land;false;hills;1
2070;97;77;1;land;false;hills;1
2071;111;44;1;land;false;forest;1
2072;95;72;1;land;false;plains;1
2073;145;51;1;land;false;hills;1
2074;121;69;1;land;false;hills;1
2075;113;72;1;land;false;hills;1
2076;116;84;1;land;false;forest;1
2077;97;93;1;land;false;hills;1
2078;250;156;1;land;true;desert;1
2079;216;182;1;land;false;desert;1
2080;247;193;1;land;true;desert;1
2081;240;206;1;land;false;desert;1
2082;200;184;1;land;true;desert;1
2083;242;174;1;land;true;desert;1
2084;228;165;1;land;false;desert;1
2085;215;200;1;land;true;desert;1
2086;242;172;1;land;true;desert;1
2087;234;31;1;land;false;plains;1
2088;220;48;1;land;false;plains;1
2089;226;23;1;land;false;forest;1
2090;235;17;1;land;false;plains;1
2091;237;59;1;land;false;forest;1
2092;247;57;1;land;false;forest;1
2093;24;160;1;land;true;forest;1
2094;1;49;1;land;false;desert;1
2095;46;37;1;land;false;desert;1
2096;26;87;1;land;false;desert;1
2097;48;43;1;land;false;desert;1
2098;52;69;1;land;false;desert;1
2099;61;90;1;land;false;desert;1
2100;149;128;1;land;true;mountain;1
2101;136;173;1;land;true;mountain;1
2102;167;166;1;land;true;mountain;1
2103;143;111;1;land;true;mountain;1
2104;127;11;1;land;false;jungle;1
2105;126;15;1;land;true;hills;1
2106;127;26;1;land;false;hills;1
2107;162;21;1;land;true;forest;1
2108;167;22;1;land;true;jungle;1
2109;182;25;1;land;false;hills;1
2110;159;47;1;land;false;jungle;1
2111;199;12;1;land;false;jungle;1
2112;138;0;1;land;true;forest;1
2113;152;50;1;land;false;jungle;1
2114;205;188;1;land;false;mountain;1
2115;176;132;1;land;false;plains;1
2116;212;40;1;land;false;desert;1
2117;178;29;1;land;false;desert;1
2118;42;119;1;land;false;hills;1
2119;100;118;1;land;false;jungle;1
2120;107;136;1;land;false;jungle;1
2121;32;143;1;land;false;hills;1
2122;117;251;1;land;false;jungle;1
2123;73;214;1;land;false;jungle;1
2124;125;101;1;land;false;forest;1
2125;137;176;1;land;false;forest;1
2126;121;157;1;land;false;forest;1
2127;135;251;1;land;true;desert;1
2128;70;166;1;land;false;forest;1
2129;66;117;1;land;false;forest;1
2130;85;165;1;land;false;forest;1
2131;85;149;1;land;false;forest;1
2132;132;236;1;land;true;mountain;1
2133;103;238;1;land;true;hills;1
2134;88;248;1;land;true;mountain;1
2135;134;148;1;land;false;mountain;1
2136;141;115;1;land;true;mountain;1
2137;145;112;1;land;false;mountain;1
2138;142;130;1;land;true;mountain;1
2139;123;169;1;land;true;desert;1
2140;121;6;1;land;true;desert;1
2141;44;133;1;land;false;mountain;1
2142;29;67;1;land;false;hills;1
2143;55;129;1;land;false;hills;1
2144;45;130;1;land;false;desert;1
2145;5;115;1;land;false;mountain;1
2146;49;71;1;land;false;hills;1
2147;36;79;1;land;false;hills;1
2148;19;141;1;land;false;hills;1
2149;41;141;1;land;false;hills;1
2150;14;128;1;land;false;hills;1
2151;1;254;1;land;false;mountain;1
2152;32;122;1;land;true;desert;1
2153;22;111;1;land;true;desert;1
2154;58;195;1;land;false;plains;1
2155;43;232;1;land;false;plains;1
2156;33;209;1;land;false;plains;1
2157;76;200;1;land;false;plains;1
2158;74;230;1;land;false;plains;1
2159;97;252;1;land;false;plains;1
2160;61;239;1;land;false;forest;1
2161;98;251;1;land;false;plains;1
2162;220;42;1;land;false;mountain;1
2163;195;52;1;land;false;mountain;1
2164;225;97;1;land;false;plains;1
2165;174;65;1;land;false;plains;1
2166;204;54;1;land;false;hills;1
2167;209;112;1;land;false;mountain;1
2168;152;65;1;land;false;forest;1
2169;226;90;1;land;false;hills;1
2170;208;45;1;land;false;hills;1
2171;160;86;1;land;false;mountain;1
2172;200;185;1;land;false;forest;1
2173;216;226;1;land;false;forest;1
2174;210;213;1;land;false;forest;1
2175;182;202;1;land;false;forest;1
2176;206;212;1;land;false;forest;1
2177;172;204;1;land;false;forest;1
2178;202;206;1;land;false;forest;1
2179;169;189;1;land;false;forest;1
2180;180;225;1;land;false;forest;1
2181;252;61;1;land;false;plains;1
2182;245;98;1;land;false;plains;1
2183;193;99;1;land;false;plains;1
2184;243;224;1;land;false;desert;1
2185;254;216;1;land;false;desert;1
2186;220;193;1;land;false;desert;1
2187;103;40;1;land;false;plains;1
2188;121;140;1;land;false;mountain;1
2189;84;178;1;land;false;hills;1
2190;115;152;1;land;false;hills;1
2191;134;204;1;land;false;mountain;1
2192;118;87;1;land;true;jungle;1
2193;131;54;1;land;false;jungle;1
2194;156;70;1;land;true;jungle;1
2195;189;53;1;land;false;jungle;1
2196;126;35;1;land;false;jungle;1
2197;179;70;1;land;false;jungle;1
2198;132;24;1;land;false;jungle;1
2199;187;208;1;land;false;plains;1
2200;178;212;1;land;false;forest;1
2201;170;210;1;land;false;plains;1
2202;136;147;1;land;false;forest;1
2203;128;212;1;land;false;plains;1
2204;137;184;1;land;false;forest;1
2205;160;188;1;land;false;forest;1
2206;134;191;1;land;false;forest;1
2207;175;152;1;land;false;forest;1
2208;142;178;1;land;false;hills;1
2209;150;162;1;land;false;forest;1
2210;151;197;1;land;false;plains;1
2211;192;148;1;land;false;forest;1
2212;125;186;1;land;false;plains;1
2213;188;198;1;land;false;mountain;1
2214;182;201;1;land;false;forest;1
2215;164;187;1;land;false;forest;1
2216;136;198;1;land;false;forest;1
2217;149;178;1;land;false;plains;1
2218;175;205;1;land;false;plains;1
2219;123;182;1;land;false;plains;1
2220;186;183;1;land;false;forest;1
2221;164;182;1;land;false;forest;1
2222;187;157;1;land;false;forest;1
2223;149;182;1;land;false;forest;1
2224;160;153;1;land;false;forest;1
2225;181;163;1;land;false;forest;1
2226;169;196;1;land;false;forest;1
2227;162;214;1;land;false;forest;1
2228;163;210;1;land;false;plains;1
2229;187;142;1;land;false;forest;1
2230;141;173;1;land;false;plains;1
2231;134;175;1;land;false;forest;1
2232;139;216;1;land;false;forest;1
2233;193;179;1;land;false;forest;1
2234;165;243;1;land;false;desert;1
2235;198;209;1;land;false;desert;1
2236;197;248;1;land;false;desert;1
2237;206;209;1;land;false;desert;1
2238;144;243;1;land;false;desert;1
2239;218;97;1;land;false;forest;1
2240;198;67;1;land;false;hills;1
2241;146;138;1;land;false;hills;1
2242;191;111;1;land;false;hills;1
2243;184;142;1;land;false;mountain;1
2244;201;116;1;land;false;hills;1
2245;219;117;1;land;false;hills;1
2246;238;30;1;land;false;forest;1
2247;186;3;1;land;false;forest;1
2248;225;16;1;land;false;forest;1
2249;241;19;1;land;false;forest;1
2250;178;14;1;land;false;forest;1
2251;176;27;1;land;false;forest;1
2252;200;125;1;land;false;desert;1
2253;184;146;1;land;false;desert;1
2254;212;116;1;land;false;desert;1
2255;230;79;1;land;false;desert;1
2256;240;105;1;land;false;desert;1
2257;249;124;1;land;false;desert;1
2258;253;128;1;land;false;desert;1
2259;204;76;1;land;false;desert;1
2260;114;249;1;land;false;jungle;1
2261;99;179;1;land;false;jungle;1
2262;119;192;1;land;false;forest;1
2263;78;254;1;land;false;jungle;1
2264;99;228;1;land;false;jungle;1
2265;64;181;1;land;false;jungle;1
2266;79;98;1;land;false;forest;1
2267;81;87;1;land;false;forest;1
2268;67;109;1;land;false;plains;1
2269;97;65;1;land;false;forest;1
2270;66;74;1;land;false;forest;1
2271;105;91;1;land;false;plains;1
2272;78;113;1;land;false;forest;1
2273;85;60;1;land;false;plains;1
2274;135;69;1;land;false;forest;1
2275;70;50;1;land;false;plains;1
2276;119;52;1;land;false;plains;1
2277;130;52;1;land;false;plains;1
2278;88;104;1;land;false;plains;1
2279;70;36;1;land;false;plains;1
2280;81;86;1;land;false;plains;1
2281;110;198;1;land;false;desert;1
2282;131;205;1;land;false;desert;1
2283;116;243;1;land;false;desert;1
2284;95;249;1;land;false;desert;1
2285;107;61;1;land;false;desert;1
2286;129;78;1;land;false;desert;1
2287;179;50;1;land;false;desert;1
2288;150;54;1;land;false;desert;1
2289;139;53;1;land;false;desert;1
2290;129;103;1;land;false;desert;1
2291;40;185;1;land;false;forest;1
2292;36;224;1;land;false;forest;1
2293;23;210;1;land;false;forest;1
2294;22;176;1;land;false;forest;1
2295;37;220;1;land;false;forest;1
2296;46;156;1;land;false;forest;1
2297;2;173;1;land;false;forest;1
2298;21;24;1;land;true;plains;1
2299;36;60;1;land;false;plains;1
2300;4;51;1;land;true;forest;1
2301;38;69;1;land;true;plains;1
2302;3;54;1;land;false;plains;1
2303;10;81;1;land;false;forest;1
2304;50;230;1;land;false;desert;1
2305;67;225;1;land;false;desert;1
2306;65;224;1;land;false;desert;1
2307;44;172;1;land;false;desert;1
2308;56;205;1;land;false;desert;1
2309;89;43;1;land;false;desert;1
2310;30;69;1;land;false;desert;1
2311;93;99;1;land;false;desert;1
2312;27;82;1;land;false;desert;1
2313;46;42;1;land;false;desert;1
2314;58;100;1;land;false;desert;1
2315;67;98;1;land;false;desert;1
2316;67;71;1;land;false;desert;1
2317;205;197;1;land;false;desert;1
2318;179;139;1;land;false;desert;1
2319;198;136;1;land;false;desert;1
2320;148;159;1;land;false;desert;1
2321;180;160;1;land;true;desert;1
2322;149;185;1;land;false;desert;1
2323;162;153;1;land;false;desert;1
2324;157;182;1;land;true;desert;1
2325;163;151;1;land;false;desert;1
2326;182;140;1;land;true;desert;1
2327;211;132;1;land;false;desert;1
2328;219;179;1;land;true;desert;1
2329;191;193;1;land;true;desert;1
2330;143;129;1;land;true;desert;1
2331;201;133;1;land;false;desert;1
2332;191;132;1;land;true;desert;1
2333;160;122;1;land;false;desert;1
2334;197;159;1;land;false;desert;1
2335;179;163;1;land;false;desert;1
2336;174;150;1;land;true;desert;1
2337;175;149;1;land;false;desert;1
2338;150;158;1;land;false;desert;1
2339;208;150;1;land;true;desert;1
2340;183;183;1;land;false;desert;1
2341;227;41;1;land;true;desert;1
2342;198;19;1;land;false;desert;1
2343;221;163;1;land;false;forest;1
2344;242;194;1;land;false;forest;1
2345;191;184;1;land;false;forest;1
2346;215;137;1;land;false;forest;1
2347;75;56;1;land;false;forest;1
2348;48;16;1;land;false;plains;1
2349;38;42;1;land;false;forest;1
2350;9;17;1;land;false;forest;1
2351;75;25;1;land;false;forest;1
2352;68;18;1;land;false;plains;1
2353;40;49;1;land;false;plains;1
2354;85;19;1;land;false;forest;1
2355;64;44;1;land;false;forest;1
2356;35;45;1;land;false;plains;1
2357;9;25;1;land;false;forest;1
2358;20;56;1;land;false;hills;1
2359;170;148;1;land;false;jungle;1
2360;186;177;1;land;false;forest;1
2361;119;172;1;land;false;forest;1
2362;172;160;1;land;false;jungle;1
2363;134;121;1;land;false;jungle;1
2364;192;181;1;land;false;jungle;1
2365;151;165;1;land;false;jungle;1
2366;151;152;1;land;false;jungle;1
2367;182;157;1;land;false;jungle;1
2368;141;155;1;land;false;jungle;1
2369;141;62;1;land;false;hills;1
2370;140;10;1;land;false;hills;1
2371;124;54;1;land;false;jungle;1
2372;26;150;1;land;true;desert;1
2373;6;165;1;land;true;desert;1
2374;34;153;1;land;true;desert;1
2375;29;133;1;land;true;desert;1
2376;214;252;1;land;false;hills;1
2377;203;241;1;land;false;forest;1
2378;249;252;1;land;false;forest;1
2379;193;243;1;land;false;forest;1
2380;251;249;1;land;false;hills;1
2381;221;252;1;land;false;forest;1
2382;249;227;1;land;false;hills;1
2383;228;226;1;land;false;forest;1
2384;211;217;1;land;false;forest;1
2385;218;247;1;land;false;hills;1
2386;198;228;1;land;false;hills;1
2387;89;120;1;land;false;hills;1
2388;73;125;1;land;false;forest;1
2389;36;87;1;land;false;forest;1
2390;98;110;1;land;false;mountain;1
2391;107;24;1;land;false;forest;1
2392;40;0;1;land;false;forest;1
2393;163;114;1;land;true;forest;1
2394;179;99;1;land;true;hills;1
2395;199;101;1;land;true;forest;1
2396;195;133;1;land;false;hills;1
2397;210;151;1;land;false;hills;1
2398;150;127;1;land;true;forest;1
2399;189;126;1;land;true;hills;1
2400;204;149;1;land;false;hills;1
2401;134;203;1;land;false;desert;1
2402;151;232;1;land;false;desert;1
2403;129;233;1;land;false;desert;1
2404;124;248;1;land;false;desert;1
2405;107;194;1;land;false;desert;1
2406;102;187;1;land;false;desert;1
2407;210;128;1;land;false;mountain;1
2408;237;197;1;land;false;jungle;1
2409;234;215;1;land;false;hills;1
2410;228;234;1;land;false;jungle;1
2411;79;62;1;land;false;desert;1
2412;72;77;1;land;false;desert;1
2413;66;67;1;land;true;desert;1
2414;124;123;1;land;false;desert;1
2415;100;111;1;land;false;desert;1
2416;67;114;1;land;true;desert;1
2417;83;60;1;land;false;desert;1
2418;64;56;1;land;true;desert;1
2419;68;188;1;land;true;desert;1
2420;83;231;1;land;true;desert;1
2421;29;175;1;land;true;desert;1
2422;47;190;1;land;false;desert;1
2423;81;174;1;land;true;desert;1
2424;47;193;1;land;true;desert;1
2425;33;219;1;land;false;desert;1
2426;41;196;1;land;true;desert;1
2427;60;193;1;land;true;desert;1
2428;60;223;1;land;true;desert;1
2429;158;87;1;land;false;hills;1
2430;201;47;1;land;false;plains;1
2431;144;46;1;land;false;plains;1
2432;151;91;1;land;false;plains;1
2433;176;236;1;land;false;mountain;1
2434;136;236;1;land;false;mountain;1
2435;169;240;1;land;false;forest;1
2436;126;211;1;land;false;mountain;1
2437;181;232;1;land;false;mountain;1
2438;153;181;1;land;false;forest;1
2439;2;47;1;land;false;mountain;1
2440;43;62;1;land;false;mountain;1
2441;15;33;1;land;false;mountain;1
2442;1;93;1;land;false;mountain;1
2443;26;56;1;land;false;mountain;1
2444;37;85;1;land;false;mountain;1
2445;41;56;1;land;false;mountain;1
2446;39;49;1;land;false;mountain;1
2447;14;48;1;land;false;mountain;1
2448;95;123;1;land;false;forest;1
2449;147;134;1;land;false;forest;1
2450;154;100;1;land;false;forest;1
2451;130;106;1;land;false;forest;1
2452;103;101;1;land;false;forest;1
2453;137;118;1;land;false;forest;1
2454;239;9;1;land;false;plains;1
2455;250;30;1;land;false;forest;1
2456;202;5;1;land;false;forest;1
2457;192;26;1;land;false;plains;1
2458;205;16;1;land;false;urban;1
2459;233;27;1;land;false;forest;1
2460;245;27;1;land;false;plains;1
2461;235;14;1;land;false;urban;1
2462;218;6;1;land;false;forest;1
2463;226;163;1;land;false;desert;1
2464;208;132;1;land;false;desert;1
2465;243;161;1;land;false;desert;1
2466;229;166;1;land;false;hills;1
2467;184;174;1;land;false;desert;1
2468;91;35;1;land;false;hills;1
2469;85;39;1;land;false;jungle;1
2470;85;33;1;land;false;jungle;1
2471;69;1;1;land;false;hills;1
2472;74;26;1;land;false;hills;1
2473;39;41;1;land;false;jungle;1
2474;96;40;1;land;false;jungle;1
2475;101;42;1;land;false;jungle;1
2476;63;20;1;land;false;hills;1
2477;20;123;1;land;false;desert;1
2478;70;140;1;land;false;desert;1
2479;72;125;1;land;false;desert;1
2480;19;109;1;land;false;desert;1
2481;65;142;1;land;false;desert;1
2482;113;228;1;land;false;desert;1
2483;135;214;1;land;false;desert;1
2484;141;247;1;land;false;desert;1
2485;123;233;1;land;false;desert;1
2486;162;244;1;land;false;desert;1
2487;133;234;1;land;false;desert;1
2488;141;248;1;land;false;desert;1
2489;149;222;1;land;false;desert;1
2490;160;124;1;land;false;forest;1
2491;147;77;1;land;false;forest;1
2492;119;130;1;land;false;plains;1
2493;147;132;1;land;false;forest;1
2494;211;194;1;land;false;forest;1
2495;242;254;1;land;false;forest;1
2496;239;193;1;land;false;forest;1
2497;219;197;1;land;false;mountain;1
2498;209;97;1;land;false;desert;1
2499;247;109;1;land;false;desert;1
2500;205;108;1;land;false;desert;1
2501;87;170;1;land;false;forest;1
2502;44;167;1;land;false;mountain;1
2503;79;224;1;land;false;forest;1
2504;39;175;1;land;false;forest;1
2505;67;224;1;land;false;forest;1
2506;73;46;1;land;false;desert;1
2507;165;204;1;land;true;forest;1
2508;151;204;1;land;true;forest;1
2509;184;224;1;land;true;forest;1
2510;120;74;1;land;false;desert;1
2511;110;66;1;land;false;desert;1
2512;142;88;1;land;false;desert;1
2513;143;45;1;land;false;desert;1
2514;220;201;1;land;true;desert;1
2515;246;150;1;land;false;desert;1
2516;229;154;1;land;true;desert;1
2517;211;137;1;land;true;desert;1
2518;242;133;1;land;true;desert;1
2519;244;80;1;land;false;plains;1
2520;201;30;1;land;false;plains;1
2521;208;20;1;land;false;plains;1
2522;223;77;1;land;false;mountain;1
2523;244;30;1;land;false;plains;1
2524;233;40;1;land;false;plains;1
2525;107;202;1;land;false;desert;1
2526;70;188;1;land;false;desert;1
2527;75;176;1;land;false;desert;1
2528;45;191;1;land;false;desert;1
2529;48;148;1;land;false;desert;1
2530;137;37;1;land;false;hills;1
2531;40;163;1;land;true;mountain;1
2532;18;177;1;land;true;desert;1
2533;36;182;1;land;true;hills;1
2534;23;157;1;land;true;mountain;1
2535;12;199;1;land;false;mountain;1
2536;44;61;1;land;false;desert;1
2537;8;93;1;land;false;desert;1
2538;118;155;1;land;false;jungle;1
2539;145;210;1;land;false;jungle;1
2540;102;163;1;land;false;jungle;1
2541;124;189;1;land;false;jungle;1
2542;145;195;1;land;false;jungle;1
2543;92;205;1;land;false;jungle;1
2544;150;224;1;land;false;jungle;1
2545;108;22;1;land;false;desert;1
2546;105;66;1;land;false;desert;1
2547;35;22;1;land;false;desert;1
2548;62;32;1;land;false;desert;1
2549;62;41;1;land;false;desert;1
2550;112;4;1;land;false;desert;1
2551;190;132;1;land;false;desert;1
2552;183;55;1;land;false;plains;1
2553;185;56;1;land;false;plains;1
2554;145;56;1;land;false;plains;1
2555;154;58;1;land;false;forest;1
2556;217;26;1;land;false;plains;1
2557;149;60;1;land;false;plains;1
2558;70;186;1;land;false;desert;1
2559;47;158;1;land;false;desert;1
2560;18;148;1;land;false;desert;1
2561;210;19;1;land;false;plains;1
2562;237;3;1;land;false;forest;1
2563;212;14;1;land;false;forest;1
2564;240;18;1;land;false;forest;1
2565;124;94;1;land;false;urban;1
2566;91;94;1;land;false;plains;1
2567;123;130;1;land;false;plains;1
2568;92;3;1;land;false;mountain;1
2569;73;33;1;land;false;mountain;1
2570;74;47;1;land;false;mountain;1
2571;189;124;1;land;false;mountain;1
2572;183;166;1;land;false;mountain;1
2573;202;120;1;land;false;mountain;1
2574;172;106;1;land;false;hills;1
2575;176;120;1;land;false;mountain;1
2576;223;158;1;land;false;mountain;1
2577;195;163;1;land;false;mountain;1
2578;144;217;1;land;false;forest;1
2579;156;232;1;land;false;forest;1
2580;128;221;1;land;false;urban;1
2581;48;111;1;land;false;desert;1
2582;48;67;1;land;false;desert;1
2583;24;61;1;land;false;desert;1
2584;4;240;1;land;false;desert;1
2585;42;225;1;land;false;desert;1
2586;50;211;1;land;false;desert;1
2587;108;89;1;land;false;forest;1
2588;137;65;1;land;false;forest;1
2589;156;123;1;land;false;forest;1
2590;148;136;1;land;false;forest;1
2591;134;131;1;land;false;forest;1
2592;220;180;1;land;false;mountain;1
2593;243;200;1;land;false;mountain;1
2594;236;155;1;land;false;mountain;1
2595;60;17;1;land;false;jungle;1
2596;83;74;1;land;false;jungle;1
2597;88;173;1;land;false;desert;1
2598;63;179;1;land;false;desert;1
2599;86;202;1;land;false;desert;1
2600;175;59;1;land;false;plains;1
2601;133;169;1;land;false;desert;1
2602;182;113;1;land;false;desert;1
2603;131;129;1;land;false;desert;1
2604;252;38;1;land;false;forest;1
2605;242;14;1;land;false;forest;1
2606;239;7;1;land;false;forest;1
2607;249;41;1;land;false;plains;1
2608;236;2;1;land;false;forest;1
2609;218;33;1;land;false;forest;1
2610;243;179;1;land;false;desert;1
2611;219;134;1;land;false;desert;1
2612;235;113;1;land;false;desert;1
2613;214;163;1;land;false;desert;1
2614;240;117;1;land;false;desert;1
2615;253;162;1;land;false;desert;1
2616;217;159;1;land;false;desert;1
2617;229;143;1;land;false;desert;1
2618;214;111;1;land;false;desert;1
2619;222;158;1;land;false;desert;1
2620;136;41;1;land;false;desert;1
2621;117;27;1;land;false;desert;1
2622;73;3;1;land;false;desert;1
2623;84;33;1;land;false;desert;1
2624;76;28;1;land;false;desert;1
2625;88;49;1;land;false;desert;1
2626;136;33;1;land;false;desert;1
2627;98;123;1;land;false;hills;1
2628;66;115;1;land;false;hills;1
2629;49;78;1;land;false;hills;1
2630;190;248;1;land;false;mountain;1
2631;167;123;1;land;false;desert;1
2632;202;101;1;land;false;desert;1
2633;181;141;1;land;false;desert;1
2634;155;78;1;land;false;desert;1
2635;35;234;1;land;false;hills;1
2636;21;251;1;land;false;forest;1
2637;21;212;1;land;false;forest;1
2638;49;208;1;land;false;plains;1
2639;51;225;1;land;false;plains;1
2640;33;239;1;land;false;forest;1
2641;16;233;1;land;false;forest;1
2642;54;201;1;land;false;forest;1
2643;25;254;1;land;false;forest;1
2644;55;231;1;land;false;forest;1
2645;25;220;1;land;false;forest;1
2646;254;75;1;land;false;desert;1
2647;250;78;1;land;false;desert;1
2648;203;52;1;land;false;desert;1
2649;238;59;1;land;false;desert;1
2650;231;79;1;land;false;desert;1
2651;203;72;1;land;false;desert;1
2652;232;87;1;land;false;desert;1
2653;252;56;1;land;false;desert;1
2654;116;204;1;land;false;plains;1
2655;60;64;1;land;false;hills;1
2656;104;119;1;land;false;hills;1
2657;117;98;1;land;false;hills;1
2658;60;56;1;land;false;forest;1
2659;111;111;1;land;false;hills;1
2660;180;228;1;land;false;hills;1
2661;208;247;1;land;false;hills;1
2662;185;220;1;land;false;hills;1
2663;225;247;1;land;false;hills;1
2664;212;177;1;land;false;hills;1
2665;192;230;1;land;false;hills;1
2666;195;210;1;land;false;hills;1
2667;42;111;1;land;false;forest;1
2668;29;111;1;land;false;forest;1
2669;141;202;1;land;false;forest;1
2670;95;77;1;land;true;desert;1
2671;127;132;1;land;true;desert;1
2672;97;69;1;land;true;desert;1
2673;102;63;1;land;true;desert;1
2674;238;199;1;land;false;forest;1
2675;189;216;1;land;false;forest;1
2676;185;186;1;land;false;plains;1
2677;237;189;1;land;false;forest;1
2678;241;227;1;land;false;forest;1
2679;237;191;1;land;false;plains;1
2680;202;84;1;land;false;desert;1
2681;27;207;1;land;false;desert;1
2682;1;214;1;land;false;desert;1
2683;73;190;1;land;true;desert;1
2684;57;225;1;land;false;desert;1
2685;51;162;1;land;false;desert;1
2686;76;165;1;land;false;desert;1
2687;25;174;1;land;false;desert;1
2688;49;161;1;land;false;desert;1
2689;69;176;1;land;false;desert;1
2690;72;220;1;land;false;desert;1
2691;52;208;1;land;false;desert;1
2692;50;50;1;land;false;desert;1
2693;23;65;1;land;false;desert;1
2694;49;95;1;land;false;desert;1
2695;51;62;1;land;false;desert;1
2696;69;93;1;land;false;desert;1
2697;125;178;1;land;false;forest;1
2698;134;167;1;land;false;forest;1
2699;106;8;1;land;false;forest;1
2700;98;76;1;land;false;forest;1
2701;82;38;1;land;false;jungle;1
2702;131;70;1;land;false;forest;1
2703;75;43;1;land;false;forest;1
2704;143;31;1;land;false;jungle;1
2705;111;17;1;land;false;hills;1
2706;142;20;1;land;false;hills;1
2707;137;59;1;land;false;forest;1
2708;89;79;1;land;false;hills;1
2709;96;78;1;land;false;forest;1
2710;217;172;1;land;false;desert;1
2711;210;179;1;land;false;desert;1
2712;231;178;1;land;false;desert;1
2713;225;46;1;land;false;desert;1
2714;190;40;1;land;false;desert;1
2715;224;75;1;land;false;desert;1
2716;181;77;1;land;false;desert;1
2717;78;178;1;land;false;forest;1
2718;72;194;1;land;false;mountain;1
2719;93;141;1;land;false;mountain;1
2720;56;160;1;land;false;mountain;1
2721;62;179;1;land;false;forest;1
2722;94;165;1;land;false;forest;1
2723;8;27;1;land;false;hills;1
2724;47;54;1;land;false;hills;1
2725;41;31;1;land;false;forest;1
2726;46;18;1;land;false;hills;1
2727;42;31;1;land;false;forest;1
2728;28;9;1;land;false;hills;1
2729;54;32;1;land;false;hills;1
2730;20;3;1;land;false;hills;1
2731;121;97;1;land;true;plains;1
2732;123;153;1;land;false;forest;1
2733;168;154;1;land;false;forest;1
2734;153;146;1;land;false;forest;1
2735;131;122;1;land;false;forest;1
2736;139;166;1;land;true;plains;1
2737;148;123;1;land;false;urban;1
2738;145;147;1;land;false;forest;1
2739;162;98;1;land;false;desert;1
2740;126;23;1;land;false;jungle;1
2741;124;7;1;land;false;jungle;1
2742;105;55;1;land;false;jungle;1
2743;119;13;1;land;false;jungle;1
2744;110;1;1;land;false;hills;1
2745;164;38;1;land;false;hills;1
2746;120;3;1;land;false;jungle;1
2747;110;19;1;land;false;jungle;1
2748;216;136;1;land;false;desert;1
2749;209;151;1;land;true;desert;1
2750;240;139;1;land;true;desert;1
2751;242;145;1;land;true;desert;1
2752;52;228;1;land;false;desert;1
2753;75;243;1;land;false;desert;1
2754;106;177;1;land;false;desert;1
2755;107;167;1;land;false;desert;1
2756;231;83;1;land;true;mountain;1
2757;224;212;1;land;false;hills;1
2758;165;192;1;land;false;forest;1
2759;170;213;1;land;true;forest;1
2760;176;176;1;land;false;forest;1
2761;225;173;1;land;false;forest;1
2762;149;179;1;land;false;forest;1
2763;210;237;1;land;false;forest;1
2764;35;103;1;land;false;desert;1
2765;34;93;1;land;false;desert;1
2766;72;38;1;land;false;desert;1
2767;22;200;1;land;false;mountain;1
2768;0;160;1;land;false;hills;1
2769;35;167;1;land;true;hills;1
2770;17;157;1;land;false;mountain;1
2771;33;198;1;land;true;forest;1
2772;33;191;1;land;true;forest;1
2773;0;202;1;land;false;mountain;1
2774;21;201;1;land;false;hills;1
2775;22;179;1;land;false;forest;1
2776;25;163;1;land;false;forest;1
2777;27;197;1;land;false;plains;1
2778;20;179;1;land;false;hills;1
2779;2;167;1;land;true;plains;1
2780;12;149;1;land;true;mountain;1
2781;9;158;1;land;false;plains;1
2782;6;144;1;land;false;forest;1
2783;11;193;1;land;false;hills;1
2784;82;76;1;land;false;hills;1
2785;132;52;1;land;false;hills;1
2786;122;77;1;land;false;hills;1
2787;93;50;1;land;false;hills;1
2788;95;16;1;land;false;hills;1
2789;131;7;1;land;false;hills;1
2790;77;144;1;land;false;desert;1
2791;118;159;1;land;false;desert;1
2792;69;194;1;land;false;desert;1
2793;140;194;1;land;false;desert;1
2794;133;178;1;land;false;desert;1
2795;115;196;1;land;false;desert;1
2796;178;73;1;land;false;forest;1
2797;181;73;1;land;false;forest;1
2798;181;22;1;land;false;mountain;1
2799;207;16;1;land;false;forest;1
2800;218;79;1;land;false;forest;1
2801;176;81;1;land;false;mountain;1
2802;249;27;1;land;false;forest;1
2803;211;68;1;land;false;forest;1
2804;185;127;1;land;false;forest;1
2805;177;175;1;land;false;plains;1
2806;195;130;1;land;false;hills;1
2807;138;140;1;land;false;forest;1
2808;182;153;1;land;false;forest;1
2809;147;173;1;land;false;hills;1
2810;187;148;1;land;false;hills;1
2811;146;166;1;land;false;forest;1
2812;6;17;1;land;true;forest;1
2813;18;11;1;land;false;forest;1
2814;17;33;1;land;true;forest;1
2815;13;2;1;land;true;plains;1
2816;13;5;1;land;false;forest;1
2817;23;16;1;land;true;forest;1
2818;3;172;1;land;false;forest;1
2819;16;128;1;land;false;jungle;1
2820;54;125;1;land;false;forest;1
2821;53;181;1;land;false;jungle;1
2822;36;118;1;land;false;forest;1
2823;129;27;1;land;true;plains;1
2824;127;19;1;land;false;forest;1
2825;158;44;1;land;true;forest;1
2826;128;42;1;land;true;forest;1
2827;159;50;1;land;false;forest;1
2828;103;37;1;land;true;forest;1
2829;107;40;1;land;true;forest;1
2830;76;128;1;land;false;hills;1
2831;204;206;1;land;false;plains;1
2832;213;219;1;land;false;desert;1
2833;219;247;1;land;false;mountain;1
2834;232;254;1;land;false;desert;1
2835;216;216;1;land;false;plains;1
2836;194;248;1;land;false;plains;1
2837;181;243;1;land;false;desert;1
2838;222;101;1;land;false;forest;1
2839;164;134;1;land;false;forest;1
2840;185;124;1;land;false;forest;1
2841;89;229;1;land;false;desert;1
2842;78;236;1;land;false;desert;1
2843;15;240;1;land;false;desert;1
2844;25;233;1;land;false;desert;1
2845;29;210;1;land;false;desert;1
2846;32;244;1;land;false;desert;1
2847;31;242;1;land;false;desert;1
2848;35;217;1;land;false;desert;1
2849;28;242;1;land;false;desert;1
2850;57;210;1;land;false;desert;1
2851;159;150;1;land;false;forest;1
2852;133;162;1;land;false;forest;1
2853;86;97;1;land;false;forest;1
2854;123;160;1;land;false;mountain;1
2855;108;154;1;land;false;forest;1
2856;109;128;1;land;false;forest;1
2857;244;243;1;land;false;desert;1
2858;202;248;1;land;false;desert;1
2859;242;232;1;land;false;desert;1
2860;201;229;1;land;false;desert;1
2861;249;247;1;land;false;desert;1
2862;219;228;1;land;false;desert;1
2863;210;234;1;land;false;desert;1
2864;236;237;1;land;false;desert;1
2865;195;233;1;land;false;desert;1
2866;225;244;1;land;false;desert;1
2867;214;254;1;land;false;desert;1
2868;197;252;1;land;false;desert;1
2869;251;218;1;land;false;desert;1
2870;211;229;1;land;false;desert;1
2871;226;236;1;land;false;desert;1
2872;243;147;1;land;false;forest;1
2873;234;126;1;land;true;mountain;1
2874;192;160;1;land;true;forest;1
2875;207;102;1;land;false;mountain;1
2876;84;20;1;land;false;plains;1
2877;45;10;1;land;false;plains;1
2878;100;30;1;land;false;plains;1
2879;101;22;1;land;false;plains;1
2880;110;27;1;land;false;plains;1
2881;76;7;1;land;false;plains;1
2882;58;137;1;land;true;jungle;1
2883;23;111;1;land;true;jungle;1
2884;13;127;1;land;false;jungle;1
2885;9;72;1;land;true;jungle;1
2886;38;79;1;land;false;jungle;1
2887;119;215;1;land;false;desert;1
2888;117;240;1;land;false;desert;1
2889;149;138;1;land;false;desert;1
2890;147;92;1;land;false;desert;1
2891;125;108;1;land;false;desert;1
2892;136;102;1;land;false;desert;1
2893;163;128;1;land;false;desert;1
2894;118;96;1;land;false;desert;1
2895;117;116;1;land;false;desert;1
2896;159;138;1;land;false;desert;1
2897;144;130;1;land;false;desert;1
2898;183;102;1;land;false;desert;1
2899;128;120;1;land;false;desert;1
2900;155;100;1;land;false;desert;1
2901;242;199;1;land;false;hills;1
2902;213;195;1;land;false;hills;1
2903;252;225;1;land;false;hills;1
2904;250;237;1;land;false;mountain;1
2905;227;219;1;land;false;mountain;1
2906;247;207;1;land;false;hills;1
2907;245;238;1;land;false;mountain;1
2908;249;199;1;land;false;hills;1
2909;219;75;1;land;false;desert;1
2910;181;41;1;land;false;desert;1
2911;249;112;1;land;false;desert;1
2912;203;81;1;land;false;desert;1
2913;33;218;1;land;false;desert;1
2914;86;195;1;land;false;desert;1
2915;98;222;1;land;false;desert;1
2916;91;119;1;land;false;forest;1
2917;54;69;1;land;false;forest;1
2918;31;108;1;land;false;forest;1
2919;197;189;1;land;false;forest;1
2920;178;222;1;land;false;forest;1
2921;201;216;1;land;false;forest;1
2922;151;66;1;land;false;hills;1
2923;155;34;1;land;false;desert;1
2924;118;39;1;land;true;desert;1
2925;141;14;1;land;false;desert;1
2926;124;60;1;land;false;desert;1
2927;164;32;1;land;true;desert;1
2928;144;31;1;land;true;desert;1
2929;123;24;1;land;false;desert;1
2930;132;43;1;land;false;desert;1
2931;151;52;1;land;false;desert;1
2932;251;194;1;land;false;desert;1
2933;210;195;1;land;false;desert;1
2934;201;158;1;land;false;desert;1
2935;224;35;1;land;false;plains;1
2936;85;170;1;land;false;desert;1
2937;70;147;1;land;false;desert;1
2938;69;154;1;land;true;desert;1
2939;67;172;1;land;false;desert;1
2940;173;222;1;land;false;forest;1
2941;194;213;1;land;false;forest;1
2942;177;230;1;land;false;forest;1
2943;190;234;1;land;false;forest;1
2944;228;247;1;land;false;forest;1
2945;41;110;1;land;true;desert;1
2946;41;70;1;land;true;desert;1
2947;85;113;1;land;true;desert;1
2948;37;140;1;land;true;desert;1
2949;79;214;1;land;false;hills;1
2950;34;251;1;land;false;hills;1
2951;76;209;1;land;false;forest;1
2952;76;218;1;land;false;plains;1
2953;60;230;1;land;false;hills;1
2954;48;223;1;land;false;forest;1
2955;54;231;1;land;false;forest;1
2956;58;238;1;land;false;forest;1
2957;14;230;1;land;false;forest;1
2958;34;250;1;land;false;forest;1
2959;19;233;1;land;false;forest;1
2960;36;236;1;land;false;hills;1
2961;71;249;1;land;false;plains;1
2962;43;244;1;land;false;forest;1
2963;36;228;1;land;false;forest;1
2964;170;85;1;land;false;plains;1
2965;116;116;1;land;false;mountain;1
2966;191;73;1;land;false;plains;1
2967;172;109;1;land;false;forest;1
2968;181;83;1;land;false;hills;1
2969;182;80;1;land;false;forest;1
2970;126;189;1;land;false;plains;1
2971;110;177;1;land;false;hills;1
2972;84;223;1;land;false;hills;1
2973;200;91;1;land;false;forest;1
2974;237;49;1;land;false;plains;1
2975;246;46;1;land;false;forest;1
2976;236;71;1;land;false;forest;1
2977;241;71;1;land;false;forest;1
2978;234;114;1;land;false;forest;1
2979;224;50;1;land;false;forest;1
2980;252;119;1;land;false;forest;1
2981;199;76;1;land;false;forest;1
2982;230;216;1;land;false;plains;1
2983;184;200;1;land;false;forest;1
2984;182;196;1;land;false;forest;1
2985;40;106;1;land;false;plains;1
2986;61;113;1;land;false;plains;1
2987;59;123;1;land;false;plains;1
2988;88;74;1;land;false;forest;1
2989;43;45;1;land;false;forest;1
2990;16;215;1;land;false;desert;1
2991;37;197;1;land;false;desert;1
2992;35;222;1;land;false;desert;1
2993;60;156;1;land;false;desert;1
2994;17;174;1;land;false;desert;1
2995;38;156;1;land;false;desert;1
2996;27;162;1;land;false;desert;1
2997;173;25;1;land;false;forest;1
2998;149;194;1;land;true;forest;1
2999;112;165;1;land;true;plains;1
3000;249;94;1;land;false;hills;1
3001;213;54;1;land;false;mountain;1
3002;239;70;1;land;false;hills;1
3003;178;193;1;land;false;desert;1
3004;187;136;1;land;false;desert;1
3005;212;188;1;land;false;desert;1
3006;195;143;1;land;false;desert;1
3007;177;169;1;land;false;desert;1
3008;183;122;1;land;false;desert;1
3009;242;144;1;land;false;desert;1
3010;170;164;1;land;false;desert;1
3011;225;165;1;land;false;desert;1
3012;244;187;1;land;false;desert;1
3013;240;189;1;land;false;desert;1
3014;42;33;1;land;false;desert;1
3015;57;23;1;land;false;desert;1
3016;24;26;1;land;false;desert;1
3017;75;30;1;land;false;desert;1
3018;72;29;1;land;false;desert;1
3019;67;52;1;land;false;desert;1
3020;85;191;1;land;false;plains;1
3021;18;128;1;land;false;hills;1
3022;93;127;1;land;false;plains;1
3023;35;125;1;land;false;plains;1
3024;37;142;1;land;false;plains;1
3025;40;153;1;land;false;plains;1
3026;93;187;1;land;false;plains;1
3027;62;175;1;land;false;hills;1
3028;42;202;1;land;false;plains;1
3029;76;199;1;land;false;mountain;1
3030;77;159;1;land;false;forest;1
3031;143;8;1;land;false;urban;1
3032;144;13;1;land;false;urban;1
3033;196;6;1;land;false;forest;1
3034;155;37;1;land;false;urban;1
3035;201;68;1;land;false;forest;1
3036;62;14;1;land;false;plains;1
3037;91;42;1;land;false;forest;1
3038;78;31;1;land;false;plains;1
3039;101;26;1;land;false;forest;1
3040;84;42;1;land;false;urban;1
3041;41;7;1;land;false;plains;1
3042;79;64;1;land;false;plains;1
3043;107;45;1;land;false;forest;1
3044;37;52;1;land;false;plains;1
3045;107;1;1;land;false;plains;1
3046;53;31;1;land;false;plains;1
3047;49;13;1;land;false;plains;1
3048;53;49;1;land;false;plains;1
3049;105;5;1;land;false;plains;1
3050;80;41;1;land;false;forest;1
3051;87;16;1;land;false;plains;1
3052;44;23;1;land;false;plains;1
3053;197;135;1;land;false;plains;1
3054;176;173;1;land;false;plains;1
3055;148;14;1;land;false;desert;1
3056;152;29;1;land;false;desert;1
3057;198;41;1;land;false;desert;1
3058;164;7;1;land;false;desert;1
3059;180;68;1;land;false;desert;1
3060;161;3;1;land;false;desert;1
3061;154;26;1;land;false;desert;1
3062;28;156;1;land;true;mountain;1
3063;25;162;1;land;true;mountain;1
3064;60;110;1;land;true;mountain;1
3065;206;241;1;land;false;desert;1
3066;242;226;1;land;false;desert;1
3067;253;228;1;land;false;desert;1
3068;227;241;1;land;false;desert;1
3069;80;109;1;land;false;desert;1
3070;123;81;1;land;false;desert;1
3071;89;90;1;land;false;desert;1
3072;66;92;1;land;false;desert;1
3073;127;134;1;land;false;desert;1
3074;89;18;1;land;true;forest;1
3075;118;17;1;land;true;hills;1
3076;89;1;1;land;true;urban;1
3077;63;13;1;land;true;hills;1
3078;109;11;1;land;false;forest;1
3079;213;150;1;land;false;desert;1
3080;207;99;1;land;false;desert;1
3081;174;112;1;land;false;desert;1
3082;228;158;1;land;false;desert;1
3083;209;144;1;land;false;desert;1
3084;163;137;1;land;false;desert;1
3085;175;130;1;land;false;desert;1
3086;188;109;1;land;false;desert;1
3087;172;112;1;land;false;desert;1
3088;231;158;1;land;false;desert;1
3089;188;234;1;land;false;plains;1
3090;136;216;1;land;false;plains;1
3091;199;216;1;land;false;plains;1
3092;196;232;1;land;false;plains;1
3093;1;121;1;land;true;desert;1
3094;40;201;1;land;false;plains;1
3095;43;202;1;land;false;plains;1
3096;22;236;1;land;false;mountain;1
3097;43;218;1;land;false;desert;1
3098;10;204;1;land;false;plains;1
3099;5;213;1;land;false;mountain;1
3100;20;238;1;land;false;mountain;1
3101;47;220;1;land;false;forest;1
3102;23;207;1;land;false;mountain;1
3103;1;194;1;land;false;desert;1
3104;32;252;1;land;false;plains;1
3105;1;201;1;land;false;mountain;1
3106;106;79;1;land;false;hills;1
3107;133;92;1;land;false;forest;1
3108;136;129;1;land;false;plains;1
3109;109;93;1;land;false;hills;1
3110;92;97;1;land;false;plains;1
3111;94;56;1;land;false;forest;1
3112;52;203;1;land;false;desert;1
3113;115;227;1;land;false;desert;1
3114;81;236;1;land;true;desert;1
3115;51;231;1;land;true;desert;1
3116;101;173;1;land;false;desert;1
3117;117;173;1;land;false;desert;1
3118;63;225;1;land;true;desert;1
3119;154;27;1;land;false;mountain;1
3120;180;99;1;land;false;forest;1
3121;224;96;1;land;false;forest;1
3122;208;198;1;land;false;desert;1
3123;173;169;1;land;false;desert;1
3124;197;195;1;land;false;desert;1
3125;178;196;1;land;false;desert;1
3126;169;198;1;land;false;desert;1
3127;146;175;1;land;false;desert;1
3128;207;175;1;land;false;desert;1
3129;206;234;1;land;false;desert;1
3130;216;213;1;land;false;desert;1
3131;146;237;1;land;false;desert;1
3132;68;95;1;land;false;plains;1
3133;43;83;1;land;false;plains;1
3134;15;68;1;land;false;plains;1
3135;3;82;1;land;false;plains;1
3136;72;61;1;land;false;plains;1
3137;63;49;1;land;false;forest;1
3138;126;125;1;land;true;desert;1
3139;120;141;1;land;true;desert;1
3140;246;3;1;land;false;desert;1
3141;252;25;1;land;false;desert;1
3142;217;3;1;land;false;desert;1
3143;243;7;1;land;false;desert;1
3144;218;12;1;land;false;desert;1
3145;228;34;1;land;false;desert;1
3146;238;24;1;land;false;desert;1
3147;250;27;1;land;false;desert;1
3148;244;9;1;land;false;desert;1
3149;230;39;1;land;false;desert;1
3150;214;8;1;land;false;desert;1
3151;229;32;1;land;false;desert;1
3152;245;2;1;land;false;desert;1
3153;229;27;1;land;false;desert;1
3154;252;129;1;land;false;forest;1
3155;250;161;1;land;false;plains;1
3156;253;144;1;land;false;forest;1
3157;228;159;1;land;false;hills;1
3158;234;172;1;land;false;mountain;1
3159;211;150;1;land;false;forest;1
3160;66;11;1;land;true;forest;1
3161;111;25;1;land;true;mountain;1
3162;123;0;1;land;true;forest;1
3163;102;32;1;land;true;forest;1
3164;69;32;1;land;false;mountain;1
3165;120;33;1;land;false;forest;1
3166;56;89;1;land;false;forest;1
3167;69;75;1;land;true;plains;1
3168;55;121;1;land;false;plains;1
3169;36;106;1;land;false;forest;1
3170;192;239;1;land;true;forest;1
3171;127;225;1;land;true;forest;1
3172;186;76;1;land;true;desert;1
3173;168;120;1;land;true;desert;1
3174;144;118;1;land;true;desert;1
3175;182;146;1;land;true;desert;1
3176;186;127;1;land;true;desert;1
3177;41;209;1;land;false;plains;1
3178;10;205;1;land;false;plains;1
3179;24;214;1;land;false;plains;1
3180;38;206;1;land;false;plains;1
3181;51;193;1;land;false;plains;1
3182;53;193;1;land;false;plains;1
3183;48;200;1;land;false;plains;1
3184;54;229;1;land;false;plains;1
3185;52;216;1;land;false;plains;1
3186;31;245;1;land;false;plains;1
3187;202;71;1;land;false;plains;1
3188;218;63;1;land;false;plains;1
3189;224;99;1;land;false;plains;1
3190;196;59;1;land;false;plains;1
3191;86;164;1;land;false;desert;1
3192;106;172;1;land;false;desert;1
3193;50;215;1;land;false;desert;1
3194;57;52;1;land;false;forest;1
3195;176;188;1;land;false;jungle;1
3196;181;196;1;land;false;jungle;1
3197;167;205;1;land;false;jungle;1
3198;158;210;1;land;false;jungle;1
3199;158;202;1;land;false;jungle;1
3200;217;244;1;land;false;jungle;1
3201;190;189;1;land;false;jungle;1
3202;206;229;1;land;false;jungle;1
3203;166;47;1;land;false;desert;1
3204;159;31;1;land;true;desert;1
3205;164;42;1;land;false;desert;1
3206;145;64;1;land;true;desert;1
3207;146;48;1;land;false;desert;1
3208;0;208;1;land;true;desert;1
3209;25;207;1;land;false;desert;1
3210;0;48;1;land;false;forest;1
3211;22;73;1;land;false;forest;1
3212;17;86;1;land;false;forest;1
3213;144;172;1;land;false;hills;1
3214;88;190;1;land;false;desert;1
3215;105;166;1;land;false;hills;1
3216;87;192;1;land;false;desert;1
3217;144;151;1;land;false;hills;1
3218;116;208;1;land;false;desert;1
3219;144;207;1;land;false;desert;1
3220;121;185;1;land;false;hills;1
3221;143;138;1;land;true;desert;1
3222;112;176;1;land;false;jungle;1
3223;122;206;1;land;false;desert;1
3224;95;147;1;land;false;desert;1
3225;130;211;1;land;true;desert;1
3226;133;182;1;land;false;desert;1
3227;112;187;1;land;false;jungle;1
3228;113;205;1;land;false;desert;1
3229;189;25;1;land;false;jungle;1
3230;151;36;1;land;false;hills;1
3231;154;93;1;land;false;hills;1
3232;152;94;1;land;false;hills;1
3233;173;62;1;land;false;hills;1
3234;160;61;1;land;false;jungle;1
3235;175;77;1;land;false;jungle;1
3236;163;35;1;land;false;jungle;1
3237;194;71;1;land;false;hills;1
3238;18;220;1;land;false;hills;1
3239;32;217;1;land;false;hills;1
3240;61;167;1;land;false;hills;1
3241;2;217;1;land;false;urban;1
3242;17;100;1;land;false;desert;1
3243;26;54;1;land;false;desert;1
3244;51;70;1;land;false;desert;1
3245;63;82;1;land;false;desert;1
3246;117;169;1;land;false;desert;1
3247;102;216;1;land;false;desert;1
3248;111;223;1;land;false;desert;1
3249;164;218;1;land;false;desert;1
3250;75;50;1;land;false;forest;1
3251;98;35;1;land;false;plains;1
3252;59;12;1;land;false;plains;1
3253;225;169;1;land;false;desert;1
3254;233;151;1;land;false;desert;1
3255;241;154;1;land;false;desert;1
3256;180;118;1;land;false;desert;1
3257;171;174;1;land;false;desert;1
3258;192;124;1;land;false;desert;1
3259;228;195;1;land;false;desert;1
3260;195;48;1;land;false;desert;1
3261;218;77;1;land;false;desert;1
3262;221;50;1;land;false;desert;1
3263;57;190;1;land;false;desert;1
3264;88;182;1;land;true;desert;1
3265;41;133;1;land;false;desert;1
3266;50;37;1;land;false;desert;1
3267;19;24;1;land;false;desert;1
3268;160;147;1;land;false;hills;1
3269;111;145;1;land;true;hills;1
3270;122;146;1;land;true;hills;1
3271;84;30;1;land;true;plains;1
3272;156;16;1;land;true;forest;1
3273;153;11;1;land;false;plains;1
3274;129;15;1;land;false;mountain;1
3275;106;10;1;land;true;plains;1
3276;100;37;1;land;true;plains;1
3277;224;128;1;land;false;forest;1
3278;207;153;1;land;false;forest;1
3279;230;159;1;land;false;hills;1
3280;250;142;1;land;false;hills;1
3281;193;94;1;land;false;hills;1
3282;229;126;1;land;false;mountain;1
3283;252;103;1;land;false;forest;1
3284;197;102;1;land;false;hills;1
3285;207;227;1;land;true;desert;1
3286;155;221;1;land;false;desert;1
3287;179;203;1;land;true;desert;1
3288;192;242;1;land;false;desert;1
3289;62;69;1;land;false;desert;1
3290;61;81;1;land;true;mountain;1
3291;61;87;1;land;false;desert;1
3292;20;79;1;land;true;desert;1
3293;51;206;1;land;false;hills;1
3294;36;209;1;land;false;forest;1
3295;17;208;1;land;false;forest;1
3296;65;247;1;land;false;forest;1
3297;40;206;1;land;false;forest;1
3298;35;249;1;land;false;forest;1
3299;21;233;1;land;false;hills;1
3300;36;235;1;land;false;hills;1
3301;53;215;1;land;false;forest;1
3302;62;228;1;land;false;marsh;1
3303;146;84;1;land;false;desert;1
3304;113;74;1;land;false;desert;1
3305;185;71;1;land;false;desert;1
3306;123;94;1;land;false;desert;1
3307;130;114;1;land;false;desert;1
3308;156;77;1;land;false;urban;1
3309;174;103;1;land;false;desert;1
3310;148;139;1;land;false;urban;1
3311;136;69;1;land;false;desert;1
3312;145;77;1;land;false;desert;1
3313;244;192;1;land;false;plains;1
3314;225;187;1;land;false;forest;1
3315;237;209;1;land;false;mountain;1
3316;236;190;1;land;false;forest;1
3317;236;172;1;land;false;forest;1
3318;135;30;1;land;false;plains;1
3319;142;22;1;land;false;plains;1
3320;111;18;1;land;true;desert;1
3321;130;50;1;land;false;desert;1
3322;137;39;1;land;false;desert;1
3323;74;37;1;land;false;desert;1
3324;83;50;1;land;false;desert;1
3325;133;69;1;land;false;desert;1
3326;122;58;1;land;true;desert;1
3327;100;56;1;land;false;desert;1
3328;65;70;1;land;false;desert;1
3329;98;181;1;land;false;forest;1
3330;111;135;1;land;false;forest;1
3331;107;208;1;land;false;forest;1
3332;96;139;1;land;false;forest;1
3333;78;145;1;land;false;forest;1
3334;137;211;1;land;false;forest;1
3335;172;46;1;land;false;desert;1
3336;220;26;1;land;false;desert;1
3337;206;12;1;land;false;desert;1
3338;192;62;1;land;false;desert;1
3339;183;5;1;land;false;desert;1
3340;191;34;1;land;false;desert;1
3341;157;165;1;land;false;forest;1
3342;167;114;1;land;false;mountain;1
3343;162;126;1;land;false;hills;1
3344;205;118;1;land;false;forest;1
3345;196;158;1;land;false;forest;1
3346;136;162;1;land;false;forest;1
3347;201;141;1;land;false;plains;1
3348;185;111;1;land;false;plains;1
3349;181;123;1;land;false;forest;1
3350;155;134;1;land;false;plains;1
3351;140;158;1;land;false;forest;1
3352;203;165;1;land;false;forest;1
3353;175;143;1;land;false;forest;1
3354;178;127;1;land;false;mountain;1
3355;143;167;1;land;false;forest;1
3356;140;176;1;land;false;forest;1
3357;160;114;1;land;false;mountain;1
3358;162;127;1;land;false;hills;1
3359;170;125;1;land;false;forest;1
3360;186;147;1;land;false;mountain;1
3361;142;149;1;land;false;forest;1
3362;153;118;1;land;false;forest;1
3363;148;121;1;land;false;forest;1
3364;153;159;1;land;false;mountain;1
3365;184;125;1;land;false;mountain;1
3366;206;178;1;land;false;forest;1
3367;168;163;1;land;false;forest;1
3368;199;164;1;land;false;mountain;1
3369;198;165;1;land;false;forest;1
3370;199;166;1;land;false;hills;1
3371;185;155;1;land;false;plains;1
3372;198;175;1;land;false;plains;1
3373;199;158;1;land;false;plains;1
3374;154;138;1;land;false;plains;1
3375;143;117;1;land;false;hills;1
3376;197;160;1;land;false;mountain;1
3377;50;17;1;land;false;mountain;1
3378;5;30;1;land;false;marsh;1
3379;30;23;1;land;false;marsh;1
3380;52;23;1;land;false;marsh;1
3381;62;25;1;land;false;marsh;1
3382;55;46;1;land;false;marsh;1
3383;35;26;1;land;false;mountain;1
3384;5;21;1;land;false;mountain;1
3385;9;20;1;land;false;marsh;1
3386;19;39;1;land;false;marsh;1
3387;58;42;1;land;false;marsh;1
3388;59;151;1;land;false;jungle;1
3389;31;128;1;land;false;jungle;1
3390;38;167;1;land;false;hills;1
3391;164;18;1;land;false;mountain;1
3392;124;122;1;land;false;mountain;1
3393;79;131;1;land;false;hills;1
3394;65;123;1;land;false;hills;1
3395;68;93;1;land;false;hills;1
3396;113;109;1;land;false;hills;1
3397;220;235;1;land;false;desert;1
3398;227;231;1;land;false;desert;1
3399;160;146;1;land;false;jungle;1
3400;231;153;1;land;false;forest;1
3401;184;119;1;land;false;jungle;1
3402;206;137;1;land;false;jungle;1
3403;192;138;1;land;false;jungle;1
3404;223;93;1;land;false;jungle;1
3405;188;84;1;land;false;forest;1
3406;190;116;1;land;false;jungle;1
3407;27;250;1;land;false;forest;1
3408;23;232;1;land;false;forest;1
3409;62;227;1;land;false;plains;1
3410;55;207;1;land;false;urban;1
3411;0;51;1;land;false;forest;1
3412;32;66;1;land;false;forest;1
3413;7;59;1;land;false;desert;1
3414;110;233;1;land;false;desert;1
3415;127;172;1;land;false;desert;1
3416;136;171;1;land;false;desert;1
3417;120;173;1;land;false;desert;1
3418;130;218;1;land;false;desert;1
3419;112;191;1;land;false;desert;1
3420;88;238;1;land;false;desert;1
3421;116;220;1;land;false;desert;1
3422;113;196;1;land;false;desert;1
3423;115;244;1;land;false;desert;1
3424;148;173;1;land;false;desert;1
3425;115;224;1;land;false;desert;1
3426;107;195;1;land;false;desert;1
3427;142;60;1;land;false;desert;1
3428;81;127;1;land;false;desert;1
3429;96;88;1;land;false;desert;1
3430;113;95;1;land;false;desert;1
3431;76;59;1;land;false;desert;1
3432;108;59;1;land;false;desert;1
3433;95;75;1;land;false;desert;1
3434;132;84;1;land;false;desert;1
3435;112;84;1;land;false;desert;1
3436;251;183;1;land;false;forest;1
3437;226;226;1;land;false;plains;1
3438;221;230;1;land;false;plains;1
3439;184;211;1;land;false;plains;1
3440;180;231;1;land;false;plains;1
3441;1;103;1;land;false;plains;1
3442;159;185;1;land;false;plains;1
3443;177;220;1;land;false;desert;1
3444;114;122;1;land;true;desert;1
3445;105;126;1;land;false;desert;1
3446;173;102;1;land;false;desert;1
3447;109;102;1;land;true;desert;1
3448;247;188;1;land;false;plains;1
3449;252;223;1;land;false;plains;1
3450;208;232;1;land;false;plains;1
3451;228;185;1;land;false;forest;1
3452;226;203;1;land;false;forest;1
3453;193;63;1;land;true;desert;1
3454;182;105;1;land;true;desert;1
3455;180;85;1;land;false;desert;1
3456;221;87;1;land;false;desert;1
3457;204;79;1;land;true;desert;1
3458;80;193;1;land;false;desert;1
3459;86;174;1;land;false;desert;1
3460;33;167;1;land;false;desert;1
3461;32;178;1;land;false;desert;1
3462;46;94;1;land;false;forest;1
3463;75;65;1;land;false;hills;1
3464;83;65;1;land;false;hills;1
3465;78;76;1;land;false;hills;1
3466;22;39;1;land;false;jungle;1
3467;87;51;1;land;false;mountain;1
3468;91;96;1;land;false;hills;1
3469;86;61;1;land;false;forest;1
3470;140;155;1;land;false;desert;1
3471;159;195;1;land;true;desert;1
3472;172;197;1;land;true;desert;1
3473;154;20;1;land;false;desert;1
3474;125;73;1;land;false;plains;1
3475;158;25;1;land;false;plains;1
3476;158;22;1;land;false;desert;1
3477;147;28;1;land;false;plains;1
3478;96;80;1;land;false;plains;1
3479;98;14;1;land;false;plains;1
3480;101;21;1;land;false;plains;1
3481;127;36;1;land;false;plains;1
3482;248;142;1;land;true;desert;1
3483;235;134;1;land;true;desert;1
3484;226;173;1;land;true;desert;1
3485;231;36;1;land;false;hills;1
3486;199;30;1;land;false;forest;1
3487;213;25;1;land;true;forest;1
3488;230;61;1;land;true;forest;1
3489;221;81;1;land;false;forest;1
3490;254;32;1;land;false;forest;1
3491;195;79;1;land;true;forest;1
3492;239;60;1;land;false;hills;1
3493;201;76;1;land;false;forest;1
3494;199;39;1;land;true;forest;1
3495;248;18;1;land;false;forest;1
3496;98;194;1;land;false;desert;1
3497;68;20;1;land;false;hills;1
3498;33;50;1;land;false;plains;1
3499;71;52;1;land;false;hills;1
3500;140;124;1;land;false;plains;1
3501;188;164;1;land;false;mountain;1
3502;184;108;1;land;false;plains;1
3503;163;3;1;land;false;urban;1
3504;116;50;1;land;false;hills;1
3505;146;11;1;land;false;hills;1
3506;111;45;1;land;false;hills;1
3507;158;30;1;land;false;hills;1
3508;169;47;1;land;false;forest;1
3509;39;140;1;land;false;desert;1
3510;20;103;1;land;false;desert;1
3511;23;165;1;land;false;desert;1
3512;8;126;1;land;false;desert;1
3513;30;156;1;land;false;desert;1
3514;35;121;1;land;false;desert;1
3515;23;100;1;land;false;desert;1
3516;10;116;1;land;false;desert;1
3517;128;180;1;land;false;jungle;1
3518;85;223;1;land;false;desert;1
3519;95;225;1;land;false;jungle;1
3520;132;208;1;land;false;jungle;1
3521;140;224;1;land;false;jungle;1
3522;111;175;1;land;false;forest;1
3523;76;192;1;land;false;forest;1
3524;209;45;1;land;false;desert;1
3525;228;113;1;land;true;desert;1
3526;226;98;1;land;false;desert;1
3527;209;196;1;land;false;jungle;1
3528;233;195;1;land;false;hills;1
3529;197;205;1;land;false;hills;1
3530;231;250;1;land;false;jungle;1
3531;183;175;1;land;false;jungle;1
3532;65;91;1;land;true;hills;1
3533;90;108;1;land;true;jungle;1
3534;51;88;1;land;false;jungle;1
3535;26;92;1;land;false;jungle;1
3536;69;96;1;land;true;jungle;1
3537;40;169;1;land;false;plains;1
3538;30;182;1;land;false;plains;1
3539;7;168;1;land;false;plains;1
3540;163;38;1;land;false;hills;1
3541;94;20;1;land;false;jungle;1
3542;171;69;1;land;false;hills;1
3543;104;21;1;land;false;hills;1
3544;105;20;1;land;false;hills;1
3545;111;28;1;land;false;hills;1
3546;132;71;1;land;false;hills;1
3547;150;198;1;land;true;desert;1
3548;162;216;1;land;false;desert;1
3549;126;190;1;land;true;desert;1
3550;161;214;1;land;true;desert;1
3551;95;221;1;land;false;desert;1
3552;159;198;1;land;true;desert;1
3553;239;40;1;land;false;urban;1
3554;221;72;1;land;false;mountain;1
3555;230;69;1;land;false;desert;1
3556;212;133;1;land;false;desert;1
3557;194;185;1;land;false;desert;1
3558;160;158;1;land;false;desert;1
3559;182;132;1;land;false;desert;1
3560;228;163;1;land;false;desert;1
3561;213;178;1;land;false;desert;1
3562;219;139;1;land;false;desert;1
3563;239;131;1;land;false;desert;1
3564;165;120;1;land;false;desert;1
3565;48;39;1;land;false;desert;1
3566;52;47;1;land;false;desert;1
3567;73;34;1;land;false;desert;1
3568;71;174;1;land;false;plains;1
3569;13;192;1;land;false;plains;1
3570;19;134;1;land;false;plains;1
3571;83;136;1;land;false;forest;1
3572;45;126;1;land;false;plains;1
3573;85;130;1;land;false;forest;1
3574;48;137;1;land;false;forest;1
3575;32;121;1;land;false;plains;1
3576;143;51;1;land;false;desert;1
3577;163;59;1;land;false;desert;1
3578;139;46;1;land;false;desert;1
3579;150;7;1;land;true;desert;1
3580;164;31;1;land;true;desert;1
3581;157;35;1;land;false;desert;1
3582;117;21;1;land;false;desert;1
3583;183;27;1;land;true;desert;1
3584;153;143;1;land;false;plains;1
3585;139;128;1;land;false;plains;1
3586;146;114;1;land;false;plains;1
3587;123;133;1;land;false;plains;1
3588;82;112;1;land;false;plains;1
3589;143;139;1;land;false;plains;1
3590;144;98;1;land;false;plains;1
3591;127;129;1;land;false;mountain;1
3592;128;110;1;land;false;plains;1
3593;234;225;1;land;false;forest;1
3594;229;223;1;land;false;forest;1
3595;228;155;1;land;false;hills;1
3596;252;102;1;land;false;hills;1
3597;205;141;1;land;false;hills;1
3598;186;139;1;land;false;hills;1
3599;188;90;1;land;false;forest;1
3600;225;91;1;land;false;hills;1
3601;248;112;1;land;false;urban;1
3602;246;141;1;land;false;hills;1
3603;237;95;1;land;false;mountain;1
3604;242;89;1;land;false;hills;1
3605;239;89;1;land;false;hills;1
3606;92;219;1;land;false;hills;1
3607;55;249;1;land;false;mountain;1
3608;47;224;1;land;false;mountain;1
3609;177;127;1;land;false;desert;1
3610;118;174;1;land;false;desert;1
3611;172;118;1;land;false;desert;1
3612;170;95;1;land;false;desert;1
3613;112;123;1;land;false;desert;1
3614;235;39;1;land;false;desert;1
3615;248;21;1;land;false;desert;1
3616;244;6;1;land;false;desert;1
3617;217;15;1;land;false;desert;1
3618;248;126;1;land;true;desert;1
3619;70;11;1;land;false;mountain;1
3620;68;79;1;land;false;desert;1
3621;78;135;1;land;false;desert;1
3622;98;90;1;land;true;desert;1
3623;90;75;1;land;false;desert;1
3624;51;95;1;land;true;desert;1
3625;61;124;1;land;true;desert;1
3626;45;86;1;land;false;desert;1
3627;152;212;1;land;false;forest;1
3628;176;221;1;land;false;forest;1
3629;206;248;1;land;false;forest;1
3630;175;215;1;land;false;forest;1
3631;161;72;1;land;false;desert;1
3632;143;92;1;land;false;desert;1
3633;188;107;1;land;false;desert;1
3634;146;90;1;land;false;desert;1
3635;184;129;1;land;false;desert;1
3636;139;86;1;land;false;desert;1
3637;46;253;1;land;true;desert;1
3638;13;211;1;land;true;desert;1
3639;209;106;1;land;false;forest;1
3640;251;100;1;land;false;plains;1
3641;210;97;1;land;false;forest;1
3642;208;62;1;land;false;plains;1
3643;234;92;1;land;false;forest;1
3644;202;55;1;land;false;forest;1
3645;235;101;1;land;true;hills;1
3646;201;45;1;land;false;forest;1
3647;222;89;1;land;false;forest;1
3648;204;73;1;land;true;forest;1
3649;230;70;1;land;false;hills;1
3650;248;82;1;land;false;forest;1
3651;231;40;1;land;false;forest;1
3652;250;87;1;land;true;forest;1
3653;248;110;1;land;false;forest;1
3654;207;69;1;land;false;hills;1
3655;243;116;1;land;false;hills;1
3656;244;42;1;land;false;forest;1
3657;79;211;1;land;false;desert;1
3658;116;216;1;land;false;desert;1
3659;65;211;1;land;false;desert;1
3660;55;190;1;land;false;desert;1
3661;81;219;1;land;false;desert;1
3662;114;235;1;land;false;desert;1
3663;124;220;1;land;false;desert;1
3664;103;52;1;land;false;mountain;1
3665;183;72;1;land;false;plains;1
3666;143;40;1;land;false;forest;1
3667;179;15;1;land;false;plains;1
3668;31;196;1;land;false;desert;1
3669;0;151;1;land;false;desert;1
3670;0;162;1;land;false;desert;1
3671;43;205;1;land;false;desert;1
3672;17;203;1;land;false;desert;1
3673;36;59;1;land;false;hills;1
3674;137;190;1;land;false;desert;1
3675;218;243;1;land;false;desert;1
3676;222;212;1;land;false;desert;1
3677;179;225;1;land;false;desert;1
3678;191;206;1;land;false;desert;1
3679;90;114;1;land;false;plains;1
3680;106;110;1;land;false;hills;1
3681;76;131;1;land;false;desert;1
3682;77;110;1;land;false;plains;1
3683;101;121;1;land;false;plains;1
3684;64;131;1;land;false;hills;1
3685;90;127;1;land;false;desert;1
3686;71;146;1;land;false;plains;1
3687;67;85;1;land;false;hills;1
3688;96;109;1;land;false;plains;1
3689;64;139;1;land;false;plains;1
3690;52;148;1;land;false;plains;1
3691;72;143;1;land;false;forest;1
3692;85;237;1;land;false;forest;1
3693;55;254;1;land;false;forest;1
3694;65;239;1;land;false;forest;1
3695;63;233;1;land;false;jungle;1
3696;52;214;1;land;false;forest;1
3697;85;230;1;land;false;forest;1
3698;140;134;1;land;false;plains;1
3699;156;75;1;land;false;mountain;1
3700;185;132;1;land;false;hills;1
3701;160;181;1;land;true;desert;1
3702;140;181;1;land;false;desert;1
3703;146;196;1;land;false;desert;1
3704;106;223;1;land;false;desert;1
3705;115;204;1;land;false;desert;1
3706;158;188;1;land;false;desert;1
3707;223;75;1;land;false;desert;1
3708;241;95;1;land;false;desert;1
3709;215;79;1;land;false;desert;1
3710;248;49;1;land;false;desert;1
3711;231;86;1;land;false;desert;1
3712;211;201;1;land;false;mountain;1
3713;238;214;1;land;false;mountain;1
3714;232;196;1;land;false;mountain;1
3715;121;98;1;land;false;desert;1
3716;96;51;1;land;false;desert;1
3717;63;76;1;land;false;desert;1
3718;105;76;1;land;false;desert;1
3719;54;90;1;land;false;desert;1
3720;54;103;1;land;false;desert;1
3721;77;91;1;land;false;desert;1
3722;115;72;1;land;false;desert;1
3723;104;84;1;land;false;desert;1
3724;68;61;1;land;false;desert;1
3725;128;87;1;land;false;desert;1
3726;84;54;1;land;false;desert;1
3727;123;97;1;land;false;desert;1
3728;75;82;1;land;false;desert;1
3729;131;87;1;land;false;desert;1
3730;62;213;1;land;false;desert;1
3731;77;154;1;land;false;desert;1
3732;79;201;1;land;false;desert;1
3733;66;167;1;land;false;desert;1
3734;154;70;1;land;false;hills;1
3735;123;84;1;land;true;hills;1
3736;162;45;1;land;true;mountain;1
3737;177;227;1;land;false;forest;1
3738;156;164;1;land;false;forest;1
3739;192;196;1;land;false;forest;1
3740;139;231;1;land;false;forest;1
3741;130;156;1;land;false;forest;1
3742;156;171;1;land;false;forest;1
3743;16;94;1;land;true;desert;1
3744;32;21;1;land;true;desert;1
3745;1;59;1;land;true;desert;1
3746;190;138;1;land;false;desert;1
3747;220;166;1;land;false;desert;1
3748;98;28;1;land;false;desert;1
3749;83;39;1;land;false;desert;1
3750;56;27;1;land;false;desert;1
3751;68;8;1;land;false;desert;1
3752;71;44;1;land;false;desert;1
3753;117;154;1;land;false;forest;1
3754;97;169;1;land;false;hills;1
3755;102;141;1;land;false;hills;1
3756;57;195;1;land;false;forest;1
3757;45;167;1;land;false;hills;1
3758;87;174;1;land;false;hills;1
3759;63;125;1;land;false;hills;1
3760;85;133;1;land;false;forest;1
3761;83;193;1;land;false;hills;1
3762;206;7;1;land;false;forest;1
3763;155;60;1;land;false;forest;1
3764;175;62;1;land;false;forest;1
3765;201;32;1;land;false;plains;1
3766;190;61;1;land;false;forest;1
3767;172;31;1;land;false;forest;1
3768;214;18;1;land;false;plains;1
3769;199;68;1;land;false;forest;1
3770;159;10;1;land;false;forest;1
3771;160;20;1;land;false;forest;1
3772;219;67;1;land;false;plains;1
3773;148;62;1;land;false;forest;1
3774;176;2;1;land;false;forest;1
3775;160;25;1;land;false;forest;1
3776;175;1;1;land;false;plains;1
3777;107;34;1;land;false;desert;1
3778;114;55;1;land;false;desert;1
3779;132;42;1;land;false;desert;1
3780;130;38;1;land;false;desert;1
3781;54;47;1;land;false;desert;1
3782;122;47;1;land;false;desert;1
3783;71;45;1;land;false;desert;1
3784;136;139;1;land;false;forest;1
3785;94;120;1;land;false;forest;1
3786;124;157;1;land;false;plains;1
3787;139;161;1;land;false;forest;1
3788;65;103;1;land;false;plains;1
3789;66;104;1;land;false;forest;1
3790;237;9;1;land;false;forest;1
3791;204;40;1;land;false;forest;1
3792;220;27;1;land;false;jungle;1
3793;231;173;1;land;false;forest;1
3794;224;131;1;land;false;forest;1
3795;207;115;1;land;false;forest;1
3796;212;119;1;land;false;mountain;1
3797;50;39;1;land;false;desert;1
3798;31;10;1;land;false;jungle;1
3799;46;21;1;land;false;jungle;1
3800;51;20;1;land;false;jungle;1
3801;11;14;1;land;false;hills;1
3802;15;6;1;land;false;mountain;1
3803;44;101;1;land;false;mountain;1
3804;7;155;1;land;false;plains;1
3805;46;134;1;land;false;mountain;1
3806;50;122;1;land;false;urban;1
3807;138;98;1;land;false;desert;1
3808;105;153;1;land;false;desert;1
3809;120;98;1;land;false;desert;1
3810;161;90;1;land;false;desert;1
3811;90;144;1;land;false;desert;1
3812;129;100;1;land;false;desert;1
3813;150;148;1;land;false;desert;1
3814;147;88;1;land;false;desert;1
3815;140;140;1;land;false;desert;1
3816;208;244;1;land;true;hills;1
3817;217;191;1;land;false;hills;1
3818;175;230;1;land;false;hills;1
3819;187;226;1;land;true;hills;1
3820;213;189;1;land;true;hills;1
3821;180;75;1;land;false;plains;1
3822;177;93;1;land;false;desert;1
3823;211;115;1;land;false;plains;1
3824;34;244;1;land;false;forest;1
3825;13;213;1;land;false;forest;1
3826;9;250;1;land;false;forest;1
3827;36;69;1;land;false;desert;1
3828;67;125;1;land;false;desert;1
3829;15;109;1;land;false;desert;1
3830;12;70;1;land;false;desert;1
3831;59;119;1;land;false;desert;1
3832;13;116;1;land;false;desert;1
3833;77;104;1;land;false;desert;1
3834;84;120;1;land;false;desert;1
3835;6;54;1;land;false;desert;1
3836;99;201;1;land;false;hills;1
3837;136;186;1;land;false;forest;1
3838;96;166;1;land;false;forest;1
3839;141;219;1;land;false;forest;1
3840;153;38;1;land;false;forest;1
3841;131;95;1;land;false;jungle;1
3842;88;22;1;land;false;jungle;1
3843;140;74;1;land;false;jungle;1
3844;86;38;1;land;false;jungle;1
3845;82;93;1;land;false;forest;1
3846;152;43;1;land;false;forest;1
3847;225;183;1;land;false;desert;1
3848;235;33;1;land;false;forest;1
3849;195;26;1;land;false;jungle;1
3850;216;89;1;land;false;forest;1
3851;215;52;1;land;false;forest;1
3852;196;77;1;land;false;jungle;1
3853;248;92;1;land;false;jungle;1
3854;185;43;1;land;false;forest;1
3855;172;99;1;land;false;desert;1
3856;187;112;1;land;true;desert;1
3857;151;243;1;land;false;hills;1
3858;7;149;1;land;true;desert;1
3859;22;177;1;land;true;desert;1
3860;19;152;1;land;false;desert;1
3861;44;7;1;land;false;desert;1
3862;37;32;1;land;false;desert;1
3863;6;29;1;land;false;desert;1
3864;66;10;1;land;false;desert;1
3865;105;123;1;land;false;mountain;1
3866;72;122;1;land;false;mountain;1
3867;49;124;1;land;false;mountain;1
3868;51;100;1;land;false;plains;1
3869;117;91;1;land;false;forest;1
3870;92;149;1;land;false;plains;1
3871;64;249;1;land;false;forest;1
3872;108;221;1;land;false;forest;1
3873;203;86;1;land;true;mountain;1
3874;189;110;1;land;true;mountain;1
3875;150;97;1;land;true;mountain;1
3876;209;90;1;land;false;mountain;1
3877;220;231;1;land;false;forest;1
3878;234;218;1;land;false;forest;1
3879;215;207;1;land;false;plains;1
3880;237;193;1;land;false;forest;1
3881;204;224;1;land;false;forest;1
3882;222;246;1;land;false;forest;1
3883;3;96;1;land;false;forest;1
3884;34;111;1;land;false;hills;1
3885;6;81;1;land;false;plains;1
3886;25;98;1;land;false;forest;1
3887;15;54;1;land;false;forest;1
3888;21;121;1;land;false;plains;1
3889;41;82;1;land;false;hills;1
3890;0;107;1;land;false;plains;1
3891;2;175;1;land;false;forest;1
3892;5;166;1;land;false;forest;1
3893;3;220;1;land;true;forest;1
3894;51;176;1;land;false;forest;1
3895;33;188;1;land;true;forest;1
3896;71;124;1;land;false;forest;1
3897;108;114;1;land;false;forest;1
3898;131;74;1;land;false;mountain;1
3899;140;79;1;land;false;mountain;1
3900;134;232;1;land;false;forest;1
3901;90;208;1;land;false;forest;1
3902;111;162;1;land;false;forest;1
3903;152;24;1;land;true;desert;1
3904;139;87;1;land;true;desert;1
3905;147;34;1;land;false;desert;1
3906;167;68;1;land;true;desert;1
3907;162;46;1;land;true;desert;1
3908;152;33;1;land;false;desert;1
3909;187;39;1;land;false;desert;1
3910;190;161;1;land;false;mountain;1
3911;191;154;1;land;true;mountain;1
3912;181;149;1;land;false;mountain;1
3913;167;143;1;land;false;mountain;1
3914;188;182;1;land;false;mountain;1
3915;207;146;1;land;false;mountain;1
3916;59;42;1;land;false;desert;1
3917;35;55;1;land;false;desert;1
3918;48;87;1;land;false;desert;1
3919;7;41;1;land;false;desert;1
3920;63;22;1;land;false;desert;1
3921;7;69;1;land;false;desert;1
3922;35;42;1;land;false;desert;1
3923;56;91;1;land;false;desert;1
3924;71;156;1;land;false;desert;1
3925;18;140;1;land;false;mountain;1
3926;204;86;1;land;false;forest;1
3927;189;34;1;land;false;forest;1
3928;203;210;1;land;false;mountain;1
3929;254;162;1;land;false;mountain;1
3930;213;179;1;land;false;forest;1
3931;219;192;1;land;false;mountain;1
3932;197;183;1;land;false;mountain;1
3933;236;202;1;land;false;mountain;1
3934;236;183;1;land;false;forest;1
3935;180;189;1;land;false;forest;1
3936;67;48;1;land;false;plains;1
3937;37;42;1;land;true;forest;1
3938;52;51;1;land;false;forest;1
3939;64;34;1;land;true;plains;1
3940;60;210;1;land;false;forest;1
3941;81;175;1;land;false;forest;1
3942;130;4;1;land;true;desert;1
3943;106;2;1;land;true;desert;1
3944;102;33;1;land;false;desert;1
3945;136;58;1;land;false;desert;1
3946;92;29;1;land;false;desert;1
3947;139;120;1;land;false;desert;1
3948;167;159;1;land;false;desert;1
3949;142;187;1;land;false;desert;1
3950;155;189;1;land;false;desert;1
3951;131;131;1;land;false;desert;1
3952;114;169;1;land;false;desert;1
3953;110;153;1;land;false;desert;1
3954;150;114;1;land;false;desert;1
3955;136;124;1;land;false;desert;1
3956;235;66;1;land;false;desert;1
3957;245;47;1;land;false;desert;1
3958;218;65;1;land;false;desert;1
3959;240;65;1;land;false;desert;1
3960;196;50;1;land;false;desert;1
3961;199;8;1;land;false;desert;1
3962;194;40;1;land;false;desert;1
3963;252;66;1;land;false;desert;1
3964;235;126;1;land;false;desert;1
3965;229;180;1;land;false;plains;1
3966;243;168;1;land;false;forest;1
3967;9;19;1;land;false;desert;1
3968;40;33;1;land;false;desert;1
3969;66;30;1;land;false;desert;1
3970;39;43;1;land;false;desert;1
3971;130;19;1;land;true;desert;1
3972;171;47;1;land;true;desert;1
3973;193;137;1;land;false;desert;1
3974;125;122;1;land;false;desert;1
3975;120;105;1;land;false;desert;1
3976;194;93;1;land;false;desert;1
3977;127;128;1;land;false;desert;1
3978;158;166;1;land;false;desert;1
3979;178;163;1;land;false;desert;1
3980;144;99;1;land;false;desert;1
3981;181;160;1;land;false;desert;1
3982;227;218;1;land;false;plains;1
3983;190;224;1;land;false;forest;1
3984;204;217;1;land;false;plains;1
3985;176;214;1;land;false;forest;1
3986;253;77;1;land;false;jungle;1
3987;205;84;1;land;false;jungle;1
3988;222;117;1;land;false;forest;1
3989;241;120;1;land;false;forest;1
3990;238;110;1;land;false;forest;1
3991;213;133;1;land;false;jungle;1
3992;78;217;1;land;false;jungle;1
3993;80;245;1;land;false;hills;1
3994;76;109;1;land;false;forest;1
3995;39;101;1;land;false;forest;1
3996;42;112;1;land;false;forest;1
3997;86;76;1;land;false;forest;1
3998;14;144;1;land;false;desert;1
3999;50;160;1;land;false;desert;1
4000;41;179;1;land;false;desert;1
4001;31;190;1;land;false;desert;1
4002;32;196;1;land;false;desert;1
4003;31;210;1;land;false;desert;1
4004;18;165;1;land;false;desert;1
4005;60;198;1;land;false;desert;1
4006;1;176;1;land;false;desert;1
4007;15;188;1;land;false;desert;1
4008;17;199;1;land;false;desert;1
4009;6;162;1;land;false;desert;1
4010;61;9;1;land;false;hills;1
4011;13;50;1;land;true;hills;1
4012;107;206;1;land;false;hills;1
4013;136;146;1;land;false;hills;1
4014;124;154;1;land;false;hills;1
4015;93;137;1;land;false;hills;1
4016;141;215;1;land;false;hills;1
4017;124;52;1;land;true;mountain;1
4018;144;47;1;land;false;mountain;1
4019;123;20;1;land;true;mountain;1
4020;101;27;1;land;true;mountain;1
4021;162;62;1;land;false;mountain;1
4022;225;170;1;land;false;plains;1
4023;194;107;1;land;false;plains;1
4024;234;149;1;land;false;hills;1
4025;164;107;1;land;false;plains;1
4026;164;175;1;land;false;forest;1
4027;230;152;1;land;false;plains;1
4028;212;155;1;land;false;plains;1
4029;185;151;1;land;false;forest;1
4030;210;144;1;land;false;jungle;1
4031;202;2;1;land;false;jungle;1
4032;207;12;1;land;false;jungle;1
4033;67;166;1;land;false;desert;1
4034;32;174;1;land;true;desert;1
4035;83;147;1;land;true;desert;1
4036;61;147;1;land;false;desert;1
4037;38;177;1;land;false;desert;1
4038;16;143;1;land;false;desert;1
4039;70;121;1;land;true;desert;1
4040;83;32;1;land;false;desert;1
4041;67;1;1;land;false;plains;1
4042;83;23;1;land;false;desert;1
4043;40;12;1;land;false;plains;1
4044;98;106;1;land;true;desert;1
4045;102;134;1;land;false;desert;1
4046;163;198;1;land;false;plains;1
4047;143;207;1;land;false;plains;1
4048;93;224;1;land;false;plains;1
4049;139;196;1;land;false;plains;1
4050;240;110;1;land;false;forest;1
4051;195;138;1;land;false;forest;1
4052;205;160;1;land;false;plains;1
4053;184;159;1;land;false;forest;1
4054;189;141;1;land;false;forest;1
4055;180;149;1;land;false;forest;1
4056;225;104;1;land;false;forest;1
4057;239;103;1;land;false;forest;1
4058;197;93;1;land;false;forest;1
4059;227;235;1;land;false;desert;1
4060;217;249;1;land;false;desert;1
4061;191;199;1;land;false;desert;1
4062;245;230;1;land;false;desert;1
4063;221;249;1;land;false;desert;1
4064;12;71;1;land;true;forest;1
4065;67;90;1;land;true;hills;1
4066;23;58;1;land;true;forest;1
4067;41;212;1;land;false;mountain;1
4068;54;171;1;land;false;desert;1
4069;28;200;1;land;false;desert;1
4070;79;218;1;land;false;desert;1
4071;142;82;1;land;false;mountain;1
4072;112;114;1;land;false;mountain;1
4073;118;94;1;land;false;hills;1
4074;165;79;1;land;false;mountain;1
4075;136;73;1;land;false;mountain;1
4076;153;70;1;land;false;mountain;1
4077;180;238;1;land;false;forest;1
4078;183;241;1;land;false;forest;1
4079;42;99;1;land;false;mountain;1
4080;96;110;1;land;false;mountain;1
4081;65;92;1;land;false;plains;1
4082;27;131;1;land;false;forest;1
4083;41;113;1;land;false;plains;1
4084;86;136;1;land;false;plains;1
4085;67;135;1;land;false;plains;1
4086;73;124;1;land;false;forest;1
4087;23;98;1;land;false;plains;1
4088;57;98;1;land;false;plains;1
4089;70;89;1;land;false;plains;1
4090;21;73;1;land;false;forest;1
4091;21;100;1;land;false;mountain;1
4092;37;105;1;land;false;mountain;1
4093;53;130;1;land;false;plains;1
4094;95;92;1;land;false;plains;1
4095;97;196;1;land;false;forest;1
4096;100;201;1;land;false;forest;1
4097;152;83;1;land;false;desert;1
4098;130;86;1;land;false;desert;1
4099;144;77;1;land;true;desert;1
4100;191;130;1;land;true;desert;1
4101;191;207;1;land;true;desert;1
4102;173;217;1;land;true;desert;1
4103;212;207;1;land;true;desert;1
4104;198;189;1;land;false;desert;1
4105;176;252;1;land;true;desert;1
4106;194;229;1;land;false;desert;1
4107;217;90;1;land;false;desert;1
4108;244;72;1;land;false;desert;1
4109;239;64;1;land;false;desert;1
4110;229;85;1;land;false;desert;1
4111;237;96;1;land;false;desert;1
4112;241;163;1;land;false;desert;1
4113;236;206;1;land;false;desert;1
4114;211;227;1;land;false;desert;1
4115;217;200;1;land;false;desert;1
4116;219;174;1;land;false;desert;1
4117;75;109;1;land;false;desert;1
4118;44;71;1;land;false;desert;1
4119;62;65;1;land;false;desert;1
4120;110;59;1;land;false;desert;1
4121;109;179;1;land;false;forest;1
4122;106;220;1;land;false;plains;1
4123;131;59;1;land;false;forest;1
4124;114;10;1;land;false;forest;1
4125;142;37;1;land;false;forest;1
4126;159;68;1;land;false;plains;1
4127;115;52;1;land;false;plains;1
4128;159;23;1;land;false;forest;1
4129;180;83;1;land;false;plains;1
4130;141;38;1;land;false;plains;1
4131;178;189;1;land;false;forest;1
4132;123;195;1;land;false;jungle;1
4133;168;159;1;land;false;forest;1
4134;33;77;1;land;true;plains;1
4135;46;148;1;land;false;hills;1
4136;5;177;1;land;false;hills;1
4137;45;19;1;land;false;forest;1
4138;81;32;1;land;false;forest;1
4139;39;52;1;land;false;forest;1
4140;75;155;1;land;false;desert;1
4141;95;167;1;land;false;mountain;1
4142;104;122;1;land;false;desert;1
4143;44;104;1;land;false;desert;1
4144;184;47;1;land;false;desert;1
4145;163;9;1;land;false;desert;1
4146;160;121;1;land;false;plains;1
4147;220;174;1;land;false;forest;1
4148;157;122;1;land;true;forest;1
4149;219;98;1;land;false;plains;1
4150;183;155;1;land;false;plains;1
4151;200;162;1;land;true;forest;1
4152;170;114;1;land;false;plains;1
4153;224;162;1;land;false;plains;1
4154;200;136;1;land;false;forest;1
4155;169;152;1;land;false;plains;1
4156;181;170;1;land;true;forest;1
4157;220;143;1;land;false;forest;1
4158;221;150;1;land;false;forest;1
4159;98;232;1;land;false;desert;1
4160;142;220;1;land;false;desert;1
4161;159;182;1;land;false;desert;1
4162;162;172;1;land;false;desert;1
4163;170;226;1;land;false;desert;1
4164;149;229;1;land;false;desert;1
4165;167;229;1;land;false;desert;1
4166;159;225;1;land;false;desert;1
4167;153;83;1;land;false;desert;1
4168;114;76;1;land;false;desert;1
4169;121;71;1;land;false;desert;1
4170;153;58;1;land;false;desert;1
4171;182;101;1;land;false;desert;1
4172;165;85;1;land;false;desert;1
4173;155;109;1;land;false;desert;1
4174;109;54;1;land;false;desert;1
4175;160;33;1;land;false;desert;1
4176;134;100;1;land;false;desert;1
4177;105;52;1;land;false;desert;1
4178;234;198;1;land;false;desert;1
4179;253;213;1;land;false;desert;1
4180;234;207;1;land;false;desert;1
4181;236;43;1;land;true;desert;1
4182;239;48;1;land;true;desert;1
4183;217;55;1;land;true;desert;1
4184;221;61;1;land;false;desert;1
4185;217;70;1;land;false;desert;1
4186;231;44;1;land;false;desert;1
4187;217;67;1;land;false;desert;1
4188;217;81;1;land;false;desert;1
4189;248;39;1;land;true;desert;1
4190;248;89;1;land;false;desert;1
4191;239;85;1;land;false;desert;1
4192;249;52;1;land;true;desert;1
4193;209;108;1;land;true;desert;1
4194;229;106;1;land;false;desert;1
4195;55;214;1;land;false;desert;1
4196;18;212;1;land;false;desert;1
4197;87;179;1;land;false;desert;1
4198;67;168;1;land;false;desert;1
4199;25;161;1;land;false;desert;1
4200;53;165;1;land;false;desert;1
4201;67;167;1;land;false;plains;1
4202;56;186;1;land;false;desert;1
4203;82;181;1;land;false;desert;1
4204;40;216;1;land;false;desert;1
4205;80;207;1;land;false;desert;1
4206;91;73;1;land;false;forest;1
4207;55;73;1;land;false;forest;1
4208;59;65;1;land;false;plains;1
4209;84;35;1;land;false;hills;1
4210;44;2;1;land;false;forest;1
4211;70;28;1;land;false;forest;1
4212;67;35;1;land;false;plains;1
4213;83;75;1;land;false;forest;1
4214;83;30;1;land;false;plains;1
4215;23;67;1;land;false;forest;1
4216;152;217;1;land;true;desert;1
4217;178;157;1;land;false;desert;1
4218;144;32;1;land;false;hills;1
4219;162;33;1;land;false;forest;1
4220;157;43;1;land;false;forest;1
4221;137;53;1;land;false;forest;1
4222;154;39;1;land;false;forest;1
4223;133;27;1;land;false;hills;1
4224;172;70;1;land;false;forest;1
4225;159;25;1;land;false;hills;1
4226;132;48;1;land;false;forest;1
4227;151;44;1;land;false;forest;1
4228;252;192;1;land;false;forest;1
4229;251;15;1;land;false;hills;1
4230;101;190;1;land;false;desert;1
4231;72;159;1;land;false;desert;1
4232;80;143;1;land;false;desert;1
4233;39;144;1;land;false;desert;1
4234;99;40;1;land;false;plains;1
4235;63;5;1;land;false;plains;1
4236;110;13;1;land;false;plains;1
4237;77;24;1;land;false;plains;1
4238;102;45;1;land;false;forest;1
4239;180;156;1;land;false;hills;1
4240;165;161;1;land;false;hills;1
4241;138;87;1;land;false;hills;1
4242;122;102;1;land;false;mountain;1
4243;113;145;1;land;false;hills;1
4244;142;92;1;land;false;mountain;1
4245;180;143;1;land;false;hills;1
4246;117;165;1;land;false;hills;1
4247;124;151;1;land;false;mountain;1
4248;157;106;1;land;false;mountain;1
4249;141;229;1;land;true;desert;1
4250;147;213;1;land;true;desert;1
4251;131;209;1;land;false;desert;1
4252;215;141;1;land;false;desert;1
4253;251;144;1;land;false;desert;1
4254;221;121;1;land;false;desert;1
4255;223;151;1;land;false;desert;1
4256;219;124;1;land;false;desert;1
4257;8;218;1;land;false;desert;1
4258;27;211;1;land;false;desert;1
4259;22;229;1;land;false;desert;1
4260;35;250;1;land;false;desert;1
4261;24;207;1;land;false;desert;1
4262;160;172;1;land;false;desert;1
4263;204;126;1;land;false;desert;1
4264;197;136;1;land;false;desert;1
4265;182;223;1;land;true;hills;1
4266;185;251;1;land;true;hills;1
4267;172;237;1;land;false;hills;1
4268;174;229;1;land;true;hills;1
4269;187;221;1;land;true;hills;1
4270;212;230;1;land;true;forest;1
4271;38;134;1;land;false;desert;1
4272;4;147;1;land;false;desert;1
4273;35;170;1;land;false;desert;1
4274;20;164;1;land;false;desert;1
4275;69;230;1;land;false;hills;1
4276;35;229;1;land;false;forest;1
4277;0;234;1;land;false;forest;1
4278;42;239;1;land;false;forest;1
4279;46;229;1;land;false;hills;1
4280;116;141;1;land;false;mountain;1
4281;120;148;1;land;false;plains;1
4282;89;84;1;land;false;mountain;1
4283;65;86;1;land;false;plains;1
4284;116;109;1;land;false;plains;1
4285;110;123;1;land;false;plains;1
4286;76;116;1;land;false;plains;1
4287;108;126;1;land;false;plains;1
4288;90;111;1;land;false;mountain;1
4289;110;119;1;land;false;plains;1
4290;60;72;1;land;false;plains;1
4291;82;229;1;land;false;desert;1
4292;75;254;1;land;false;desert;1
4293;80;199;1;land;false;desert;1
4294;104;253;1;land;false;desert;1
4295;224;150;1;land;false;desert;1
4296;202;106;1;land;false;desert;1
4297;194;112;1;land;false;desert;1
4298;222;76;1;land;false;desert;1
4299;204;150;1;land;false;desert;1
4300;190;117;1;land;false;desert;1
4301;233;131;1;land;false;desert;1
4302;172;84;1;land;false;desert;1
4303;205;144;1;land;false;desert;1
4304;171;121;1;land;false;desert;1
4305;164;144;1;land;false;desert;1
4306;218;138;1;land;false;desert;1
4307;192;74;1;land;false;desert;1
4308;232;133;1;land;false;desert;1
4309;232;81;1;land;false;desert;1
4310;201;215;1;land;false;mountain;1
4311;195;213;1;land;false;mountain;1
4312;210;224;1;land;false;mountain;1
4313;236;210;1;land;false;mountain;1
4314;14;116;1;land;false;forest;1
4315;29;73;1;land;false;forest;1
4316;31;68;1;land;false;forest;1
4317;38;75;1;land;false;forest;1
4318;36;162;1;land;false;forest;1
4319;11;182;1;land;false;hills;1
4320;31;225;1;land;false;forest;1
4321;37;191;1;land;false;hills;1
4322;85;101;1;land;false;forest;1
4323;146;100;1;land;false;plains;1
4324;133;54;1;land;false;plains;1
4325;154;185;1;land;false;desert;1
4326;96;175;1;land;false;desert;1
4327;120;181;1;land;false;desert;1
4328;85;161;1;land;false;plains;1
4329;133;176;1;land;false;plains;1
4330;142;232;1;land;false;plains;1
4331;123;170;1;land;false;plains;1
4332;89;169;1;land;false;desert;1
4333;108;202;1;land;false;desert;1
4334;132;190;1;land;false;plains;1
4335;127;223;1;land;false;desert;1
4336;151;161;1;land;false;desert;1
4337;83;238;1;land;false;desert;1
4338;120;212;1;land;false;desert;1
4339;152;81;1;land;false;desert;1
4340;208;87;1;land;false;desert;1
4341;203;92;1;land;false;desert;1
4342;166;22;1;land;false;desert;1
4343;218;161;1;land;false;forest;1
4344;188;153;1;land;false;forest;1
4345;230;131;1;land;false;hills;1
4346;37;53;1;land;true;plains;1
4347;48;61;1;land;true;plains;1
4348;14;185;1;land;false;desert;1
4349;45;169;1;land;false;desert;1
4350;44;161;1;land;false;desert;1
4351;49;146;1;land;false;desert;1
4352;25;208;1;land;false;desert;1
4353;47;208;1;land;false;desert;1
4354;75;189;1;land;false;desert;1
4355;41;184;1;land;false;desert;1
4356;65;165;1;land;false;desert;1
4357;8;170;1;land;false;desert;1
4358;13;163;1;land;false;desert;1
4359;36;206;1;land;false;desert;1
4360;44;183;1;land;false;desert;1
4361;60;190;1;land;false;desert;1
4362;23;181;1;land;false;desert;1
4363;53;153;1;land;false;desert;1
4364;5;160;1;land;false;desert;1
4365;206;228;1;land;false;mountain;1
4366;206;230;1;land;false;mountain;1
4367;247;86;1;land;false;forest;1
4368;234;89;1;land;false;hills;1
4369;218;89;1;land;false;forest;1
4370;245;80;1;land;false;forest;1
4371;129;253;1;land;false;desert;1
4372;111;231;1;land;false;desert;1
4373;83;240;1;land;false;desert;1
4374;138;70;1;land;false;desert;1
4375;121;130;1;land;false;desert;1
4376;89;121;1;land;false;desert;1
4377;102;140;1;land;false;desert;1
4378;102;97;1;land;false;desert;1
4379;78;89;1;land;false;desert;1
4380;74;70;1;land;false;desert;1
4381;152;189;1;land;false;forest;1
4382;186;214;1;land;false;forest;1
4383;133;217;1;land;false;forest;1
4384;193;194;1;land;false;forest;1
4385;170;228;1;land;false;desert;1
4386;178;198;1;land;false;forest;1
4387;123;179;1;land;false;forest;1
4388;145;44;1;land;false;desert;1
4389;162;109;1;land;false;desert;1
4390;178;54;1;land;false;desert;1
4391;147;82;1;land;false;desert;1
4392;150;87;1;land;false;desert;1
4393;188;89;1;land;false;desert;1
4394;174;61;1;land;false;desert;1
4395;204;109;1;land;false;desert;1
4396;150;42;1;land;false;desert;1
4397;156;85;1;land;false;desert;1
4398;183;83;1;land;false;desert;1
4399;38;195;1;land;false;forest;1
4400;21;239;1;land;false;forest;1
4401;3;214;1;land;false;forest;1
4402;38;201;1;land;false;forest;1
4403;19;215;1;land;false;plains;1
4404;25;116;1;land;false;mountain;1
4405;63;191;1;land;false;forest;1
4406;41;206;1;land;false;forest;1
4407;114;179;1;land;false;hills;1
4408;43;153;1;land;false;forest;1
4409;57;157;1;land;false;forest;1
4410;76;37;1;land;true;desert;1
4411;195;183;1;land;false;mountain;1
4412;169;166;1;land;false;forest;1
4413;181;205;1;land;false;mountain;1
4414;175;203;1;land;false;mountain;1
4415;158;70;1;land;true;desert;1
4416;229;40;1;land;false;desert;1
4417;182;53;1;land;false;plains;1
4418;229;86;1;land;true;desert;1
4419;163;55;1;land;false;desert;1
4420;164;46;1;land;false;plains;1
4421;177;74;1;land;false;desert;1
4422;201;49;1;land;false;desert;1
4423;156;69;1;land;false;desert;1
4424;223;202;1;land;false;mountain;1
4425;253;130;1;land;false;mountain;1
4426;226;146;1;land;false;mountain;1
4427;238;154;1;land;false;mountain;1
4428;241;156;1;land;false;mountain;1
4429;39;37;1;land;true;mountain;1
4430;47;48;1;land;true;hills;1
4431;28;38;1;land;true;mountain;1
4432;38;43;1;land;true;hills;1
4433;48;10;1;land;false;hills;1
4434;22;38;1;land;false;mountain;1
4435;46;28;1;land;true;mountain;1
4436;2;41;1;land;false;mountain;1
4437;46;35;1;land;false;mountain;1
4438;1;35;1;land;true;hills;1
4439;130;196;1;land;false;forest;1
4440;92;157;1;land;false;forest;1
4441;89;181;1;land;false;plains;1
4442;93;205;1;land;false;forest;1
4443;118;168;1;land;false;forest;1
4444;138;194;1;land;false;hills;1
4445;115;195;1;land;false;hills;1
4446;71;171;1;land;false;plains;1
4447;67;146;1;land;false;forest;1
4448;127;158;1;land;false;hills;1
4449;88;168;1;land;false;forest;1
4450;69;163;1;land;false;forest;1
4451;115;130;1;land;false;hills;1
4452;90;166;1;land;false;plains;1
4453;135;182;1;land;false;hills;1
4454;114;40;1;land;false;desert;1
4455;117;60;1;land;false;urban;1
4456;105;12;1;land;false;desert;1
4457;100;60;1;land;false;desert;1
4458;90;57;1;land;false;desert;1
4459;80;63;1;land;false;urban;1
4460;139;35;1;land;false;plains;1
4461;109;32;1;land;false;desert;1
4462;131;2;1;land;false;desert;1
4463;75;48;1;land;false;desert;1
4464;85;45;1;land;false;urban;1
4465;89;65;1;land;false;desert;1
4466;132;39;1;land;false;urban;1
4467;150;5;1;land;false;desert;1
4468;143;65;1;land;false;desert;1
4469;149;24;1;land;false;desert;1
4470;121;57;1;land;false;desert;1
4471;103;17;1;land;false;desert;1
4472;132;41;1;land;false;desert;1
4473;91;40;1;land;false;desert;1
4474;76;0;1;land;false;desert;1
4475;108;58;1;land;false;desert;1
4476;93;34;1;land;false;desert;1
4477;88;33;1;land;false;desert;1
4478;120;37;1;land;false;mountain;1
4479;102;15;1;land;false;desert;1
4480;157;68;1;land;false;forest;1
4481;133;42;1;land;false;desert;1
4482;150;142;1;land;false;hills;1
4483;248;2;1;land;false;desert;1
4484;185;6;1;land;false;desert;1
4485;206;71;1;land;false;desert;1
4486;195;62;1;land;false;desert;1
4487;236;140;1;land;false;plains;1
4488;37;15;1;land;false;desert;1
4489;23;36;1;land;false;desert;1
4490;60;13;1;land;false;desert;1
4491;28;0;1;land;false;desert;1
4492;23;39;1;land;false;desert;1
4493;30;17;1;land;false;desert;1
4494;68;12;1;land;false;desert;1
4495;1;10;1;land;false;desert;1
4496;52;13;1;land;false;desert;1
4497;61;12;1;land;false;desert;1
4498;42;123;1;land;false;desert;1
4499;16;111;1;land;false;desert;1
4500;61;137;1;land;false;desert;1
4501;103;0;1;land;false;plains;1
4502;157;0;1;land;false;plains;1
4503;127;83;1;land;false;desert;1
4504;130;122;1;land;false;plains;1
4505;188;142;1;land;false;plains;1
4506;132;148;1;land;false;desert;1
4507;184;80;1;land;false;plains;1
4508;164;131;1;land;false;plains;1
4509;115;131;1;land;false;forest;1
4510;116;140;1;land;false;desert;1
4511;136;115;1;land;false;plains;1
4512;159;89;1;land;false;forest;1
4513;181;110;1;land;false;plains;1
4514;134;139;1;land;false;plains;1
4515;121;114;1;land;false;plains;1
4516;188;104;1;land;false;desert;1
4517;131;88;1;land;false;plains;1
4518;182;82;1;land;false;forest;1
4519;234;59;1;land;false;mountain;1
4520;217;111;1;land;false;forest;1
4521;232;90;1;land;false;forest;1
4522;239;92;1;land;false;plains;1
4523;251;58;1;land;false;forest;1
4524;185;87;1;land;false;forest;1
4525;192;69;1;land;false;mountain;1
4526;203;110;1;land;false;forest;1
4527;186;113;1;land;false;forest;1
4528;226;105;1;land;false;forest;1
4529;235;68;1;land;false;forest;1
4530;26;193;1;land;false;desert;1
4531;60;216;1;land;false;desert;1
4532;93;62;1;land;false;jungle;1
4533;43;82;1;land;false;jungle;1
4534;38;132;1;land;false;jungle;1
4535;71;57;1;land;false;jungle;1
4536;103;54;1;land;false;jungle;1
4537;58;74;1;land;false;jungle;1
4538;92;104;1;land;false;hills;1
4539;72;113;1;land;false;hills;1
4540;41;112;1;land;false;jungle;1
4541;97;70;1;land;false;jungle;1
4542;103;93;1;land;false;hills;1
4543;47;79;1;land;false;hills;1
4544;95;96;1;land;false;jungle;1
4545;103;97;1;land;false;jungle;1
4546;50;59;1;land;false;hills;1
4547;107;69;1;land;false;jungle;1
4548;104;131;1;land;false;jungle;1
4549;97;111;1;land;false;jungle;1
4550;159;232;1;land;false;desert;1
4551;135;227;1;land;false;desert;1
4552;98;201;1;land;false;desert;1
4553;159;224;1;land;false;desert;1
4554;148;215;1;land;false;desert;1
4555;163;72;1;land;false;desert;1
4556;125;68;1;land;false;desert;1
4557;174;45;1;land;false;desert;1
4558;164;67;1;land;false;desert;1
4559;178;61;1;land;false;desert;1
4560;139;45;1;land;false;desert;1
4561;103;96;1;land;false;desert;1
4562;107;90;1;land;false;desert;1
4563;122;30;1;land;false;desert;1
4564;155;52;1;land;false;forest;1
4565;125;81;1;land;false;forest;1
4566;170;66;1;land;false;desert;1
4567;141;50;1;land;false;desert;1
4568;156;56;1;land;false;hills;1
4569;209;167;1;land;true;desert;1
4570;230;52;1;land;false;hills;1
4571;234;90;1;land;false;hills;1
4572;251;35;1;land;false;hills;1
4573;226;26;1;land;false;hills;1
4574;219;28;1;land;false;hills;1
4575;209;63;1;land;false;mountain;1
4576;207;98;1;land;false;hills;1
4577;239;100;1;land;false;hills;1
4578;242;92;1;land;false;desert;1
4579;248;84;1;land;false;hills;1
4580;229;91;1;land;false;hills;1
4581;206;93;1;land;false;hills;1
4582;244;76;1;land;false;hills;1
4583;212;48;1;land;false;hills;1
4584;240;99;1;land;false;desert;1
4585;253;59;1;land;false;hills;1
4586;250;98;1;land;false;hills;1
4587;240;84;1;land;false;hills;1
4588;223;137;1;land;false;forest;1
4589;196;161;1;land;false;forest;1
4590;184;175;1;land;false;forest;1
4591;225;130;1;land;false;forest;1
4592;162;232;1;land;false;desert;1
4593;31;169;1;land;false;hills;1
4594;62;150;1;land;false;hills;1
4595;70;145;1;land;false;hills;1
4596;72;102;1;land;false;hills;1
4597;65;136;1;land;false;forest;1
4598;24;113;1;land;false;hills;1
4599;47;129;1;land;false;hills;1
4600;22;115;1;land;false;hills;1
4601;3;156;1;land;false;hills;1
4602;7;123;1;land;false;forest;1
4603;57;175;1;land;false;hills;1
4604;2;130;1;land;false;hills;1
4605;50;12;1;land;false;desert;1
4606;67;29;1;land;false;desert;1
4607;78;22;1;land;false;desert;1
4608;109;124;1;land;false;desert;1
4609;136;213;1;land;false;desert;1
4610;85;208;1;land;false;desert;1
4611;82;214;1;land;false;desert;1
4612;130;190;1;land;false;desert;1
4613;110;187;1;land;false;desert;1
4614;140;243;1;land;false;desert;1
4615;144;218;1;land;false;desert;1
4616;245;83;1;land;true;desert;1
4617;225;103;1;land;false;desert;1
4618;233;127;1;land;false;desert;1
4619;214;76;1;land;false;desert;1
4620;204;152;1;land;true;desert;1
4621;231;101;1;land;false;desert;1
4622;188;138;1;land;false;desert;1
4623;181;82;1;land;false;desert;1
4624;210;77;1;land;false;desert;1
4625;239;120;1;land;true;desert;1
4626;222;78;1;land;false;desert;1
4627;245;81;1;land;true;desert;1
4628;231;113;1;land;false;desert;1
4629;244;86;1;land;false;desert;1
4630;201;138;1;land;false;desert;1
4631;193;144;1;land;false;desert;1
4632;195;251;1;land;true;jungle;1
4633;231;221;1;land;true;jungle;1
4634;217;202;1;land;false;jungle;1
4635;197;232;1;land;false;jungle;1
4636;228;242;1;land;true;jungle;1
4637;250;239;1;land;false;jungle;1
4638;202;204;1;land;false;jungle;1
4639;187;233;1;land;false;jungle;1
4640;244;212;1;land;true;jungle;1
4641;58;111;1;land;false;plains;1
4642;6;67;1;land;false;plains;1
4643;65;209;1;land;false;plains;1
4644;39;177;1;land;false;plains;1
4645;54;161;1;land;false;plains;1
4646;152;73;1;land;false;forest;1
4647;96;58;1;land;false;forest;1
4648;160;103;1;land;false;forest;1
4649;124;106;1;land;false;hills;1
4650;152;77;1;land;false;forest;1
4651;170;84;1;land;false;hills;1
4652;92;103;1;land;false;forest;1
4653;138;236;1;land;false;desert;1
4654;125;184;1;land;false;desert;1
4655;142;215;1;land;false;desert;1
4656;116;224;1;land;false;desert;1
4657;164;191;1;land;false;desert;1
4658;174;204;1;land;false;desert;1
4659;176;210;1;land;false;desert;1
4660;149;233;1;land;false;desert;1
4661;103;228;1;land;false;desert;1
4662;158;168;1;land;false;hills;1
4663;181;231;1;land;false;desert;1
4664;173;189;1;land;false;desert;1
4665;174;219;1;land;false;desert;1
4666;111;168;1;land;false;desert;1
4667;109;226;1;land;false;desert;1
4668;160;37;1;land;false;forest;1
4669;192;80;1;land;false;forest;1
4670;206;54;1;land;false;forest;1
4671;223;67;1;land;false;forest;1
4672;194;48;1;land;false;forest;1
4673;238;51;1;land;false;jungle;1
4674;233;39;1;land;false;jungle;1
4675;219;166;1;land;false;desert;1
4676;184;206;1;land;false;desert;1
4677;229;161;1;land;false;urban;1
4678;186;168;1;land;false;desert;1
4679;247;134;1;land;false;desert;1
4680;226;156;1;land;false;desert;1
4681;60;96;1;land;false;plains;1
4682;41;60;1;land;false;forest;1
4683;47;56;1;land;false;plains;1
4684;25;61;1;land;false;plains;1
4685;59;47;1;land;false;hills;1
4686;33;92;1;land;false;forest;1
4687;50;78;1;land;false;hills;1
4688;47;160;1;land;false;plains;1
4689;48;202;1;land;false;forest;1
4690;83;182;1;land;false;forest;1
4691;99;147;1;land;false;forest;1
4692;21;210;1;land;false;hills;1
4693;24;193;1;land;false;hills;1
4694;53;157;1;land;false;jungle;1
4695;45;174;1;land;false;forest;1
4696;207;77;1;land;false;desert;1
4697;232;84;1;land;false;desert;1
4698;197;72;1;land;false;desert;1
4699;202;78;1;land;false;desert;1
4700;241;35;1;land;false;desert;1
4701;249;70;1;land;false;desert;1
4702;210;29;1;land;false;desert;1
4703;203;103;1;land;false;desert;1
4704;248;47;1;land;false;desert;1
4705;230;100;1;land;false;desert;1
4706;204;51;1;land;false;desert;1
4707;225;33;1;land;false;desert;1
4708;196;80;1;land;false;desert;1
4709;204;210;1;land;false;plains;1
4710;253;176;1;land;false;plains;1
4711;57;82;1;land;false;mountain;1
4712;91;31;1;land;false;mountain;1
4713;65;148;1;land;true;desert;1
4714;128;222;1;land;false;desert;1
4715;103;208;1;land;false;desert;1
4716;117;59;1;land;false;desert;1
4717;116;41;1;land;false;desert;1
4718;159;16;1;land;false;desert;1
4719;181;66;1;land;false;desert;1
4720;150;34;1;land;false;desert;1
4721;146;56;1;land;false;desert;1
4722;143;64;1;land;false;desert;1
4723;191;137;1;land;false;hills;1
4724;245;64;1;land;false;plains;1
4725;214;80;1;land;false;plains;1
4726;226;41;1;land;false;plains;1
4727;213;65;1;land;false;plains;1
4728;25;9;1;land;false;forest;1
4729;52;3;1;land;false;forest;1
4730;90;14;1;land;false;forest;1
4731;104;29;1;land;false;forest;1
4732;51;7;1;land;false;forest;1
4733;80;12;1;land;false;forest;1
4734;81;36;1;land;false;forest;1
4735;72;160;1;land;false;plains;1
4736;67;95;1;land;true;plains;1
4737;99;152;1;land;false;forest;1
4738;184;1;1;land;false;mountain;1
4739;195;96;1;land;true;plains;1
4740;186;153;1;land;true;forest;1
4741;158;142;1;land;true;plains;1
4742;155;155;1;land;false;forest;1
4743;247;235;1;land;true;plains;1
4744;220;67;1;land;false;mountain;1
4745;253;95;1;land;false;mountain;1
4746;243;109;1;land;false;mountain;1
4747;230;77;1;land;false;forest;1
4748;64;234;1;land;false;mountain;1
4749;132;98;1;land;false;desert;1
4750;126;120;1;land;false;desert;1
4751;136;116;1;land;false;desert;1
4752;78;65;1;land;false;desert;1
4753;132;69;1;land;false;desert;1
4754;136;95;1;land;false;desert;1
4755;78;150;1;land;false;plains;1
4756;70;178;1;land;false;plains;1
4757;69;141;1;land;false;plains;1
4758;43;175;1;land;false;plains;1
4759;63;188;1;land;false;plains;1
4760;33;73;1;land;false;jungle;1
4761;64;41;1;land;false;forest;1
4762;65;23;1;land;false;jungle;1
4763;133;170;1;land;false;desert;1
4764;178;166;1;land;false;hills;1
4765;185;177;1;land;false;desert;1
4766;152;195;1;land;false;desert;1
4767;177;154;1;land;false;desert;1
4768;143;157;1;land;false;desert;1
4769;166;187;1;land;false;desert;1
4770;139;201;1;land;false;desert;1
4771;185;191;1;land;false;desert;1
4772;185;76;1;land;true;forest;1
4773;151;20;1;land;false;forest;1
4774;138;23;1;land;false;forest;1
4775;145;14;1;land;true;forest;1
4776;147;67;1;land;true;forest;1
4777;176;0;1;land;true;forest;1
4778;232;182;1;land;false;desert;1
4779;182;184;1;land;false;desert;1
4780;181;134;1;land;false;desert;1
4781;206;37;1;land;false;desert;1
4782;246;17;1;land;false;desert;1
4783;201;9;1;land;false;desert;1
4784;88;176;1;land;false;desert;1
4785;90;126;1;land;false;desert;1
4786;103;120;1;land;false;desert;1
4787;82;139;1;land;false;desert;1
4788;92;176;1;land;false;desert;1
4789;37;171;1;land;false;desert;1
4790;35;184;1;land;false;desert;1
4791;38;161;1;land;false;desert;1
4792;65;115;1;land;false;desert;1
4793;88;154;1;land;false;desert;1
4794;40;112;1;land;false;desert;1
4795;74;142;1;land;false;desert;1
4796;51;149;1;land;false;desert;1
4797;28;153;1;land;false;desert;1
4798;31;138;1;land;false;desert;1
4799;56;136;1;land;false;desert;1
4800;67;128;1;land;false;desert;1
4801;92;188;1;land;false;desert;1
4802;55;20;1;land;false;desert;1
4803;139;144;1;land;false;forest;1
4804;173;86;1;land;false;forest;1
4805;122;95;1;land;false;forest;1
4806;139;153;1;land;false;forest;1
4807;108;141;1;land;false;hills;1
4808;150;196;1;land;false;hills;1
4809;158;235;1;land;false;hills;1
4810;204;83;1;land;false;forest;1
4811;222;109;1;land;false;hills;1
4812;233;158;1;land;false;hills;1
4813;206;84;1;land;false;forest;1
4814;219;106;1;land;false;hills;1
4815;222;90;1;land;false;forest;1
4816;225;235;1;land;false;plains;1
4817;215;234;1;land;false;mountain;1
4818;231;245;1;land;false;plains;1
4819;247;211;1;land;false;mountain;1
4820;247;246;1;land;false;plains;1
4821;216;249;1;land;false;plains;1
4822;225;237;1;land;false;plains;1
4823;242;233;1;land;false;plains;1
4824;216;207;1;land;false;mountain;1
4825;56;119;1;land;false;mountain;1
4826;76;126;1;land;false;forest;1
4827;52;106;1;land;false;plains;1
4828;46;101;1;land;false;mountain;1
4829;22;83;1;land;false;mountain;1
4830;52;222;1;land;false;desert;1
4831;45;182;1;land;false;desert;1
4832;189;93;1;land;false;desert;1
4833;83;80;1;land;true;forest;1
4834;112;99;1;land;true;forest;1
4835;96;112;1;land;true;forest;1
4836;116;121;1;land;false;forest;1
4837;108;185;1;land;false;jungle;1
4838;99;180;1;land;false;jungle;1
4839;86;244;1;land;false;forest;1
4840;59;230;1;land;true;jungle;1
4841;126;241;1;land;false;jungle;1
4842;201;96;1;land;false;forest;1
4843;169;138;1;land;false;hills;1
4844;169;115;1;land;false;forest;1
4845;166;117;1;land;false;forest;1
4846;171;225;1;land;false;mountain;1
4847;168;222;1;land;false;mountain;1
4848;224;192;1;land;false;plains;1
4849;160;183;1;land;false;mountain;1
4850;198;219;1;land;false;plains;1
4851;227;213;1;land;false;forest;1
4852;212;217;1;land;false;mountain;1
4853;230;224;1;land;false;plains;1
4854;236;204;1;land;false;plains;1
4855;175;246;1;land;false;mountain;1
4856;204;233;1;land;false;plains;1
4857;36;90;1;land;true;desert;1
4858;39;188;1;land;false;plains;1
4859;23;212;1;land;false;plains;1
4860;20;150;1;land;false;plains;1
4861;83;103;1;land;true;forest;1
4862;79;73;1;land;true;forest;1
4863;102;166;1;land;false;desert;1
4864;78;207;1;land;false;desert;1
4865;89;201;1;land;false;desert;1
4866;175;13;1;land;false;plains;1
4867;206;23;1;land;false;hills;1
4868;196;53;1;land;false;plains;1
4869;205;68;1;land;false;plains;1
4870;171;190;1;land;false;hills;1
4871;198;181;1;land;false;hills;1
4872;196;135;1;land;false;hills;1
4873;179;194;1;land;false;hills;1
4874;39;18;1;land;false;forest;1
4875;35;79;1;land;true;hills;1
4876;55;77;1;land;false;forest;1
4877;13;39;1;land;false;hills;1
4878;20;76;1;land;true;forest;1
4879;32;165;1;land;true;mountain;1
4880;18;161;1;land;false;mountain;1
4881;22;145;1;land;false;mountain;1
4882;6;161;1;land;true;mountain;1
4883;35;171;1;land;true;mountain;1
4884;57;7;1;land;false;mountain;1
4885;107;171;1;land;false;mountain;1
4886;164;5;1;land;false;mountain;1
4887;178;30;1;land;false;mountain;1
4888;194;170;1;land;false;forest;1
4889;191;147;1;land;false;forest;1
4890;219;127;1;land;true;forest;1
4891;217;123;1;land;true;forest;1
4892;247;158;1;land;false;forest;1
4893;248;160;1;land;true;forest;1
4894;171;129;1;land;false;forest;1
4895;116;197;1;land;false;desert;1
4896;118;250;1;land;false;desert;1
4897;120;218;1;land;false;desert;1
4898;147;212;1;land;false;desert;1
4899;131;216;1;land;false;desert;1
4900;193;77;1;land;false;desert;1
4901;181;85;1;land;false;desert;1
4902;189;82;1;land;false;desert;1
4903;137;55;1;land;false;desert;1
4904;169;36;1;land;true;desert;1
4905;17;219;1;land;false;desert;1
4906;28;228;1;land;false;desert;1
4907;25;202;1;land;false;desert;1
4908;26;204;1;land;false;desert;1
4909;27;204;1;land;false;desert;1
4910;33;220;1;land;false;desert;1
4911;21;250;1;land;false;desert;1
4912;41;203;1;land;false;desert;1
4913;6;201;1;land;false;desert;1
4914;27;41;1;land;false;mountain;1
4915;31;67;1;land;false;mountain;1
4916;3;73;1;land;false;mountain;1
4917;17;105;1;land;false;mountain;1
4918;94;209;1;land;true;desert;1
4919;101;218;1;land;true;desert;1
4920;103;79;1;land;false;mountain;1
4921;49;34;1;land;false;mountain;1
4922;215;184;1;land;true;forest;1
4923;161;193;1;land;true;forest;1
4924;212;198;1;land;false;forest;1
4925;174;184;1;land;true;forest;1
4926;202;205;1;land;false;forest;1
4927;212;71;1;land;false;desert;1
4928;215;58;1;land;false;desert;1
4929;161;34;1;land;false;desert;1
4930;229;57;1;land;false;desert;1
4931;152;27;1;land;false;desert;1
4932;170;79;1;land;false;desert;1
4933;178;66;1;land;false;jungle;1
4934;185;78;1;land;false;desert;1
4935;182;68;1;land;false;desert;1
4936;157;78;1;land;false;desert;1
4937;171;51;1;land;false;desert;1
4938;199;64;1;land;false;desert;1
4939;225;135;1;land;false;forest;1
4940;213;174;1;land;false;forest;1
4941;234;182;1;land;false;forest;1
4942;242;135;1;land;false;forest;1
4943;242;162;1;land;false;forest;1
4944;226;153;1;land;false;forest;1
4945;20;40;1;land;true;desert;1
4946;36;39;1;land;false;desert;1
4947;69;172;1;land;true;desert;1
4948;113;180;1;land;false;desert;1
4949;84;162;1;land;false;desert;1
4950;79;152;1;land;false;desert;1
4951;91;178;1;land;true;desert;1
4952;65;172;1;land;false;desert;1
4953;123;57;1;land;false;desert;1
4954;85;5;1;land;false;desert;1
4955;159;166;1;land;false;plains;1
4956;136;92;1;land;false;plains;1
4957;126;154;1;land;false;plains;1
4958;202;236;1;land;false;hills;1
4959;147;235;1;land;false;hills;1
4960;153;242;1;land;false;forest;1
4961;214;236;1;land;false;desert;1
4962;195;234;1;land;false;forest;1
4963;160;230;1;land;false;desert;1
4964;212;239;1;land;false;hills;1
4965;203;221;1;land;false;hills;1
4966;216;246;1;land;false;desert;1
4967;176;227;1;land;false;forest;1
4968;216;242;1;land;false;forest;1
4969;29;134;1;land;false;plains;1
4970;22;122;1;land;false;forest;1
4971;4;131;1;land;false;plains;1
4972;36;249;1;land;false;marsh;1
4973;21;224;1;land;false;marsh;1
4974;28;243;1;land;false;forest;1
4975;49;220;1;land;false;forest;1
4976;65;234;1;land;false;desert;1
4977;20;236;1;land;false;desert;1
4978;161;140;1;land;true;desert;1
4979;188;252;1;land;false;desert;1
4980;228;227;1;land;false;desert;1
4981;222;234;1;land;false;desert;1
4982;245;217;1;land;false;desert;1
4983;172;250;1;land;false;desert;1
4984;76;125;1;land;false;plains;1
4985;12;131;1;land;false;plains;1
4986;17;177;1;land;false;plains;1
4987;14;164;1;land;false;plains;1
4988;57;125;1;land;false;plains;1
4989;68;174;1;land;false;forest;1
4990;76;118;1;land;true;plains;1
4991;76;101;1;land;false;plains;1
4992;14;112;1;land;false;plains;1
4993;44;134;1;land;false;plains;1
4994;56;13;1;land;false;forest;1
4995;108;110;1;land;false;forest;1
4996;149;148;1;land;false;forest;1
4997;126;111;1;land;false;plains;1
4998;111;126;1;land;false;forest;1
4999;142;84;1;land;false;forest;1
5000;89;236;1;land;false;desert;1
5001;155;229;1;land;false;desert;1
5002;84;244;1;land;false;desert;1
5003;242;119;1;land;false;desert;1
5004;245;116;1;land;false;desert;1
5005;204;138;1;land;false;desert;1
5006;200;106;1;land;false;desert;1
5007;205;126;1;land;false;desert;1
5008;192;216;1;land;false;plains;1
5009;220;245;1;land;false;plains;1
5010;198;242;1;land;false;plains;1
5011;193;249;1;land;false;plains;1
5012;194;234;1;land;false;forest;1
5013;15;99;1;land;false;desert;1
5014;32;97;1;land;false;desert;1
5015;23;91;1;land;false;desert;1
5016;47;67;1;land;false;desert;1
5017;7;118;1;land;false;desert;1
5018;16;62;1;land;false;desert;1
5019;55;106;1;land;false;desert;1
5020;78;208;1;land;false;forest;1
5021;32;159;1;land;false;jungle;1
5022;103;108;1;land;false;desert;1
5023;136;65;1;land;false;desert;1
5024;100;66;1;land;false;desert;1
5025;171;64;1;land;false;hills;1
5026;170;60;1;land;false;desert;1
5027;138;90;1;land;false;forest;1
5028;160;104;1;land;false;desert;1
5029;133;96;1;land;false;forest;1
5030;154;123;1;land;false;desert;1
5031;111;47;1;land;false;desert;1
5032;122;96;1;land;false;desert;1
5033;171;110;1;land;false;desert;1
5034;174;84;1;land;false;desert;1
5035;166;105;1;land;false;forest;1
5036;161;196;1;land;false;desert;1
5037;137;220;1;land;false;desert;1
5038;181;169;1;land;false;desert;1
5039;120;232;1;land;false;desert;1
5040;144;216;1;land;true;desert;1
5041;145;228;1;land;false;desert;1
5042;198;93;1;land;false;mountain;1
5043;171;92;1;land;false;mountain;1
5044;199;49;1;land;false;forest;1
5045;183;44;1;land;false;mountain;1
5046;205;173;1;land;false;desert;1
5047;209;133;1;land;false;desert;1
5048;188;158;1;land;false;desert;1
5049;197;181;1;land;false;desert;1
5050;210;187;1;land;false;desert;1
5051;189;151;1;land;false;desert;1
5052;213;157;1;land;false;desert;1
5053;78;90;1;land;false;hills;1
5054;70;21;1;land;false;plains;1
5055;37;90;1;land;false;hills;1
5056;28;43;1;land;false;plains;1
5057;52;45;1;land;false;mountain;1
5058;71;158;1;land;false;desert;1
5059;91;134;1;land;false;desert;1
5060;93;135;1;land;false;desert;1
5061;88;171;1;land;false;desert;1
5062;33;205;1;land;false;desert;1
5063;95;208;1;land;false;marsh;1
5064;103;137;1;land;false;desert;1
5065;90;206;1;land;false;desert;1
5066;35;164;1;land;false;marsh;1
5067;37;160;1;land;false;marsh;1
5068;68;155;1;land;false;desert;1
5069;72;174;1;land;false;desert;1
5070;81;187;1;land;false;desert;1
5071;37;187;1;land;false;desert;1
5072;102;156;1;land;false;desert;1
5073;35;231;1;land;true;desert;1
5074;24;254;1;land;true;desert;1
5075;2;211;1;land;true;desert;1
5076;22;254;1;land;true;desert;1
5077;31;207;1;land;true;desert;1
5078;44;217;1;land;true;desert;1
5079;25;229;1;land;true;desert;1
5080;24;208;1;land;true;desert;1
5081;17;236;1;land;true;desert;1
5082;16;208;1;land;true;desert;1
5083;26;218;1;land;true;desert;1
5084;26;228;1;land;true;desert;1
5085;25;136;1;land;false;desert;1
5086;24;138;1;land;false;desert;1
5087;1;118;1;land;false;plains;1
5088;135;240;1;land;false;desert;1
5089;105;243;1;land;false;desert;1
5090;81;229;1;land;false;desert;1
5091;125;227;1;land;false;desert;1
5092;111;240;1;land;false;desert;1
5093;152;238;1;land;false;desert;1
5094;123;249;1;land;false;desert;1
5095;104;237;1;land;false;desert;1
5096;104;212;1;land;false;desert;1
5097;148;231;1;land;false;desert;1
5098;90;240;1;land;false;desert;1
5099;114;143;1;land;false;forest;1
5100;98;141;1;land;false;plains;1
5101;166;82;1;land;false;plains;1
5102;100;82;1;land;false;plains;1
5103;179;205;1;land;true;desert;1
5104;167;212;1;land;false;desert;1
5105;223;60;1;land;false;forest;1
5106;218;68;1;land;false;forest;1
5107;228;99;1;land;false;forest;1
5108;161;73;1;land;false;forest;1
5109;182;87;1;land;false;forest;1
5110;182;59;1;land;false;forest;1
5111;233;48;1;land;false;forest;1
5112;173;105;1;land;false;forest;1
5113;220;43;1;land;false;hills;1
5114;209;99;1;land;false;urban;1
5115;163;80;1;land;false;forest;1
5116;42;231;1;land;false;hills;1
5117;6;217;1;land;false;hills;1
5118;51;187;1;land;false;hills;1
5119;34;230;1;land;false;mountain;1
5120;34;237;1;land;false;mountain;1
5121;59;191;1;land;false;hills;1
5122;67;243;1;land;false;mountain;1
5123;22;186;1;land;false;hills;1
5124;12;226;1;land;false;hills;1
5125;57;206;1;land;false;mountain;1
5126;64;223;1;land;false;mountain;1
5127;38;240;1;land;false;hills;1
5128;65;96;1;land;true;mountain;1
5129;34;67;1;land;false;mountain;1
5130;81;50;1;land;false;hills;1
5131;20;80;1;land;true;mountain;1
5132;77;162;1;land;false;hills;1
5133;83;216;1;land;false;mountain;1
5134;75;152;1;land;false;mountain;1
5135;70;179;1;land;false;mountain;1
5136;140;164;1;land;false;mountain;1
5137;66;183;1;land;false;mountain;1
5138;89;216;1;land;false;mountain;1
5139;115;23;1;land;false;urban;1
5140;97;44;1;land;false;urban;1
5141;137;73;1;land;false;urban;1
5142;110;17;1;land;false;desert;1
5143;134;19;1;land;false;desert;1
5144;140;73;1;land;false;desert;1
5145;232;213;1;land;false;forest;1
5146;168;200;1;land;false;plains;1
5147;221;185;1;land;false;forest;1
5148;233;75;1;land;false;desert;1
5149;205;74;1;land;false;desert;1
5150;228;51;1;land;false;desert;1
5151;245;65;1;land;false;desert;1
5152;185;21;1;land;false;desert;1
5153;242;70;1;land;false;jungle;1
5154;218;42;1;land;false;jungle;1
5155;26;143;1;land;false;urban;1
5156;43;133;1;land;false;desert;1
5157;40;161;1;land;false;desert;1
5158;34;160;1;land;false;desert;1
5159;31;185;1;land;false;desert;1
5160;51;126;1;land;false;urban;1
5161;35;40;1;land;true;desert;1
5162;29;30;1;land;true;desert;1
5163;53;33;1;land;true;desert;1
5164;63;1;1;land;true;desert;1
5165;0;3;1;land;true;desert;1
5166;51;5;1;land;true;desert;1
5167;2;11;1;land;true;desert;1
5168;34;42;1;land;true;desert;1
5169;25;23;1;land;true;desert;1
5170;71;5;1;land;false;desert;1
5171;138;170;1;land;false;forest;1
5172;144;137;1;land;false;forest;1
5173;117;148;1;land;false;forest;1
5174;120;199;1;land;false;forest;1
5175;100;192;1;land;false;plains;1
5176;122;198;1;land;false;forest;1
5177;154;206;1;land;false;forest;1
5178;114;172;1;land;false;forest;1
5179;156;201;1;land;false;forest;1
5180;154;148;1;land;false;forest;1
5181;95;148;1;land;false;forest;1
5182;103;144;1;land;false;forest;1
5183;124;16;1;land;false;mountain;1
5184;179;57;1;land;false;forest;1
5185;119;51;1;land;false;forest;1
5186;111;43;1;land;false;forest;1
5187;137;111;1;land;false;mountain;1
5188;99;121;1;land;false;hills;1
5189;26;32;1;land;false;hills;1
5190;68;62;1;land;false;mountain;1
5191;94;14;1;land;false;mountain;1
5192;88;28;1;land;false;mountain;1
5193;16;6;1;land;false;hills;1
5194;28;51;1;land;false;mountain;1
5195;176;253;1;land;false;jungle;1
5196;179;235;1;land;false;jungle;1
5197;181;216;1;land;true;jungle;1
5198;158;227;1;land;false;jungle;1
5199;142;140;1;land;false;desert;1
5200;199;105;1;land;false;desert;1
5201;197;86;1;land;false;desert;1
5202;173;158;1;land;false;desert;1
5203;170;97;1;land;false;desert;1
5204;160;159;1;land;false;desert;1
5205;198;107;1;land;false;desert;1
5206;156;159;1;land;false;desert;1
5207;197;131;1;land;false;desert;1
5208;172;87;1;land;false;desert;1
5209;117;11;1;land;true;desert;1
5210;129;8;1;land;false;desert;1
5211;137;40;1;land;false;desert;1
5212;82;36;1;land;false;desert;1
5213;133;55;1;land;false;desert;1
5214;84;102;1;land;false;mountain;1
5215;105;83;1;land;false;mountain;1
5216;71;123;1;land;false;mountain;1
5217;84;103;1;land;false;desert;1
5218;94;149;1;land;false;mountain;1
5219;62;96;1;land;false;mountain;1
5220;89;78;1;land;false;mountain;1
5221;102;116;1;land;false;mountain;1
5222;68;136;1;land;false;hills;1
5223;59;103;1;land;false;mountain;1
5224;92;87;1;land;false;mountain;1
5225;113;87;1;land;false;mountain;1
5226;59;97;1;land;false;mountain;1
5227;95;88;1;land;false;desert;1
5228;101;99;1;land;false;mountain;1
5229;78;125;1;land;false;desert;1
5230;119;77;1;land;false;plains;1
5231;58;136;1;land;false;hills;1
5232;115;96;1;land;false;mountain;1
5233;105;141;1;land;false;mountain;1
5234;89;86;1;land;false;mountain;1
5235;104;121;1;land;false;mountain;1
5236;111;129;1;land;false;mountain;1
5237;226;248;1;land;false;desert;1
5238;200;235;1;land;true;desert;1
5239;253;194;1;land;false;desert;1
5240;236;225;1;land;true;desert;1
5241;216;230;1;land;false;desert;1
5242;249;245;1;land;false;desert;1
5243;189;51;1;land;false;plains;1
5244;209;53;1;land;false;plains;1
5245;175;73;1;land;false;forest;1
5246;184;105;1;land;false;plains;1
5247;244;65;1;land;false;forest;1
5248;175;220;1;land;true;hills;1
5249;164;125;1;land;false;plains;1
5250;161;120;1;land;false;plains;1
5251;140;71;1;land;false;forest;1
5252;89;125;1;land;false;plains;1
5253;161;143;1;land;false;forest;1
5254;117;86;1;land;false;plains;1
5255;31;181;1;land;false;forest;1
5256;5;168;1;land;false;forest;1
5257;11;211;1;land;false;forest;1
5258;2;163;1;land;false;plains;1
5259;13;207;1;land;false;forest;1
5260;14;47;1;land;false;forest;1
5261;29;54;1;land;false;hills;1
5262;31;40;1;land;false;hills;1
5263;13;49;1;land;false;forest;1
5264;6;85;1;land;false;plains;1
5265;30;57;1;land;false;hills;1
5266;31;56;1;land;false;plains;1
5267;228;187;1;land;false;forest;1
5268;158;85;1;land;false;jungle;1
5269;187;30;1;land;false;hills;1
5270;152;25;1;land;false;desert;1
5271;142;26;1;land;false;desert;1
5272;198;55;1;land;false;jungle;1
5273;173;22;1;land;false;hills;1
5274;166;67;1;land;false;jungle;1
5275;214;132;1;land;false;desert;1
5276;189;108;1;land;false;desert;1
5277;209;105;1;land;false;desert;1
5278;242;128;1;land;false;desert;1
5279;245;107;1;land;false;desert;1
5280;199;203;1;land;false;plains;1
5281;199;250;1;land;false;plains;1
5282;147;93;1;land;false;hills;1
5283;153;104;1;land;false;forest;1
5284;150;135;1;land;false;forest;1
5285;124;109;1;land;false;forest;1
5286;124;41;1;land;true;desert;1
5287;29;118;1;land;false;desert;1
5288;23;68;1;land;false;desert;1
5289;29;60;1;land;false;desert;1
5290;241;250;1;land;true;desert;1
5291;234;222;1;land;true;desert;1
5292;250;224;1;land;false;desert;1
5293;208;118;1;land;false;desert;1
5294;197;100;1;land;false;desert;1
5295;144;97;1;land;false;desert;1
5296;174;156;1;land;false;desert;1
5297;182;104;1;land;false;desert;1
5298;168;147;1;land;false;desert;1
5299;192;108;1;land;false;desert;1
5300;164;129;1;land;false;desert;1
5301;184;240;1;land;false;forest;1
5302;46;65;1;land;true;hills;1
5303;48;220;1;land;false;plains;1
5304;245;93;1;land;false;hills;1
5305;252;93;1;land;false;jungle;1
5306;221;220;1;land;false;desert;1
5307;188;200;1;land;false;desert;1
5308;213;250;1;land;false;desert;1
5309;165;205;1;land;false;desert;1
5310;200;193;1;land;false;desert;1
5311;194;204;1;land;false;desert;1
5312;158;229;1;land;false;desert;1
5313;178;237;1;land;false;desert;1
5314;182;234;1;land;false;desert;1
5315;178;182;1;land;false;desert;1
5316;59;46;1;land;false;hills;1
5317;77;145;1;land;false;desert;1
5318;107;196;1;land;false;desert;1
5319;65;166;1;land;false;desert;1
5320;100;204;1;land;false;desert;1
5321;40;192;1;land;false;desert;1
5322;24;89;1;land;false;hills;1
5323;220;161;1;land;false;plains;1
5324;241;210;1;land;false;forest;1
5325;230;75;1;land;false;jungle;1
5326;230;95;1;land;false;jungle;1
5327;242;39;1;land;false;jungle;1
5328;221;33;1;land;false;jungle;1
5329;221;55;1;land;false;jungle;1
5330;244;43;1;land;false;jungle;1
5331;250;97;1;land;false;jungle;1
5332;225;179;1;land;false;forest;1
5333;224;169;1;land;false;forest;1
5334;242;127;1;land;false;forest;1
5335;133;18;1;land;true;desert;1
5336;165;217;1;land;false;desert;1
5337;112;217;1;land;false;desert;1
5338;32;38;1;land;false;desert;1
5339;20;13;1;land;false;mountain;1
5340;28;172;1;land;true;desert;1
5341;249;45;1;land;true;desert;1
5342;202;35;1;land;true;desert;1
5343;217;23;1;land;true;desert;1
5344;195;92;1;land;false;hills;1
5345;247;53;1;land;true;mountain;1
5346;173;29;1;land;false;desert;1
5347;203;84;1;land;true;desert;1
5348;217;20;1;land;false;desert;1
5349;194;27;1;land;false;desert;1
5350;196;79;1;land;false;desert;1
5351;243;72;1;land;false;desert;1
5352;228;88;1;land;true;desert;1
5353;198;81;1;land;false;desert;1
5354;229;33;1;land;false;desert;1
5355;214;28;1;land;true;desert;1
5356;244;14;1;land;true;desert;1
5357;228;75;1;land;false;desert;1
5358;203;16;1;land;true;desert;1
5359;248;45;1;land;true;desert;1
5360;220;29;1;land;false;desert;1
5361;175;18;1;land;true;desert;1
5362;193;80;1;land;false;desert;1
5363;241;73;1;land;false;desert;1
5364;225;17;1;land;false;desert;1
5365;196;84;1;land;true;desert;1
5366;195;41;1;land;true;desert;1
5367;160;138;1;land;false;hills;1
5368;170;136;1;land;false;hills;1
5369;107;48;1;land;false;desert;1
5370;86;34;1;land;false;desert;1
5371;97;19;1;land;false;desert;1
5372;80;0;1;land;false;desert;1
5373;125;30;1;land;false;desert;1
5374;91;50;1;land;false;desert;1
5375;120;27;1;land;false;desert;1
5376;49;47;1;land;false;desert;1
5377;74;21;1;land;false;desert;1
5378;120;17;1;land;false;desert;1
5379;93;35;1;land;false;desert;1
5380;120;10;1;land;false;desert;1
5381;124;49;1;land;false;desert;1
5382;56;48;1;land;false;desert;1
5383;121;23;1;land;false;desert;1
5384;69;138;1;land;false;jungle;1
5385;82;73;1;land;false;forest;1
5386;94;140;1;land;false;forest;1
5387;97;140;1;land;false;forest;1
5388;21;28;1;land;false;hills;1
5389;197;126;1;land;true;desert;1
5390;108;182;1;land;false;forest;1
5391;149;220;1;land;false;forest;1
5392;173;252;1;land;false;plains;1
5393;142;209;1;land;false;forest;1
5394;162;200;1;land;false;plains;1
5395;159;186;1;land;false;forest;1
5396;109;74;1;land;false;desert;1
5397;98;68;1;land;true;desert;1
5398;139;131;1;land;false;desert;1
5399;135;99;1;land;false;desert;1
5400;84;238;1;land;false;forest;1
5401;16;239;1;land;false;forest;1
5402;77;217;1;land;false;forest;1
5403;44;234;1;land;false;forest;1
5404;86;220;1;land;false;forest;1
5405;52;219;1;land;false;forest;1
5406;53;253;1;land;false;forest;1
5407;47;83;1;land;false;desert;1
5408;14;63;1;land;false;desert;1
5409;17;102;1;land;false;desert;1
5410;16;99;1;land;false;desert;1
5411;31;115;1;land;false;desert;1
5412;35;111;1;land;false;desert;1
5413;15;87;1;land;false;desert;1
5414;48;180;1;land;true;forest;1
5415;41;174;1;land;true;plains;1
5416;54;139;1;land;true;plains;1
5417;69;42;1;land;false;mountain;1
5418;63;33;1;land;false;mountain;1
5419;68;37;1;land;false;mountain;1
5420;21;47;1;land;false;forest;1
5421;77;22;1;land;false;mountain;1
5422;84;55;1;land;false;hills;1
5423;82;44;1;land;false;mountain;1
5424;38;24;1;land;false;mountain;1
5425;12;11;1;land;false;mountain;1
5426;248;147;1;land;false;mountain;1
5427;235;60;1;land;false;hills;1
5428;204;93;1;land;false;mountain;1
5429;229;68;1;land;false;hills;1
5430;127;110;1;land;true;plains;1
5431;132;121;1;land;true;mountain;1
5432;122;119;1;land;false;plains;1
5433;86;126;1;land;true;plains;1
5434;93;116;1;land;true;plains;1
5435;103;13;1;land;false;hills;1
5436;78;51;1;land;false;plains;1
5437;82;21;1;land;false;hills;1
5438;69;47;1;land;false;hills;1
5439;39;123;1;land;false;forest;1
5440;21;197;1;land;false;forest;1
5441;20;9;1;land;false;plains;1
5442;9;22;1;land;false;plains;1
5443;43;26;1;land;false;marsh;1
5444;41;12;1;land;false;plains;1
5445;28;45;1;land;false;marsh;1
5446;3;6;1;land;false;mountain;1
5447;28;18;1;land;false;marsh;1
5448;10;12;1;land;false;plains;1
5449;35;30;1;land;false;mountain;1
5450;2;33;1;land;false;marsh;1
5451;2;16;1;land;false;plains;1
5452;137;105;1;land;false;hills;1
5453;196;143;1;land;false;mountain;1
5454;187;101;1;land;false;mountain;1
5455;135;93;1;land;false;mountain;1
5456;155;123;1;land;false;forest;1
5457;155;111;1;land;false;mountain;1
5458;146;85;1;land;false;mountain;1
5459;175;92;1;land;false;mountain;1
5460;148;147;1;land;false;forest;1
5461;147;103;1;land;false;mountain;1
5462;144;110;1;land;false;mountain;1
5463;193;154;1;land;false;hills;1
5464;160;136;1;land;false;forest;1
5465;155;116;1;land;false;mountain;1
5466;194;136;1;land;false;urban;1
5467;152;89;1;land;false;forest;1
5468;169;236;1;land;false;hills;1
5469;157;222;1;land;false;hills;1
5470;139;190;1;land;false;desert;1
5471;105;225;1;land;false;desert;1
5472;160;199;1;land;false;hills;1
5473;177;254;1;land;false;hills;1
5474;118;209;1;land;false;desert;1
5475;104;101;1;land;false;plains;1
5476;108;85;1;land;false;forest;1
5477;78;17;1;land;false;desert;1
5478;39;19;1;land;false;desert;1
5479;18;18;1;land;false;desert;1
5480;94;27;1;land;false;desert;1
5481;240;90;1;land;false;mountain;1
5482;168;176;1;land;false;desert;1
5483;180;213;1;land;false;desert;1
5484;133;90;1;land;false;mountain;1
5485;138;134;1;land;false;hills;1
5486;90;183;1;land;false;hills;1
5487;72;192;1;land;false;hills;1
5488;104;203;1;land;false;hills;1
5489;132;169;1;land;false;hills;1
5490;83;212;1;land;false;jungle;1
5491;130;81;1;land;false;hills;1
5492;114;64;1;land;false;plains;1
5493;70;65;1;land;false;hills;1
5494;113;92;1;land;false;plains;1
5495;120;99;1;land;false;plains;1
5496;125;63;1;land;false;plains;1
5497;79;106;1;land;false;plains;1
5498;135;121;1;land;false;plains;1
5499;69;120;1;land;false;hills;1
5500;133;125;1;land;false;plains;1
5501;123;98;1;land;false;desert;1
5502;144;80;1;land;false;plains;1
5503;125;121;1;land;false;hills;1
5504;109;105;1;land;false;plains;1
5505;75;90;1;land;false;plains;1
5506;145;131;1;land;false;desert;1
5507;114;113;1;land;false;plains;1
5508;105;79;1;land;false;mountain;1
5509;141;69;1;land;false;desert;1
5510;101;94;1;land;false;plains;1
5511;54;232;1;land;false;desert;1
5512;92;206;1;land;false;desert;1
5513;82;173;1;land;false;desert;1
5514;52;187;1;land;false;desert;1
5515;120;227;1;land;false;desert;1
5516;120;175;1;land;false;desert;1
5517;102;232;1;land;false;desert;1
5518;66;229;1;land;false;desert;1
5519;88;227;1;land;false;desert;1
5520;66;189;1;land;false;desert;1
5521;80;162;1;land;false;desert;1
5522;58;201;1;land;false;desert;1
5523;13;55;1;land;true;jungle;1
5524;23;110;1;land;false;jungle;1
5525;36;96;1;land;true;urban;1
5526;16;121;1;land;true;jungle;1
5527;44;59;1;land;true;jungle;1
5528;24;220;1;land;false;hills;1
5529;35;236;1;land;false;hills;1
5530;33;231;1;land;false;hills;1
5531;36;227;1;land;false;hills;1
5532;14;216;1;land;false;hills;1
5533;21;254;1;land;false;hills;1
5534;4;227;1;land;false;mountain;1
5535;16;235;1;land;false;mountain;1
5536;29;224;1;land;false;mountain;1
5537;11;206;1;land;false;hills;1
5538;10;222;1;land;false;plains;1
5539;22;204;1;land;false;hills;1
5540;36;239;1;land;false;plains;1
5541;39;220;1;land;false;plains;1
5542;168;215;1;land;false;forest;1
5543;119;179;1;land;false;forest;1
5544;164;221;1;land;false;plains;1
5545;106;191;1;land;false;plains;1
5546;109;224;1;land;false;forest;1
5547;168;203;1;land;false;forest;1
5548;97;107;1;land;false;hills;1
5549;51;119;1;land;false;hills;1
5550;92;92;1;land;false;jungle;1
5551;161;80;1;land;false;desert;1
5552;168;8;1;land;false;desert;1
5553;206;36;1;land;false;desert;1
5554;187;81;1;land;false;desert;1
5555;223;37;1;land;false;desert;1
5556;189;129;1;land;false;hills;1
5557;209;120;1;land;false;jungle;1
5558;140;108;1;land;false;hills;1
5559;195;154;1;land;false;desert;1
5560;191;172;1;land;false;hills;1
5561;95;52;1;land;false;plains;1
5562;89;149;1;land;false;hills;1
5563;74;178;1;land;false;hills;1
5564;102;157;1;land;false;mountain;1
5565;110;160;1;land;false;hills;1
5566;105;195;1;land;false;hills;1
5567;206;226;1;land;false;desert;1
5568;240;240;1;land;false;desert;1
5569;236;234;1;land;false;desert;1
5570;240;234;1;land;false;desert;1
5571;254;222;1;land;false;desert;1
5572;219;245;1;land;false;desert;1
5573;207;225;1;land;false;desert;1
5574;234;239;1;land;false;desert;1
5575;239;245;1;land;false;desert;1
5576;216;124;1;land;false;desert;1
5577;254;102;1;land;false;desert;1
5578;163;31;1;land;true;hills;1
5579;164;61;1;land;false;hills;1
5580;166;72;1;land;false;hills;1
5581;120;61;1;land;true;hills;1
5582;178;58;1;land;false;hills;1
5583;123;149;1;land;false;forest;1
5584;144;109;1;land;false;forest;1
5585;133;119;1;land;false;forest;1
5586;107;125;1;land;false;forest;1
5587;213;231;1;land;false;desert;1
5588;208;217;1;land;false;jungle;1
5589;210;186;1;land;false;jungle;1
5590;179;202;1;land;false;hills;1
5591;178;63;1;land;true;mountain;1
5592;134;40;1;land;true;mountain;1
5593;111;227;1;land;false;desert;1
5594;61;222;1;land;false;forest;1
5595;86;180;1;land;false;forest;1
5596;56;211;1;land;false;forest;1
5597;123;206;1;land;false;forest;1
5598;67;112;1;land;false;desert;1
5599;58;86;1;land;false;desert;1
5600;50;91;1;land;false;desert;1
5601;88;55;1;land;true;mountain;1
5602;107;79;1;land;true;desert;1
5603;105;114;1;land;true;desert;1
5604;242;130;1;land;false;forest;1
5605;133;179;1;land;true;forest;1
5606;87;23;1;land;false;desert;1
5607;102;64;1;land;false;desert;1
5608;4;119;1;land;false;forest;1
5609;8;196;1;land;false;mountain;1
5610;243;13;1;land;false;desert;1
5611;249;6;1;land;false;desert;1
5612;243;38;1;land;false;desert;1
5613;230;29;1;land;false;desert;1
5614;247;16;1;land;false;desert;1
5615;212;21;1;land;false;desert;1
5616;233;23;1;land;false;desert;1
5617;240;5;1;land;false;desert;1
5618;218;26;1;land;false;desert;1
5619;213;21;1;land;false;desert;1
5620;214;19;1;land;false;desert;1
5621;231;23;1;land;false;desert;1
5622;170;118;1;land;false;desert;1
5623;201;165;1;land;false;desert;1
5624;192;6;1;land;true;desert;1
5625;192;22;1;land;true;desert;1
5626;198;14;1;land;true;desert;1
5627;159;30;1;land;true;desert;1
5628;155;28;1;land;false;desert;1
5629;192;55;1;land;false;desert;1
5630;154;30;1;land;true;desert;1
5631;95;95;1;land;false;hills;1
5632;30;133;1;land;false;forest;1
5633;98;121;1;land;false;plains;1
5634;34;129;1;land;false;hills;1
5635;66;78;1;land;false;plains;1
5636;70;214;1;land;false;plains;1
5637;69;222;1;land;false;plains;1
5638;66;250;1;land;false;mountain;1
5639;53;241;1;land;false;plains;1
5640;77;229;1;land;false;plains;1
5641;45;224;1;land;false;hills;1
5642;61;241;1;land;false;mountain;1
5643;69;247;1;land;false;plains;1
5644;17;231;1;land;false;plains;1
5645;26;248;1;land;false;mountain;1
5646;71;227;1;land;false;plains;1
5647;219;153;1;land;false;jungle;1
5648;242;167;1;land;false;jungle;1
5649;191;109;1;land;false;jungle;1
5650;239;129;1;land;false;jungle;1
5651;215;253;1;land;false;desert;1
5652;229;239;1;land;false;desert;1
5653;183;227;1;land;false;plains;1
5654;223;252;1;land;false;desert;1
5655;192;240;1;land;false;desert;1
5656;247;228;1;land;false;desert;1
5657;226;243;1;land;false;plains;1
5658;171;228;1;land;false;desert;1
5659;250;168;1;land;false;desert;1
5660;199;156;1;land;false;desert;1
5661;214;139;1;land;false;desert;1
5662;207;139;1;land;false;desert;1
5663;226;158;1;land;false;desert;1
5664;193;230;1;land;false;forest;1
5665;206;204;1;land;false;desert;1
5666;179;212;1;land;false;forest;1
5667;107;120;1;land;false;hills;1
5668;134;155;1;land;false;hills;1
5669;153;150;1;land;false;hills;1
5670;88;48;1;land;false;forest;1
5671;129;18;1;land;false;forest;1
5672;78;9;1;land;false;urban;1
5673;81;20;1;land;false;urban;1
5674;97;26;1;land;false;forest;1
5675;117;10;1;land;false;urban;1
5676;133;14;1;land;false;forest;1
5677;129;45;1;land;false;urban;1
5678;43;81;1;land;true;plains;1
5679;24;75;1;land;true;plains;1
5680;3;123;1;land;false;plains;1
5681;6;92;1;land;true;plains;1
5682;41;99;1;land;false;plains;1
5683;205;223;1;land;false;hills;1
5684;248;231;1;land;false;mountain;1
5685;230;227;1;land;false;hills;1
5686;166;115;1;land;false;hills;1
5687;157;101;1;land;false;plains;1
5688;208;95;1;land;false;forest;1
5689;180;139;1;land;false;hills;1
5690;139;91;1;land;false;plains;1
5691;148;118;1;land;false;mountain;1
5692;180;120;1;land;false;hills;1
5693;140;104;1;land;false;forest;1
5694;159;161;1;land;false;plains;1
5695;147;162;1;land;false;hills;1
5696;182;118;1;land;false;forest;1
5697;184;139;1;land;false;hills;1
5698;151;210;1;land;true;desert;1
5699;158;222;1;land;true;desert;1
5700;161;243;1;land;true;desert;1
5701;167;211;1;land;true;desert;1
5702;193;186;1;land;true;desert;1
5703;141;206;1;land;true;desert;1
5704;135;191;1;land;true;desert;1
5705;163;187;1;land;false;desert;1
5706;37;91;1;land;false;mountain;1
5707;58;115;1;land;true;mountain;1
5708;79;95;1;land;true;hills;1
5709;88;123;1;land;false;mountain;1
5710;31;198;1;land;false;forest;1
5711;35;153;1;land;false;hills;1
5712;41;199;1;land;false;jungle;1
5713;16;168;1;land;false;mountain;1
5714;68;218;1;land;false;hills;1
5715;42;216;1;land;false;hills;1
5716;72;207;1;land;false;jungle;1
5717;46;203;1;land;false;hills;1
5718;30;169;1;land;false;jungle;1
5719;10;216;1;land;false;jungle;1
5720;19;210;1;land;false;jungle;1
5721;38;175;1;land;false;hills;1
5722;62;157;1;land;false;mountain;1
5723;24;155;1;land;false;hills;1
5724;34;166;1;land;false;hills;1
5725;3;206;1;land;false;jungle;1
5726;40;152;1;land;false;jungle;1
5727;18;223;1;land;false;jungle;1
5728;3;181;1;land;false;forest;1
5729;233;202;1;land;false;plains;1
5730;127;64;1;land;true;desert;1
5731;70;10;1;land;true;desert;1
5732;96;206;1;land;false;forest;1
5733;51;174;1;land;false;jungle;1
5734;80;171;1;land;false;hills;1
5735;43;157;1;land;false;jungle;1
5736;74;205;1;land;false;hills;1
5737;42;149;1;land;false;desert;1
5738;73;194;1;land;false;hills;1
5739;13;88;1;land;false;desert;1
5740;52;109;1;land;false;desert;1
5741;35;87;1;land;false;desert;1
5742;8;67;1;land;false;desert;1
5743;215;173;1;land;false;desert;1
5744;28;236;1;land;true;hills;1
5745;66;215;1;land;true;mountain;1
5746;14;224;1;land;false;hills;1
5747;3;132;1;land;false;desert;1
5748;34;103;1;land;false;desert;1
5749;50;61;1;land;false;desert;1
5750;5;69;1;land;false;desert;1
5751;47;120;1;land;false;desert;1
5752;13;81;1;land;false;desert;1
5753;23;64;1;land;false;desert;1
5754;20;74;1;land;false;desert;1
5755;16;79;1;land;false;desert;1
5756;34;90;1;land;false;desert;1
5757;50;102;1;land;false;desert;1
5758;202;233;1;land;false;desert;1
5759;233;215;1;land;false;desert;1
5760;178;208;1;land;false;desert;1
5761;144;121;1;land;false;hills;1
5762;156;136;1;land;false;hills;1
5763;180;97;1;land;false;hills;1
5764;68;190;1;land;false;desert;1
5765;107;179;1;land;false;desert;1
5766;106;188;1;land;false;desert;1
5767;97;161;1;land;false;desert;1
5768;53;189;1;land;false;desert;1
5769;105;169;1;land;false;desert;1
5770;115;162;1;land;false;desert;1
5771;56;175;1;land;false;hills;1
5772;61;203;1;land;false;desert;1
5773;46;181;1;land;false;desert;1
5774;62;174;1;land;false;desert;1
5775;79;82;1;land;true;jungle;1
5776;43;110;1;land;false;jungle;1
5777;25;82;1;land;true;jungle;1
5778;32;82;1;land;true;jungle;1
5779;228;221;1;land;false;hills;1
5780;243;69;1;land;false;desert;1
5781;236;82;1;land;false;desert;1
5782;155;209;1;land;true;desert;1
5783;106;204;1;land;false;desert;1
5784;108;217;1;land;false;desert;1
5785;87;224;1;land;true;desert;1
5786;96;207;1;land;true;desert;1
5787;121;197;1;land;false;desert;1
5788;108;220;1;land;true;desert;1
5789;150;169;1;land;true;desert;1
5790;134;219;1;land;false;desert;1
5791;160;216;1;land;true;desert;1
5792;105;161;1;land;true;desert;1
5793;165;211;1;land;true;desert;1
5794;122;229;1;land;true;desert;1
5795;119;47;1;land;false;forest;1
5796;116;54;1;land;false;plains;1
5797;73;16;1;land;false;forest;1
5798;7;218;1;land;false;forest;1
5799;62;163;1;land;false;forest;1
5800;67;154;1;land;false;mountain;1
5801;57;42;1;land;false;hills;1
5802;51;65;1;land;false;hills;1
5803;46;89;1;land;false;hills;1
5804;27;66;1;land;false;hills;1
5805;210;119;1;land;false;hills;1
5806;173;130;1;land;false;plains;1
5807;183;182;1;land;false;plains;1
5808;176;116;1;land;false;hills;1
5809;191;155;1;land;false;plains;1
5810;169;132;1;land;false;hills;1
5811;192;51;1;land;false;mountain;1
5812;184;25;1;land;false;hills;1
5813;166;61;1;land;false;mountain;1
5814;187;58;1;land;false;hills;1
5815;174;69;1;land;false;hills;1
5816;179;22;1;land;false;hills;1
5817;115;31;1;land;false;hills;1
5818;61;142;1;land;false;desert;1
5819;92;148;1;land;false;desert;1
5820;121;206;1;land;false;desert;1
5821;96;162;1;land;false;desert;1
5822;92;44;1;land;false;desert;1
5823;26;12;1;land;false;desert;1
5824;136;40;1;land;false;desert;1
5825;194;12;1;land;false;desert;1
5826;135;150;1;land;false;desert;1
5827;126;119;1;land;false;desert;1
5828;174;100;1;land;false;desert;1
5829;169;91;1;land;false;desert;1
5830;108;158;1;land;false;desert;1
5831;126;123;1;land;false;desert;1
5832;112;163;1;land;false;desert;1
5833;127;135;1;land;false;desert;1
5834;77;57;1;land;false;forest;1
5835;100;26;1;land;false;plains;1
5836;117;1;1;land;false;forest;1
5837;91;9;1;land;false;forest;1
5838;80;13;1;land;false;forest;1
5839;115;54;1;land;false;forest;1
5840;109;63;1;land;false;plains;1
5841;94;181;1;land;false;plains;1
5842;200;232;1;land;false;forest;1
5843;220;228;1;land;false;forest;1
5844;179;241;1;land;false;forest;1
5845;190;154;1;land;false;plains;1
5846;200;97;1;land;true;plains;1
5847;155;156;1;land;true;plains;1
5848;196;112;1;land;true;plains;1
5849;212;112;1;land;true;plains;1
5850;153;109;1;land;true;forest;1
5851;179;140;1;land;false;plains;1
5852;168;96;1;land;true;forest;1
5853;95;26;1;land;false;plains;1
5854;89;50;1;land;false;plains;1
5855;90;30;1;land;false;forest;1
5856;146;40;1;land;false;plains;1
5857;127;38;1;land;false;forest;1
5858;125;4;1;land;false;forest;1
5859;102;37;1;land;false;plains;1
5860;114;2;1;land;false;plains;1
5861;88;107;1;land;false;desert;1
5862;110;142;1;land;false;desert;1
5863;128;78;1;land;false;desert;1
5864;97;88;1;land;false;desert;1
5865;138;109;1;land;false;desert;1
5866;141;98;1;land;false;desert;1
5867;65;120;1;land;false;desert;1
5868;124;80;1;land;false;desert;1
5869;100;139;1;land;false;desert;1
5870;18;227;1;land;false;forest;1
5871;32;229;1;land;false;forest;1
5872;16;195;1;land;true;forest;1
5873;31;243;1;land;false;forest;1
5874;233;91;1;land;true;jungle;1
5875;197;206;1;land;true;mountain;1
5876;164;76;1;land;false;mountain;1
5877;172;149;1;land;false;desert;1
5878;44;200;1;land;false;forest;1
5879;50;84;1;land;false;mountain;1
5880;23;61;1;land;false;mountain;1
5881;5;66;1;land;false;mountain;1
5882;57;96;1;land;false;hills;1
5883;35;68;1;land;false;mountain;1
5884;205;228;1;land;false;mountain;1
5885;240;239;1;land;false;plains;1
5886;224;230;1;land;false;mountain;1
5887;222;250;1;land;false;mountain;1
5888;192;220;1;land;false;plains;1
5889;200;214;1;land;false;plains;1
5890;247;220;1;land;false;mountain;1
5891;239;194;1;land;false;mountain;1
5892;194;25;1;land;false;forest;1
5893;235;57;1;land;false;hills;1
5894;186;70;1;land;false;hills;1
5895;221;114;1;land;true;forest;1
5896;212;102;1;land;true;plains;1
5897;207;252;1;land;false;desert;1
5898;211;239;1;land;false;desert;1
5899;192;221;1;land;false;desert;1
5900;206;236;1;land;false;desert;1
5901;201;230;1;land;false;desert;1
5902;229;238;1;land;false;desert;1
5903;178;220;1;land;false;desert;1
5904;215;225;1;land;false;desert;1
5905;166;172;1;land;false;plains;1
5906;151;131;1;land;true;plains;1
5907;146;99;1;land;false;plains;1
5908;184;120;1;land;false;plains;1
5909;147;144;1;land;false;plains;1
5910;136;37;1;land;true;hills;1
5911;114;1;1;land;true;hills;1
5912;141;42;1;land;true;hills;1
5913;124;44;1;land;true;forest;1
5914;169;5;1;land;true;hills;1
5915;2;71;1;land;false;plains;1
5916;38;108;1;land;false;plains;1
5917;48;107;1;land;false;plains;1
5918;3;69;1;land;false;mountain;1
5919;15;112;1;land;false;mountain;1
5920;36;103;1;land;false;forest;1
5921;49;121;1;land;false;plains;1
5922;56;94;1;land;false;mountain;1
5923;62;81;1;land;false;plains;1
5924;22;74;1;land;false;hills;1
5925;19;62;1;land;false;mountain;1
5926;62;87;1;land;false;plains;1
5927;7;127;1;land;false;plains;1
5928;29;234;1;land;false;desert;1
5929;1;204;1;land;true;desert;1
5930;14;241;1;land;false;desert;1
5931;33;217;1;land;true;desert;1
5932;12;217;1;land;false;desert;1
5933;8;209;1;land;true;desert;1
5934;40;247;1;land;false;desert;1
5935;161;91;1;land;false;desert;1
5936;176;128;1;land;false;desert;1
5937;219;122;1;land;false;desert;1
5938;167;108;1;land;false;desert;1
5939;180;140;1;land;false;desert;1
5940;144;254;1;land;false;plains;1
5941;160;224;1;land;false;urban;1
5942;197;227;1;land;false;plains;1
5943;201;237;1;land;false;plains;1
5944;182;209;1;land;false;plains;1
5945;194;231;1;land;false;forest;1
5946;137;189;1;land;false;forest;1
5947;200;241;1;land;false;plains;1
5948;173;203;1;land;false;forest;1
5949;183;210;1;land;false;forest;1
5950;157;246;1;land;false;plains;1
5951;144;192;1;land;false;plains;1
5952;87;97;1;land;false;desert;1
5953;71;113;1;land;false;desert;1
5954;34;76;1;land;false;desert;1
5955;90;49;1;land;false;desert;1
5956;80;161;1;land;false;forest;1
5957;61;188;1;land;false;forest;1
5958;69;150;1;land;true;plains;1
5959;68;197;1;land;false;plains;1
5960;242;64;1;land;false;plains;1
5961;206;183;1;land;true;forest;1
5962;241;223;1;land;false;forest;1
5963;206;221;1;land;true;plains;1
5964;220;222;1;land;false;forest;1
5965;108;24;1;land;true;mountain;1
5966;110;7;1;land;false;forest;1
5967;107;7;1;land;true;mountain;1
5968;85;28;1;land;false;forest;1
5969;134;11;1;land;false;mountain;1
5970;132;22;1;land;false;mountain;1
5971;133;58;1;land;true;forest;1
5972;119;6;1;land;false;forest;1
5973;127;147;1;land;false;desert;1
5974;127;173;1;land;false;desert;1
5975;83;191;1;land;false;desert;1
5976;64;199;1;land;false;desert;1
5977;87;181;1;land;false;desert;1
5978;125;214;1;land;false;desert;1
5979;77;195;1;land;false;desert;1
5980;127;191;1;land;false;desert;1
5981;72;181;1;land;false;desert;1
5982;126;177;1;land;false;desert;1
5983;101;203;1;land;false;desert;1
5984;46;99;1;land;false;forest;1
5985;10;105;1;land;false;forest;1
5986;42;64;1;land;false;forest;1
5987;21;74;1;land;false;forest;1
5988;54;56;1;land;false;forest;1
5989;6;80;1;land;false;plains;1
5990;45;63;1;land;false;mountain;1
5991;63;98;1;land;false;forest;1
5992;63;54;1;land;false;forest;1
5993;12;185;1;land;false;hills;1
5994;11;184;1;land;false;desert;1
5995;2;141;1;land;false;hills;1
5996;16;166;1;land;false;hills;1
5997;29;180;1;land;false;desert;1
5998;34;165;1;land;false;hills;1
5999;42;83;1;land;false;mountain;1
6000;39;89;1;land;false;forest;1
6001;40;64;1;land;false;forest;1
6002;6;136;1;land;true;plains;1
6003;37;141;1;land;false;plains;1
6004;19;166;1;land;false;hills;1
6005;33;136;1;land;false;plains;1
6006;26;184;1;land;false;plains;1
6007;16;176;1;land;false;plains;1
6008;14;159;1;land;true;plains;1
6009;220;20;1;land;false;hills;1
6010;225;22;1;land;false;forest;1
6011;179;37;1;land;false;forest;1
6012;187;40;1;land;false;forest;1
6013;171;84;1;land;false;forest;1
6014;190;59;1;land;false;hills;1
6015;179;66;1;land;false;forest;1
6016;156;76;1;land;false;hills;1
6017;181;81;1;land;false;forest;1
6018;150;74;1;land;false;forest;1
6019;161;207;1;land;false;plains;1
6020;168;170;1;land;false;mountain;1
6021;81;14;1;land;false;desert;1
6022;51;46;1;land;false;desert;1
6023;87;19;1;land;false;desert;1
6024;64;3;1;land;false;desert;1
6025;31;168;1;land;false;hills;1
6026;16;177;1;land;false;hills;1
6027;49;125;1;land;false;hills;1
6028;76;182;1;land;false;hills;1
6029;238;73;1;land;false;desert;1
6030;245;69;1;land;false;desert;1
6031;202;58;1;land;false;desert;1
6032;237;24;1;land;false;desert;1
6033;221;65;1;land;false;desert;1
6034;247;88;1;land;false;desert;1
6035;183;152;1;land;false;jungle;1
6036;197;162;1;land;false;forest;1
6037;208;117;1;land;false;jungle;1
6038;103;49;1;land;false;plains;1
6039;151;35;1;land;false;forest;1
6040;92;13;1;land;false;forest;1
6041;112;9;1;land;false;forest;1
6042;76;134;1;land;false;forest;1
6043;122;114;1;land;false;forest;1
6044;120;77;1;land;false;forest;1
6045;45;30;1;land;false;mountain;1
6046;63;4;1;land;true;mountain;1
6047;42;26;1;land;false;mountain;1
6048;20;25;1;land;true;mountain;1
6049;26;25;1;land;true;forest;1
6050;39;32;1;land;true;hills;1
6051;35;13;1;land;false;mountain;1
6052;53;3;1;land;false;mountain;1
6053;8;187;1;land;false;forest;1
6054;11;125;1;land;false;forest;1
6055;4;184;1;land;false;forest;1
6056;39;163;1;land;false;forest;1
6057;43;139;1;land;false;forest;1
6058;130;247;1;land;false;plains;1
6059;176;234;1;land;false;forest;1
6060;178;202;1;land;false;forest;1
6061;194;189;1;land;false;forest;1
6062;128;210;1;land;false;forest;1
6063;140;253;1;land;false;plains;1
6064;161;116;1;land;false;desert;1
6065;173;138;1;land;true;desert;1
6066;121;100;1;land;true;desert;1
6067;48;230;1;land;false;plains;1
6068;53;240;1;land;false;plains;1
6069;72;216;1;land;false;plains;1
6070;83;234;1;land;false;plains;1
6071;107;223;1;land;false;plains;1
6072;86;89;1;land;false;plains;1
6073;38;135;1;land;false;mountain;1
6074;86;137;1;land;false;urban;1
6075;72;59;1;land;false;mountain;1
6076;59;71;1;land;false;mountain;1
6077;39;114;1;land;false;mountain;1
6078;67;80;1;land;false;mountain;1
6079;77;84;1;land;false;mountain;1
6080;103;180;1;land;false;plains;1
6081;65;184;1;land;false;plains;1
6082;83;210;1;land;false;plains;1
6083;67;217;1;land;false;forest;1
6084;103;147;1;land;false;plains;1
6085;88;167;1;land;false;forest;1
6086;86;31;1;land;false;hills;1
6087;59;39;1;land;false;plains;1
6088;45;136;1;land;true;mountain;1
6089;17;202;1;land;true;mountain;1
6090;33;178;1;land;false;desert;1
6091;45;171;1;land;false;mountain;1
6092;2;147;1;land;true;mountain;1
6093;41;207;1;land;false;mountain;1
6094;0;177;1;land;true;mountain;1
6095;1;187;1;land;true;mountain;1
6096;241;55;1;land;false;desert;1
6097;252;40;1;land;false;plains;1
6098;254;38;1;land;false;desert;1
6099;108;150;1;land;false;plains;1
6100;174;124;1;land;false;plains;1
6101;118;106;1;land;false;desert;1
6102;105;159;1;land;false;desert;1
6103;163;124;1;land;false;plains;1
6104;100;96;1;land;false;desert;1
6105;175;91;1;land;true;desert;1
6106;155;117;1;land;false;plains;1
6107;174;166;1;land;false;forest;1
6108;142;118;1;land;true;desert;1
6109;137;147;1;land;false;desert;1
6110;156;117;1;land;false;plains;1
6111;152;105;1;land;false;forest;1
6112;149;143;1;land;false;desert;1
6113;137;104;1;land;false;plains;1
6114;169;163;1;land;false;desert;1
6115;102;91;1;land;false;plains;1
6116;104;158;1;land;true;desert;1
6117;124;135;1;land;false;plains;1
6118;120;123;1;land;false;desert;1
6119;152;137;1;land;false;desert;1
6120;139;89;1;land;false;plains;1
6121;112;130;1;land;false;desert;1
6122;165;128;1;land;false;desert;1
6123;173;99;1;land;false;plains;1
6124;122;164;1;land;false;forest;1
6125;121;168;1;land;false;plains;1
6126;163;140;1;land;false;plains;1
6127;104;123;1;land;false;forest;1
6128;165;160;1;land;false;desert;1
6129;166;128;1;land;true;desert;1
6130;125;130;1;land;false;forest;1
6131;109;112;1;land;false;desert;1
6132;149;163;1;land;false;jungle;1
6133;141;117;1;land;false;desert;1
6134;99;109;1;land;false;plains;1
6135;114;132;1;land;false;desert;1
6136;128;32;1;land;false;plains;1
6137;127;23;1;land;false;desert;1
6138;136;10;1;land;false;plains;1
6139;51;201;1;land;false;mountain;1
6140;40;11;1;land;false;desert;1
6141;15;13;1;land;false;desert;1
6142;5;3;1;land;false;desert;1
6143;222;91;1;land;false;plains;1
6144;149;88;1;land;false;plains;1
6145;157;137;1;land;false;plains;1
6146;151;159;1;land;false;plains;1
6147;196;251;1;land;false;desert;1
6148;182;228;1;land;false;plains;1
6149;177;209;1;land;false;plains;1
6150;174;187;1;land;false;desert;1
6151;115;134;1;land;false;hills;1
6152;91;141;1;land;false;hills;1
6153;95;28;1;land;false;plains;1
6154;58;2;1;land;true;plains;1
6155;40;6;1;land;true;plains;1
6156;210;110;1;land;false;desert;1
6157;253;92;1;land;false;plains;1
6158;200;93;1;land;true;desert;1
6159;214;62;1;land;true;desert;1
6160;198;61;1;land;true;plains;1
6161;202;64;1;land;false;desert;1
6162;233;231;1;land;false;mountain;1
6163;139;125;1;land;false;desert;1
6164;107;103;1;land;false;desert;1
6165;154;144;1;land;false;desert;1
6166;126;219;1;land;false;mountain;1
6167;137;201;1;land;false;mountain;1
6168;135;114;1;land;false;plains;1
6169;137;71;1;land;false;plains;1
6170;119;85;1;land;false;plains;1
6171;158;124;1;land;false;plains;1
6172;147;73;1;land;false;forest;1
6173;151;140;1;land;false;forest;1
6174;120;112;1;land;false;forest;1
6175;90;213;1;land;false;hills;1
6176;126;225;1;land;false;jungle;1
6177;114;178;1;land;false;jungle;1
6178;115;240;1;land;false;jungle;1
6179;95;199;1;land;false;jungle;1
6180;115;190;1;land;false;hills;1
6181;133;183;1;land;false;jungle;1
6182;88;186;1;land;false;jungle;1
6183;83;98;1;land;false;desert;1
6184;56;96;1;land;false;desert;1
6185;58;92;1;land;false;desert;1
6186;40;75;1;land;false;desert;1
6187;59;112;1;land;false;desert;1
6188;13;229;1;land;true;desert;1
6189;22;252;1;land;false;desert;1
6190;50;214;1;land;true;desert;1
6191;29;228;1;land;false;desert;1
6192;30;216;1;land;true;desert;1
6193;176;42;1;land;false;desert;1
6194;211;19;1;land;false;desert;1
6195;140;16;1;land;false;desert;1
6196;169;75;1;land;false;desert;1
6197;174;81;1;land;false;desert;1
6198;163;53;1;land;false;desert;1
6199;144;93;1;land;false;desert;1
6200;170;42;1;land;false;desert;1
6201;146;67;1;land;false;desert;1
6202;150;192;1;land;false;desert;1
6203;168;230;1;land;false;desert;1
6204;176;187;1;land;false;desert;1
6205;186;173;1;land;false;desert;1
6206;154;216;1;land;false;desert;1
6207;180;219;1;land;false;desert;1
6208;164;223;1;land;false;desert;1
6209;182;232;1;land;false;desert;1
6210;182;212;1;land;false;desert;1
6211;116;117;1;land;false;desert;1
6212;70;102;1;land;false;desert;1
6213;241;44;1;land;false;hills;1
6214;233;69;1;land;false;hills;1
6215;253;88;1;land;false;desert;1
6216;237;36;1;land;false;hills;1
6217;242;186;1;land;true;desert;1
6218;234;160;1;land;true;desert;1
6219;169;64;1;land;false;forest;1
6220;117;56;1;land;false;forest;1
6221;106;214;1;land;false;desert;1
6222;107;145;1;land;false;desert;1
6223;112;195;1;land;false;desert;1
6224;123;163;1;land;false;desert;1
6225;115;170;1;land;false;desert;1
6226;147;179;1;land;false;desert;1
6227;118;223;1;land;false;desert;1
6228;122;207;1;land;false;desert;1
6229;143;155;1;land;false;desert;1
6230;77;180;1;land;false;desert;1
6231;119;219;1;land;false;desert;1
6232;117;214;1;land;false;desert;1
6233;108;192;1;land;false;desert;1
6234;107;150;1;land;false;desert;1
6235;128;195;1;land;false;desert;1
6236;43;4;1;land;false;mountain;1
6237;6;2;1;land;false;mountain;1
6238;218;149;1;land;false;mountain;1
6239;184;4;1;land;false;desert;1
6240;199;28;1;land;false;desert;1
6241;207;52;1;land;false;desert;1
6242;203;38;1;land;false;desert;1
6243;150;38;1;land;false;desert;1
6244;122;136;1;land;false;hills;1
6245;194;100;1;land;false;hills;1
6246;190;159;1;land;false;hills;1
6247;145;134;1;land;false;plains;1
6248;191;159;1;land;false;hills;1
6249;142;124;1;land;false;hills;1
6250;193;145;1;land;false;plains;1
6251;167;131;1;land;false;plains;1
6252;131;133;1;land;false;hills;1
6253;208;214;1;land;false;forest;1
6254;176;218;1;land;false;plains;1
6255;222;222;1;land;false;plains;1
6256;166;224;1;land;false;plains;1
6257;213;38;1;land;true;plains;1
6258;211;67;1;land;true;forest;1
6259;151;95;1;land;false;plains;1
6260;210;43;1;land;false;forest;1
6261;115;173;1;land;false;mountain;1
6262;129;220;1;land;false;plains;1
6263;127;195;1;land;false;plains;1
6264;130;171;1;land;false;mountain;1
6265;93;228;1;land;false;forest;1
6266;103;118;1;land;false;plains;1
6267;66;72;1;land;false;plains;1
6268;74;111;1;land;false;plains;1
6269;234;201;1;land;false;hills;1
6270;242;176;1;land;false;forest;1
6271;252;160;1;land;false;jungle;1
6272;249;180;1;land;false;mountain;1
6273;231;126;1;land;false;hills;1
6274;212;130;1;land;false;hills;1
6275;216;177;1;land;false;mountain;1
6276;214;51;1;land;false;forest;1
6277;196;40;1;land;true;forest;1
6278;166;194;1;land;false;plains;1
6279;163;175;1;land;false;plains;1
6280;184;183;1;land;false;plains;1
6281;167;189;1;land;false;plains;1
6282;143;204;1;land;false;forest;1
6283;176;29;1;land;false;mountain;1
6284;118;29;1;land;false;mountain;1
6285;134;78;1;land;false;mountain;1
6286;139;32;1;land;false;desert;1
6287;115;36;1;land;false;mountain;1
6288;1;123;1;land;false;desert;1
6289;73;198;1;land;false;desert;1
6290;22;28;1;land;false;desert;1
6291;51;42;1;land;false;desert;1
6292;12;35;1;land;false;mountain;1
6293;211;112;1;land;true;plains;1
6294;235;145;1;land;true;forest;1
6295;189;178;1;land;true;plains;1
6296;200;30;1;land;false;forest;1
6297;161;16;1;land;false;urban;1
6298;227;5;1;land;false;urban;1
6299;170;3;1;land;false;forest;1
6300;198;48;1;land;false;urban;1
6301;157;51;1;land;false;urban;1
6302;198;43;1;land;false;urban;1
6303;150;62;1;land;false;urban;1
6304;92;113;1;land;true;plains;1
6305;103;145;1;land;true;plains;1
6306;72;146;1;land;true;plains;1
6307;46;250;1;land;false;marsh;1
6308;90;252;1;land;false;forest;1
6309;28;224;1;land;false;forest;1
6310;65;252;1;land;false;forest;1
6311;73;224;1;land;false;hills;1
6312;93;247;1;land;false;marsh;1
6313;59;245;1;land;false;marsh;1
6314;38;217;1;land;false;forest;1
6315;71;223;1;land;false;forest;1
6316;36;241;1;land;false;hills;1
6317;35;218;1;land;false;forest;1
6318;237;134;1;land;false;mountain;1
6319;224;146;1;land;true;mountain;1
6320;222;134;1;land;true;mountain;1
6321;233;152;1;land;true;mountain;1
6322;224;221;1;land;false;forest;1
6323;254;243;1;land;false;forest;1
6324;203;139;1;land;false;plains;1
6325;253;143;1;land;false;forest;1
6326;204;102;1;land;false;forest;1
6327;211;226;1;land;false;desert;1
6328;187;163;1;land;false;desert;1
6329;147;154;1;land;false;desert;1
6330;166;144;1;land;false;desert;1
6331;119;122;1;land;false;desert;1
6332;126;16;1;land;false;mountain;1
6333;110;43;1;land;false;mountain;1
6334;158;58;1;land;false;forest;1
6335;122;5;1;land;false;forest;1
6336;162;52;1;land;false;mountain;1
6337;61;82;1;land;false;forest;1
6338;49;118;1;land;false;forest;1
6339;2;65;1;land;false;forest;1
6340;54;83;1;land;false;plains;1
6341;40;65;1;land;false;forest;1
6342;44;70;1;land;false;plains;1
6343;0;115;1;land;false;forest;1
6344;66;97;1;land;false;mountain;1
6345;18;65;1;land;false;forest;1
6346;17;247;1;land;false;desert;1
6347;209;115;1;land;true;plains;1
6348;193;153;1;land;true;plains;1
6349;216;143;1;land;false;plains;1
6350;239;153;1;land;true;plains;1
6351;163;216;1;land;false;desert;1
6352;191;249;1;land;false;desert;1
6353;150;213;1;land;false;desert;1
6354;84;89;1;land;false;plains;1
6355;38;224;1;land;false;desert;1
6356;58;188;1;land;false;desert;1
6357;79;150;1;land;false;desert;1
6358;22;173;1;land;false;desert;1
6359;80;166;1;land;false;desert;1
6360;18;146;1;land;false;desert;1
6361;41;170;1;land;false;desert;1
6362;86;213;1;land;false;desert;1
6363;56;213;1;land;false;desert;1
6364;211;81;1;land;false;forest;1
6365;215;230;1;land;false;mountain;1
6366;131;68;1;land;false;desert;1
6367;152;42;1;land;false;desert;1
6368;104;27;1;land;false;desert;1
6369;121;65;1;land;false;desert;1
6370;109;192;1;land;false;forest;1
6371;124;196;1;land;false;plains;1
6372;131;166;1;land;false;plains;1
6373;88;163;1;land;false;forest;1
6374;82;205;1;land;false;forest;1
6375;69;204;1;land;false;plains;1
6376;107;168;1;land;false;urban;1
6377;13;106;1;land;false;plains;1
6378;3;42;1;land;false;plains;1
6379;39;176;1;land;false;plains;1
6380;44;138;1;land;false;forest;1
6381;23;149;1;land;false;plains;1
6382;37;135;1;land;false;forest;1
6383;5;142;1;land;false;forest;1
6384;67;241;1;land;false;desert;1
6385;76;214;1;land;false;desert;1
6386;30;249;1;land;false;desert;1
6387;92;225;1;land;false;desert;1
6388;96;230;1;land;false;desert;1
6389;47;216;1;land;false;desert;1
6390;70;215;1;land;false;desert;1
6391;58;228;1;land;false;desert;1
6392;26;237;1;land;false;desert;1
6393;19;212;1;land;false;desert;1
6394;56;239;1;land;false;desert;1
6395;53;224;1;land;false;desert;1
6396;75;218;1;land;false;desert;1
6397;76;215;1;land;false;desert;1
6398;47;227;1;land;false;desert;1
6399;50;254;1;land;false;desert;1
6400;24;221;1;land;false;desert;1
6401;37;233;1;land;false;desert;1
6402;89;239;1;land;false;desert;1
6403;70;220;1;land;false;desert;1
6404;66;65;1;land;false;desert;1
6405;54;110;1;land;false;desert;1
6406;11;99;1;land;false;desert;1
6407;2;100;1;land;false;desert;1
6408;219;233;1;land;false;desert;1
6409;227;166;1;land;false;forest;1
6410;227;95;1;land;false;forest;1
6411;231;104;1;land;false;plains;1
6412;178;106;1;land;false;plains;1
6413;178;158;1;land;false;plains;1
6414;235;152;1;land;false;plains;1
6415;220;167;1;land;false;plains;1
6416;216;155;1;land;false;plains;1
6417;212;145;1;land;false;plains;1
6418;234;110;1;land;false;forest;1
6419;193;126;1;land;false;forest;1
6420;97;179;1;land;false;forest;1
6421;106;238;1;land;false;plains;1
6422;93;53;1;land;false;desert;1
6423;79;116;1;land;false;desert;1
6424;52;201;1;land;false;forest;1
6425;35;254;1;land;false;forest;1
6426;13;208;1;land;false;forest;1
6427;50;222;1;land;false;forest;1
6428;251;61;1;land;false;desert;1
6429;237;91;1;land;false;desert;1
6430;237;98;1;land;false;desert;1
6431;152;176;1;land;false;mountain;1
6432;153;174;1;land;false;mountain;1
6433;115;1;1;land;false;desert;1
6434;160;55;1;land;false;desert;1
6435;128;22;1;land;false;desert;1
6436;143;39;1;land;false;desert;1
6437;131;14;1;land;false;desert;1
6438;140;51;1;land;false;desert;1
6439;84;151;1;land;false;forest;1
6440;76;155;1;land;false;forest;1
6441;75;163;1;land;false;forest;1
6442;91;155;1;land;false;forest;1
6443;88;180;1;land;false;forest;1
6444;57;199;1;land;false;plains;1
6445;67;182;1;land;false;forest;1
6446;87;189;1;land;false;forest;1
6447;62;214;1;land;false;forest;1
6448;59;48;1;land;false;plains;1
6449;6;89;1;land;false;plains;1
6450;40;34;1;land;false;plains;1
6451;63;42;1;land;false;forest;1
6452;179;148;1;land;false;forest;1
6453;163;6;1;land;false;desert;1
6454;148;73;1;land;false;desert;1
6455;170;50;1;land;false;desert;1
6456;147;9;1;land;false;desert;1
6457;182;69;1;land;false;desert;1
6458;80;160;1;land;false;desert;1
6459;82;179;1;land;false;desert;1
6460;109;218;1;land;true;desert;1
6461;81;214;1;land;true;desert;1
6462;87;8;1;land;false;forest;1
6463;90;12;1;land;false;plains;1
6464;94;59;1;land;false;forest;1
6465;113;58;1;land;false;forest;1
6466;180;61;1;land;false;jungle;1
6467;172;0;1;land;false;jungle;1
6468;167;20;1;land;false;jungle;1
6469;202;47;1;land;false;jungle;1
6470;215;48;1;land;false;jungle;1
6471;34;119;1;land;false;mountain;1
6472;42;141;1;land;false;plains;1
6473;104;104;1;land;false;forest;1
6474;55;166;1;land;false;plains;1
6475;49;160;1;land;false;mountain;1
6476;92;139;1;land;false;plains;1
6477;53;106;1;land;false;plains;1
6478;34;86;1;land;false;plains;1
6479;48;156;1;land;false;plains;1
6480;77;48;1;land;false;plains;1
6481;112;27;1;land;false;plains;1
6482;134;43;1;land;false;plains;1
6483;84;5;1;land;false;plains;1
6484;246;184;1;land;false;plains;1
6485;253;146;1;land;false;plains;1
6486;207;150;1;land;false;plains;1
6487;222;165;1;land;false;forest;1
6488;222;125;1;land;false;mountain;1
6489;252;191;1;land;false;plains;1
6490;237;205;1;land;false;mountain;1
6491;221;216;1;land;false;hills;1
6492;131;141;1;land;false;desert;1
6493;99;87;1;land;false;desert;1
6494;105;121;1;land;false;desert;1
6495;89;102;1;land;false;desert;1
6496;153;141;1;land;false;desert;1
6497;179;2;1;land;false;forest;1
6498;157;27;1;land;false;mountain;1
6499;118;7;1;land;false;forest;1
6500;149;39;1;land;false;forest;1
6501;174;30;1;land;false;forest;1
6502;17;82;1;land;false;desert;1
6503;12;117;1;land;false;desert;1
6504;69;79;1;land;false;desert;1
6505;48;76;1;land;false;desert;1
6506;23;127;1;land;false;desert;1
6507;37;208;1;land;false;desert;1
6508;16;202;1;land;false;desert;1
6509;60;227;1;land;false;desert;1
6510;44;210;1;land;false;desert;1
6511;40;232;1;land;false;desert;1
6512;6;218;1;land;false;desert;1
6513;167;75;1;land;false;jungle;1
6514;197;37;1;land;false;jungle;1
6515;197;41;1;land;false;jungle;1
6516;209;194;1;land;true;hills;1
6517;96;120;1;land;false;hills;1
6518;114;70;1;land;false;forest;1
6519;61;105;1;land;false;forest;1
6520;248;67;1;land;false;hills;1
6521;206;74;1;land;false;hills;1
6522;216;41;1;land;false;hills;1
6523;237;75;1;land;false;hills;1
6524;225;253;1;land;false;plains;1
6525;253;211;1;land;false;plains;1
6526;132;19;1;land;false;jungle;1
6527;135;73;1;land;true;jungle;1
6528;87;37;1;land;true;hills;1
6529;129;65;1;land;true;hills;1
6530;19;175;1;land;false;desert;1
6531;12;146;1;land;false;desert;1
6532;31;182;1;land;false;desert;1
6533;19;144;1;land;false;desert;1
6534;35;158;1;land;false;desert;1
6535;12;105;1;land;false;desert;1
6536;32;119;1;land;false;desert;1
6537;171;198;1;land;true;desert;1
6538;145;247;1;land;false;desert;1
6539;180;200;1;land;true;desert;1
6540;128;219;1;land;true;desert;1
6541;176;111;1;land;false;desert;1
6542;179;114;1;land;false;desert;1
6543;213;129;1;land;false;desert;1
6544;171;117;1;land;false;desert;1
6545;150;144;1;land;false;desert;1
6546;194;123;1;land;false;desert;1
6547;184;124;1;land;false;desert;1
6548;163;145;1;land;false;desert;1
6549;142;139;1;land;false;desert;1
6550;147;120;1;land;false;desert;1
6551;39;25;1;land;false;forest;1
6552;73;42;1;land;false;forest;1
6553;61;48;1;land;false;forest;1
6554;27;47;1;land;false;forest;1
6555;34;39;1;land;false;forest;1
6556;95;15;1;land;false;forest;1
6557;37;26;1;land;false;forest;1
6558;51;32;1;land;false;forest;1
6559;73;18;1;land;false;forest;1
6560;78;1;1;land;false;hills;1
6561;68;30;1;land;false;forest;1
6562;35;9;1;land;false;forest;1
6563;66;3;1;land;false;forest;1
6564;44;114;1;land;false;hills;1
6565;82;71;1;land;false;forest;1
6566;38;56;1;land;true;marsh;1
6567;47;128;1;land;false;hills;1
6568;89;103;1;land;false;hills;1
6569;26;89;1;land;false;forest;1
6570;60;90;1;land;false;forest;1
6571;26;125;1;land;false;hills;1
6572;74;58;1;land;false;hills;1
6573;47;69;1;land;true;plains;1
6574;49;113;1;land;false;forest;1
6575;40;102;1;land;false;marsh;1
6576;88;93;1;land;false;forest;1
6577;45;72;1;land;false;hills;1
6578;54;55;1;land;false;hills;1
6579;225;229;1;land;true;desert;1
6580;187;222;1;land;true;desert;1
6581;196;206;1;land;true;desert;1
6582;240;115;1;land;false;desert;1
6583;235;150;1;land;false;desert;1
6584;252;168;1;land;false;desert;1
6585;234;106;1;land;false;desert;1
6586;212;168;1;land;false;desert;1
6587;230;167;1;land;false;desert;1
6588;202;131;1;land;false;desert;1
6589;235;146;1;land;false;desert;1
6590;210;161;1;land;false;desert;1
6591;125;187;1;land;false;plains;1
6592;90;121;1;land;true;desert;1
6593;206;180;1;land;true;desert;1
6594;209;215;1;land;false;desert;1
6595;33;97;1;land;false;forest;1
6596;21;90;1;land;false;forest;1
6597;134;218;1;land;false;forest;1
6598;116;178;1;land;false;forest;1
6599;111;185;1;land;false;forest;1
6600;117;206;1;land;false;forest;1
6601;115;183;1;land;false;forest;1
6602;189;192;1;land;false;forest;1
6603;157;219;1;land;false;forest;1
6604;189;219;1;land;false;forest;1
6605;155;213;1;land;false;forest;1
6606;156;207;1;land;false;forest;1
6607;140;61;1;land;true;desert;1
6608;170;16;1;land;true;desert;1
6609;119;33;1;land;true;desert;1
6610;176;5;1;land;true;desert;1
6611;144;39;1;land;true;desert;1
6612;163;36;1;land;true;desert;1
6613;55;169;1;land;false;jungle;1
6614;52;195;1;land;false;jungle;1
6615;35;140;1;land;false;jungle;1
6616;13;164;1;land;false;jungle;1
6617;26;64;1;land;false;hills;1
6618;95;44;1;land;false;hills;1
6619;69;50;1;land;false;hills;1
6620;70;64;1;land;false;hills;1
6621;74;108;1;land;false;hills;1
6622;39;72;1;land;false;hills;1
6623;27;77;1;land;false;hills;1
6624;230;150;1;land;false;desert;1
6625;234;194;1;land;false;desert;1
6626;167;177;1;land;false;desert;1
6627;231;197;1;land;false;desert;1
6628;165;150;1;land;false;desert;1
6629;231;195;1;land;false;desert;1
6630;186;182;1;land;false;desert;1
6631;179;154;1;land;false;desert;1
6632;200;196;1;land;false;desert;1
6633;162;131;1;land;false;desert;1
6634;28;63;1;land;false;mountain;1
6635;55;94;1;land;false;mountain;1
6636;27;64;1;land;false;marsh;1
6637;22;92;1;land;false;mountain;1
6638;11;71;1;land;false;plains;1
6639;45;79;1;land;false;mountain;1
6640;43;61;1;land;false;mountain;1
6641;25;105;1;land;false;mountain;1
6642;24;45;1;land;false;mountain;1
6643;67;75;1;land;false;mountain;1
6644;177;166;1;land;false;jungle;1
6645;156;197;1;land;false;forest;1
6646;210;188;1;land;false;forest;1
6647;188;123;1;land;false;forest;1
6648;223;138;1;land;false;forest;1
6649;181;127;1;land;false;jungle;1
6650;200;145;1;land;false;hills;1
6651;236;74;1;land;false;plains;1
6652;214;60;1;land;false;hills;1
6653;224;47;1;land;false;plains;1
6654;72;166;1;land;false;forest;1
6655;102;28;1;land;false;mountain;1
6656;102;10;1;land;false;forest;1
6657;56;3;1;land;false;plains;1
6658;91;20;1;land;false;plains;1
6659;100;55;1;land;false;forest;1
6660;121;21;1;land;false;plains;1
6661;70;42;1;land;false;forest;1
6662;70;55;1;land;false;forest;1
6663;246;168;1;land;false;plains;1
6664;251;135;1;land;false;marsh;1
6665;224;157;1;land;false;forest;1
6666;197;152;1;land;false;marsh;1
6667;245;173;1;land;false;forest;1
6668;210;150;1;land;false;plains;1
6669;219;144;1;land;false;marsh;1
6670;225;171;1;land;false;hills;1
6671;208;151;1;land;false;marsh;1
6672;42;80;1;land;false;plains;1
6673;28;77;1;land;false;hills;1
6674;3;86;1;land;false;forest;1
6675;10;90;1;land;false;hills;1
6676;171;118;1;land;false;forest;1
6677;165;131;1;land;false;forest;1
6678;143;134;1;land;false;forest;1
6679;103;23;1;land;true;mountain;1
6680;155;6;1;land;true;forest;1
6681;2;85;1;land;false;desert;1
6682;54;75;1;land;false;desert;1
6683;40;147;1;land;false;desert;1
6684;32;13;1;land;false;forest;1
6685;15;31;1;land;false;forest;1
6686;24;16;1;land;false;hills;1
6687;49;37;1;land;false;forest;1
6688;85;23;1;land;false;forest;1
6689;66;21;1;land;false;hills;1
6690;84;39;1;land;false;forest;1
6691;82;5;1;land;false;forest;1
6692;32;44;1;land;false;forest;1
6693;150;132;1;land;false;jungle;1
6694;215;109;1;land;false;jungle;1
6695;196;124;1;land;false;jungle;1
6696;155;170;1;land;false;forest;1
6697;227;176;1;land;false;forest;1
6698;162;160;1;land;false;jungle;1
6699;219;158;1;land;false;forest;1
6700;171;157;1;land;false;jungle;1
6701;173;108;1;land;false;jungle;1
6702;169;176;1;land;false;jungle;1
6703;182;145;1;land;false;jungle;1
6704;169;237;1;land;false;forest;1
6705;216;222;1;land;false;forest;1
6706;201;191;1;land;false;mountain;1
6707;190;210;1;land;false;forest;1
6708;34;140;1;land;false;desert;1
6709;41;135;1;land;false;desert;1
6710;91;93;1;land;false;desert;1
6711;69;83;1;land;false;desert;1
6712;72;86;1;land;false;desert;1
6713;71;130;1;land;false;desert;1
6714;89;81;1;land;false;desert;1
6715;58;64;1;land;false;desert;1
6716;62;7;1;land;false;plains;1
6717;240;101;1;land;false;hills;1
6718;251;107;1;land;false;mountain;1
6719;217;114;1;land;false;hills;1
6720;196;125;1;land;false;hills;1
6721;220;71;1;land;false;hills;1
6722;223;76;1;land;false;hills;1
6723;234;61;1;land;false;hills;1
6724;226;118;1;land;false;mountain;1
6725;236;131;1;land;false;hills;1
6726;126;206;1;land;false;desert;1
6727;78;142;1;land;false;desert;1
6728;81;177;1;land;false;desert;1
6729;29;16;1;land;false;jungle;1
6730;13;57;1;land;false;jungle;1
6731;5;4;1;land;false;jungle;1
6732;5;46;1;land;false;jungle;1
6733;8;162;1;land;false;marsh;1
6734;40;188;1;land;false;marsh;1
6735;1;180;1;land;false;marsh;1
6736;0;154;1;land;false;hills;1
6737;9;151;1;land;false;plains;1
6738;4;179;1;land;false;marsh;1
6739;61;189;1;land;false;marsh;1
6740;68;165;1;land;false;plains;1
6741;34;138;1;land;false;mountain;1
6742;23;197;1;land;false;urban;1
6743;45;153;1;land;false;marsh;1
6744;27;132;1;land;false;plains;1
6745;14;172;1;land;false;mountain;1
6746;48;138;1;land;false;marsh;1
6747;163;34;1;land;false;desert;1
6748;145;144;1;land;false;desert;1
6749;125;124;1;land;false;desert;1
6750;151;103;1;land;false;desert;1
6751;132;166;1;land;false;desert;1
6752;128;117;1;land;false;desert;1
6753;25;36;1;land;true;desert;1
6754;86;201;1;land;false;desert;1
6755;72;200;1;land;false;desert;1
6756;61;168;1;land;false;desert;1
6757;104;151;1;land;false;desert;1
6758;78;158;1;land;false;desert;1
6759;93;198;1;land;false;desert;1
6760;101;204;1;land;false;desert;1
6761;216;22;1;land;false;desert;1
6762;197;32;1;land;false;desert;1
6763;184;7;1;land;false;desert;1
6764;221;39;1;land;false;desert;1
6765;214;30;1;land;false;desert;1
6766;184;9;1;land;false;desert;1
6767;241;25;1;land;false;desert;1
6768;199;2;1;land;false;desert;1
6769;205;43;1;land;false;desert;1
6770;229;9;1;land;false;desert;1
6771;230;162;1;land;false;desert;1
6772;196;131;1;land;false;desert;1
6773;208;121;1;land;false;desert;1
6774;181;140;1;land;false;desert;1
6775;244;154;1;land;false;desert;1
6776;199;103;1;land;false;desert;1
6777;187;122;1;land;false;forest;1
6778;223;99;1;land;false;desert;1
6779;187;116;1;land;false;desert;1
6780;225;118;1;land;false;desert;1
6781;206;115;1;land;false;desert;1
6782;169;154;1;land;false;desert;1
6783;175;155;1;land;false;desert;1
6784;185;101;1;land;false;desert;1
6785;109;193;1;land;false;hills;1
6786;115;251;1;land;false;hills;1
6787;66;251;1;land;false;mountain;1
6788;115;85;1;land;false;mountain;1
6789;89;112;1;land;false;hills;1
6790;113;114;1;land;false;mountain;1
6791;131;120;1;land;false;mountain;1
6792;107;135;1;land;false;mountain;1
6793;149;153;1;land;false;hills;1
6794;116;85;1;land;false;hills;1
6795;136;88;1;land;false;mountain;1
6796;121;109;1;land;false;mountain;1
6797;158;104;1;land;false;hills;1
6798;101;100;1;land;false;mountain;1
6799;17;221;1;land;false;desert;1
6800;37;240;1;land;false;desert;1
6801;1;242;1;land;false;desert;1
6802;36;250;1;land;false;desert;1
6803;5;254;1;land;false;desert;1
6804;33;228;1;land;false;desert;1
6805;23;249;1;land;false;desert;1
6806;142;184;1;land;true;desert;1
6807;141;251;1;land;true;desert;1
6808;145;232;1;land;false;desert;1
6809;116;236;1;land;true;desert;1
6810;150;203;1;land;true;desert;1
6811;154;224;1;land;true;desert;1
6812;102;209;1;land;true;desert;1
6813;120;250;1;land;true;desert;1
6814;99;241;1;land;true;desert;1
6815;102;173;1;land;true;desert;1
6816;144;196;1;land;true;desert;1
6817;177;213;1;land;false;desert;1
6818;133;237;1;land;true;desert;1
6819;161;218;1;land;true;desert;1
6820;176;182;1;land;true;desert;1
6821;133;196;1;land;true;desert;1
6822;148;103;1;land;false;plains;1
6823;177;108;1;land;false;forest;1
6824;152;91;1;land;false;plains;1
6825;76;190;1;land;false;jungle;1
6826;25;199;1;land;false;jungle;1
6827;25;231;1;land;false;jungle;1
6828;24;242;1;land;false;jungle;1
6829;80;206;1;land;false;forest;1
6830;46;211;1;land;false;desert;1
6831;44;228;1;land;false;forest;1
6832;160;71;1;land;false;plains;1
6833;179;77;1;land;false;plains;1
6834;22;214;1;land;false;plains;1
6835;75;169;1;land;false;forest;1
6836;70;239;1;land;false;forest;1
6837;65;226;1;land;false;forest;1
6838;53;178;1;land;false;forest;1
6839;43;216;1;land;false;plains;1
6840;69;239;1;land;false;plains;1
6841;30;73;1;land;false;forest;1
6842;92;110;1;land;false;forest;1
6843;35;64;1;land;false;forest;1
6844;31;120;1;land;false;plains;1
6845;57;67;1;land;false;hills;1
6846;58;127;1;land;false;forest;1
6847;108;74;1;land;false;hills;1
6848;42;65;1;land;false;forest;1
6849;85;102;1;land;false;hills;1
6850;56;125;1;land;false;forest;1
6851;104;78;1;land;false;plains;1
6852;103;66;1;land;false;hills;1
6853;100;83;1;land;false;forest;1
6854;94;99;1;land;false;forest;1
6855;192;248;1;land;false;desert;1
6856;236;249;1;land;true;desert;1
6857;188;52;1;land;false;plains;1
6858;219;45;1;land;false;plains;1
6859;74;179;1;land;false;desert;1
6860;96;197;1;land;false;desert;1
6861;116;182;1;land;false;desert;1
6862;108;183;1;land;false;desert;1
6863;58;186;1;land;false;desert;1
6864;124;158;1;land;false;desert;1
6865;59;210;1;land;false;desert;1
6866;63;163;1;land;false;desert;1
6867;68;167;1;land;false;desert;1
6868;87;193;1;land;false;desert;1
6869;123;207;1;land;false;desert;1
6870;53;155;1;land;false;desert;1
6871;68;231;1;land;false;desert;1
6872;93;117;1;land;false;forest;1
6873;109;116;1;land;true;forest;1
6874;154;112;1;land;false;urban;1
6875;235;205;1;land;false;forest;1
6876;252;215;1;land;false;plains;1
6877;247;196;1;land;false;forest;1
6878;223;180;1;land;false;forest;1
6879;240;199;1;land;false;plains;1
6880;239;147;1;land;false;forest;1
6881;254;157;1;land;false;forest;1
6882;229;44;1;land;false;desert;1
6883;236;78;1;land;false;desert;1
6884;233;22;1;land;false;desert;1
6885;244;51;1;land;false;desert;1
6886;222;65;1;land;false;jungle;1
6887;249;51;1;land;false;desert;1
6888;214;42;1;land;false;desert;1
6889;235;62;1;land;false;desert;1
6890;222;37;1;land;false;desert;1
6891;250;79;1;land;false;desert;1
6892;232;58;1;land;false;desert;1
6893;219;77;1;land;false;desert;1
6894;231;10;1;land;false;desert;1
6895;99;125;1;land;false;plains;1
6896;108;115;1;land;false;plains;1
6897;120;170;1;land;false;plains;1
6898;167;24;1;land;false;plains;1
6899;195;40;1;land;false;plains;1
6900;184;35;1;land;false;forest;1
6901;149;43;1;land;false;forest;1
6902;20;169;1;land;false;urban;1
6903;7;186;1;land;false;hills;1
6904;7;169;1;land;false;plains;1
6905;14;219;1;land;false;plains;1
6906;49;10;1;land;true;desert;1
6907;22;0;1;land;false;desert;1
6908;4;26;1;land;true;desert;1
6909;27;0;1;land;true;desert;1
6910;62;17;1;land;true;desert;1
6911;59;41;1;land;false;desert;1
6912;18;10;1;land;false;desert;1
6913;199;145;1;land;false;forest;1
6914;147;130;1;land;false;plains;1
6915;155;132;1;land;false;plains;1
6916;194;118;1;land;false;plains;1
6917;202;170;1;land;false;forest;1
6918;171;63;1;land;false;desert;1
6919;112;157;1;land;false;forest;1
6920;106;140;1;land;false;plains;1
6921;112;160;1;land;false;forest;1
6922;67;121;1;land;false;plains;1
6923;250;233;1;land;false;desert;1
6924;245;237;1;land;false;desert;1
6925;203;204;1;land;false;desert;1
6926;195;218;1;land;false;desert;1
6927;94;34;1;land;true;desert;1
6928;128;226;1;land;false;mountain;1
6929;118;233;1;land;false;forest;1
6930;53;125;1;land;false;desert;1
6931;52;101;1;land;false;desert;1
6932;12;157;1;land;false;hills;1
6933;51;169;1;land;false;hills;1
6934;29;146;1;land;false;forest;1
6935;28;140;1;land;false;forest;1
6936;23;135;1;land;false;forest;1
6937;14;161;1;land;false;mountain;1
6938;27;149;1;land;false;hills;1
6939;12;176;1;land;false;hills;1
6940;185;34;1;land;false;hills;1
6941;143;42;1;land;false;hills;1
6942;152;79;1;land;true;forest;1
6943;144;9;1;land;false;hills;1
6944;152;53;1;land;false;mountain;1
6945;172;75;1;land;true;mountain;1
6946;137;17;1;land;true;hills;1
6947;194;79;1;land;false;mountain;1
6948;147;233;1;land;true;desert;1
6949;181;240;1;land;true;desert;1
6950;150;179;1;land;true;desert;1
6951;215;187;1;land;true;desert;1
6952;147;218;1;land;true;desert;1
6953;162;187;1;land;true;desert;1
6954;149;235;1;land;false;desert;1
6955;49;53;1;land;false;desert;1
6956;86;70;1;land;false;desert;1
6957;101;65;1;land;false;desert;1
6958;65;69;1;land;false;desert;1
6959;39;69;1;land;false;desert;1
6960;66;33;1;land;false;desert;1
6961;102;50;1;land;false;desert;1
6962;90;6;1;land;false;desert;1
6963;72;53;1;land;false;desert;1
6964;94;64;1;land;false;desert;1
6965;83;7;1;land;false;desert;1
6966;33;159;1;land;false;plains;1
6967;71;157;1;land;false;plains;1
6968;209;216;1;land;false;desert;1
6969;213;246;1;land;false;desert;1
6970;185;246;1;land;false;desert;1
6971;193;231;1;land;false;desert;1
6972;208;222;1;land;false;desert;1
6973;188;217;1;land;false;desert;1
6974;208;192;1;land;true;mountain;1
6975;251;191;1;land;false;mountain;1
6976;239;138;1;land;false;mountain;1
6977;138;44;1;land;false;desert;1
6978;92;94;1;land;false;forest;1
6979;133;98;1;land;false;forest;1
6980;110;91;1;land;false;forest;1
6981;71;135;1;land;false;plains;1
6982;82;109;1;land;false;forest;1
6983;129;72;1;land;false;forest;1
6984;213;237;1;land;false;desert;1
6985;214;245;1;land;false;desert;1
6986;217;226;1;land;false;desert;1
6987;242;225;1;land;false;desert;1
6988;15;146;1;land;false;desert;1
6989;14;127;1;land;true;desert;1
6990;28;152;1;land;true;desert;1
6991;46;174;1;land;true;desert;1
6992;186;218;1;land;false;forest;1
6993;39;174;1;land;false;plains;1
6994;22;164;1;land;false;forest;1
6995;119;235;1;land;false;mountain;1
6996;124;224;1;land;false;mountain;1
6997;200;155;1;land;true;desert;1
6998;203;127;1;land;true;desert;1
6999;68;11;1;land;false;desert;1
7000;76;29;1;land;false;desert;1
7001;30;81;1;land;false;jungle;1
7002;20;72;1;land;false;jungle;1
7003;52;79;1;land;false;hills;1
7004;55;88;1;land;false;jungle;1
7005;42;53;1;land;false;jungle;1
7006;76;94;1;land;false;jungle;1
7007;161;195;1;land;false;desert;1
7008;160;220;1;land;false;desert;1
7009;179;228;1;land;false;desert;1
7010;232;138;1;land;false;forest;1
7011;190;111;1;land;false;forest;1
7012;187;156;1;land;false;forest;1
7013;221;162;1;land;false;forest;1
7014;222;123;1;land;false;mountain;1
7015;210;141;1;land;false;forest;1
7016;211;154;1;land;false;forest;1
7017;96;199;1;land;false;jungle;1
7018;80;212;1;land;false;hills;1
7019;94;225;1;land;false;jungle;1
7020;125;195;1;land;false;jungle;1
7021;75;236;1;land;false;jungle;1
7022;70;251;1;land;false;hills;1
7023;127;218;1;land;false;jungle;1
7024;114;206;1;land;false;jungle;1
7025;133;212;1;land;false;jungle;1
7026;118;237;1;land;false;hills;1
7027;146;253;1;land;false;jungle;1
7028;129;81;1;land;false;desert;1
7029;118;121;1;land;false;desert;1
7030;221;193;1;land;true;forest;1
7031;44;53;1;land;true;desert;1
7032;34;59;1;land;true;desert;1
7033;30;80;1;land;true;desert;1
7034;24;55;1;land;true;desert;1
7035;148;217;1;land;false;mountain;1
7036;191;218;1;land;false;plains;1
7037;148;225;1;land;false;mountain;1
7038;171;229;1;land;false;forest;1
7039;151;7;1;land;true;mountain;1
7040;145;25;1;land;true;desert;1
7041;133;75;1;land;true;hills;1
7042;123;65;1;land;true;mountain;1
7043;181;2;1;land;true;desert;1
7044;24;189;1;land;false;mountain;1
7045;59;105;1;land;false;plains;1
7046;221;154;1;land;true;mountain;1
7047;196;192;1;land;false;hills;1
7048;240;132;1;land;true;mountain;1
7049;95;229;1;land;true;desert;1
7050;225;250;1;land;false;desert;1
7051;225;219;1;land;false;mountain;1
7052;213;232;1;land;false;desert;1
7053;214;219;1;land;false;desert;1
7054;239;242;1;land;false;desert;1
7055;241;230;1;land;false;forest;1
7056;225;226;1;land;false;desert;1
7057;213;236;1;land;false;desert;1
7058;234;235;1;land;false;desert;1
7059;221;205;1;land;false;desert;1
7060;116;156;1;land;false;desert;1
7061;155;113;1;land;false;desert;1
7062;152;204;1;land;false;desert;1
7063;159;183;1;land;false;desert;1
7064;34;123;1;land;false;hills;1
7065;42;101;1;land;false;hills;1
7066;65;238;1;land;false;forest;1
7067;181;106;1;land;false;mountain;1
7068;218;87;1;land;false;mountain;1
7069;213;59;1;land;false;mountain;1
7070;172;92;1;land;false;mountain;1
7071;208;209;1;land;true;hills;1
7072;190;230;1;land;true;mountain;1
7073;197;225;1;land;false;hills;1
7074;149;211;1;land;true;mountain;1
7075;142;182;1;land;true;hills;1
7076;182;235;1;land;false;mountain;1
7077;185;216;1;land;false;mountain;1
7078;76;41;1;land;false;desert;1
7079;63;27;1;land;false;desert;1
7080;54;7;1;land;false;desert;1
7081;41;62;1;land;false;desert;1
7082;83;59;1;land;false;desert;1
7083;70;66;1;land;false;desert;1
7084;48;52;1;land;false;desert;1
7085;80;197;1;land;true;mountain;1
7086;115;226;1;land;false;mountain;1
7087;90;221;1;land;true;mountain;1
7088;226;51;1;land;false;hills;1
7089;210;83;1;land;false;hills;1
7090;249;108;1;land;false;forest;1
7091;211;163;1;land;false;forest;1
7092;247;111;1;land;false;hills;1
7093;246;159;1;land;false;forest;1
7094;235;165;1;land;false;plains;1
7095;213;132;1;land;false;forest;1
7096;205;169;1;land;false;plains;1
7097;233;137;1;land;false;forest;1
7098;188;131;1;land;false;hills;1
7099;234;173;1;land;false;hills;1
7100;241;169;1;land;false;forest;1
7101;183;111;1;land;false;forest;1
7102;204;112;1;land;false;forest;1
7103;222;184;1;land;false;plains;1
7104;214;113;1;land;false;hills;1
7105;244;137;1;land;false;forest;1
7106;237;135;1;land;false;hills;1
7107;210;166;1;land;false;forest;1
7108;195;141;1;land;false;forest;1
7109;247;164;1;land;false;forest;1
7110;200;130;1;land;false;plains;1
7111;185;158;1;land;false;hills;1
7112;183;120;1;land;false;hills;1
7113;191;117;1;land;false;plains;1
7114;111;4;1;land;false;jungle;1
7115;86;26;1;land;false;jungle;1
7116;85;9;1;land;false;forest;1
7117;100;19;1;land;false;forest;1
7118;139;55;1;land;false;jungle;1
7119;138;154;1;land;false;hills;1
7120;118;170;1;land;false;hills;1
7121;101;189;1;land;false;hills;1
7122;143;173;1;land;false;mountain;1
7123;17;10;1;land;false;desert;1
7124;33;1;1;land;true;mountain;1
7125;43;6;1;land;true;mountain;1
7126;10;57;1;land;false;desert;1
7127;40;48;1;land;false;desert;1
7128;205;56;1;land;true;desert;1
7129;212;56;1;land;true;desert;1
7130;205;52;1;land;true;desert;1
7131;83;122;1;land;true;desert;1
7132;103;138;1;land;true;desert;1
7133;129;121;1;land;false;desert;1
7134;100;130;1;land;true;desert;1
7135;93;132;1;land;false;desert;1
7136;64;116;1;land;false;desert;1
7137;87;98;1;land;true;desert;1
7138;106;162;1;land;false;desert;1
7139;59;161;1;land;true;desert;1
7140;112;28;1;land;false;desert;1
7141;159;20;1;land;false;desert;1
7142;94;22;1;land;true;desert;1
7143;165;1;1;land;false;desert;1
7144;148;23;1;land;false;desert;1
7145;146;33;1;land;false;desert;1
7146;121;5;1;land;true;desert;1
7147;102;11;1;land;false;desert;1
7148;149;21;1;land;false;desert;1
7149;147;58;1;land;false;desert;1
7150;95;46;1;land;false;desert;1
7151;15;168;1;land;false;desert;1
7152;3;145;1;land;true;desert;1
7153;22;183;1;land;true;desert;1
7154;49;172;1;land;false;desert;1
7155;37;138;1;land;true;desert;1
7156;26;217;1;land;false;jungle;1
7157;38;243;1;land;false;jungle;1
7158;39;217;1;land;false;jungle;1
7159;37;229;1;land;false;jungle;1
7160;170;123;1;land;false;jungle;1
7161;168;121;1;land;false;hills;1
7162;158;128;1;land;false;jungle;1
7163;155;130;1;land;false;jungle;1
7164;130;118;1;land;false;hills;1
7165;149;34;1;land;false;forest;1
7166;136;32;1;land;false;forest;1
7167;164;15;1;land;false;forest;1
7168;180;19;1;land;false;forest;1
7169;155;27;1;land;false;plains;1
7170;182;26;1;land;false;forest;1
7171;33;93;1;land;false;desert;1
7172;84;201;1;land;false;desert;1
7173;31;202;1;land;false;desert;1
7174;19;236;1;land;false;desert;1
7175;66;252;1;land;false;desert;1
7176;47;250;1;land;false;desert;1
7177;75;240;1;land;false;plains;1
7178;157;67;1;land;false;plains;1
7179;221;57;1;land;false;jungle;1
7180;191;99;1;land;false;hills;1
7181;182;40;1;land;false;plains;1
7182;187;89;1;land;false;jungle;1
7183;200;55;1;land;false;hills;1
7184;171;49;1;land;false;forest;1
7185;166;93;1;land;false;plains;1
7186;222;84;1;land;false;desert;1
7187;206;42;1;land;false;desert;1
7188;167;82;1;land;false;jungle;1
7189;177;73;1;land;false;jungle;1
7190;162;76;1;land;false;plains;1
7191;214;74;1;land;false;hills;1
7192;219;86;1;land;false;jungle;1
7193;204;65;1;land;false;forest;1
7194;159;66;1;land;false;hills;1
7195;189;78;1;land;false;desert;1
7196;182;110;1;land;false;desert;1
7197;222;103;1;land;false;hills;1
7198;202;75;1;land;false;plains;1
7199;171;72;1;land;false;plains;1
7200;157;71;1;land;false;desert;1
7201;214;106;1;land;false;desert;1
7202;168;91;1;land;false;plains;1
7203;186;230;1;land;false;jungle;1
7204;205;201;1;land;false;plains;1
7205;135;71;1;land;false;desert;1
7206;135;109;1;land;false;desert;1
7207;84;138;1;land;true;desert;1
7208;94;117;1;land;true;desert;1
7209;107;73;1;land;false;desert;1
7210;68;144;1;land;false;desert;1
7211;75;179;1;land;false;hills;1
7212;109;199;1;land;false;hills;1
7213;103;159;1;land;false;hills;1
7214;201;102;1;land;true;plains;1
7215;212;87;1;land;false;plains;1
7216;221;56;1;land;true;plains;1
7217;235;48;1;land;true;plains;1
7218;13;210;1;land;true;mountain;1
7219;20;200;1;land;true;mountain;1
7220;10;201;1;land;true;desert;1
7221;149;32;1;land;false;desert;1
7222;158;34;1;land;true;desert;1
7223;153;97;1;land;true;desert;1
7224;9;146;1;land;false;desert;1
7225;23;141;1;land;false;desert;1
7226;65;173;1;land;false;desert;1
7227;195;247;1;land;false;plains;1
7228;167;138;1;land;true;mountain;1
7229;161;115;1;land;true;mountain;1
7230;182;149;1;land;true;mountain;1
7231;109;42;1;land;false;forest;1
7232;57;53;1;land;false;hills;1
7233;55;7;1;land;false;hills;1
7234;42;125;1;land;false;mountain;1
7235;189;239;1;land;false;desert;1
7236;232;232;1;land;false;desert;1
7237;219;119;1;land;false;hills;1
7238;227;131;1;land;false;hills;1
7239;155;254;1;land;false;forest;1
7240;142;214;1;land;false;plains;1
7241;104;232;1;land;false;mountain;1
7242;163;227;1;land;false;forest;1
7243;136;98;1;land;false;forest;1
7244;139;103;1;land;false;plains;1
7245;149;101;1;land;false;plains;1
7246;93;81;1;land;false;plains;1
7247;19;168;1;land;false;plains;1
7248;38;190;1;land;false;plains;1
7249;27;219;1;land;false;plains;1
7250;52;87;1;land;false;desert;1
7251;14;79;1;land;false;desert;1
7252;9;106;1;land;false;desert;1
7253;163;246;1;land;false;mountain;1
7254;161;213;1;land;false;mountain;1
7255;131;49;1;land;false;desert;1
7256;175;75;1;land;false;desert;1
7257;23;203;1;land;false;plains;1
7258;58;110;1;land;false;plains;1
7259;100;110;1;land;false;plains;1
7260;87;74;1;land;false;desert;1
7261;47;66;1;land;false;plains;1
7262;93;94;1;land;false;plains;1
7263;111;79;1;land;false;desert;1
7264;245;196;1;land;true;mountain;1
7265;231;202;1;land;false;hills;1
7266;212;193;1;land;false;forest;1
7267;215;153;1;land;true;hills;1
7268;196;205;1;land;false;hills;1
7269;209;131;1;land;true;mountain;1
7270;189;164;1;land;true;hills;1
7271;205;146;1;land;false;hills;1
7272;76;85;1;land;true;desert;1
7273;244;174;1;land;true;hills;1
7274;204;42;1;land;false;forest;1
7275;253;46;1;land;false;forest;1
7276;207;50;1;land;true;jungle;1
7277;236;24;1;land;true;jungle;1
7278;116;190;1;land;false;forest;1
7279;145;181;1;land;false;forest;1
7280;156;239;1;land;false;forest;1
7281;101;211;1;land;false;forest;1
7282;115;222;1;land;false;forest;1
7283;92;45;1;land;false;forest;1
7284;131;47;1;land;false;forest;1
7285;136;38;1;land;false;forest;1
7286;248;188;1;land;true;plains;1
7287;252;170;1;land;false;forest;1
7288;223;163;1;land;true;forest;1
7289;238;165;1;land;false;plains;1
7290;220;153;1;land;true;forest;1
7291;220;169;1;land;true;plains;1
7292;239;121;1;land;false;forest;1
7293;234;183;1;land;true;forest;1
7294;244;143;1;land;false;forest;1
7295;223;156;1;land;false;plains;1
7296;65;67;1;land;false;desert;1
7297;38;36;1;land;false;desert;1
7298;50;62;1;land;false;desert;1
7299;25;96;1;land;false;desert;1
7300;23;57;1;land;false;desert;1
7301;40;79;1;land;false;desert;1
7302;9;76;1;land;false;desert;1
7303;33;80;1;land;false;desert;1
7304;10;36;1;land;false;desert;1
7305;33;58;1;land;false;desert;1
7306;35;35;1;land;false;desert;1
7307;184;178;1;land;false;jungle;1
7308;149;152;1;land;false;jungle;1
7309;166;125;1;land;false;jungle;1
7310;156;173;1;land;false;jungle;1
7311;133;166;1;land;false;jungle;1
7312;153;8;1;land;false;forest;1
7313;182;44;1;land;false;forest;1
7314;193;29;1;land;true;plains;1
7315;132;34;1;land;false;plains;1
7316;200;39;1;land;false;forest;1
7317;159;4;1;land;false;forest;1
7318;161;48;1;land;false;plains;1
7319;154;10;1;land;false;plains;1
7320;81;115;1;land;false;forest;1
7321;56;100;1;land;false;forest;1
7322;76;121;1;land;false;forest;1
7323;32;129;1;land;false;forest;1
7324;64;145;1;land;false;forest;1
7325;61;149;1;land;false;forest;1
7326;7;95;1;land;false;forest;1
7327;99;6;1;land;false;desert;1
7328;103;19;1;land;false;desert;1
7329;42;28;1;land;false;desert;1
7330;42;2;1;land;false;desert;1
7331;108;12;1;land;false;desert;1
7332;228;161;1;land;true;mountain;1
7333;250;180;1;land;true;mountain;1
7334;231;182;1;land;true;mountain;1
7335;199;155;1;land;false;mountain;1
7336;219;187;1;land;false;desert;1
7337;229;228;1;land;true;desert;1
7338;208;246;1;land;true;desert;1
7339;178;197;1;land;true;desert;1
7340;242;221;1;land;true;desert;1
7341;59;73;1;land;false;plains;1
7342;144;20;1;land;false;hills;1
7343;101;2;1;land;false;mountain;1
7344;14;115;1;land;false;jungle;1
7345;28;108;1;land;false;jungle;1
7346;41;20;1;land;true;forest;1
7347;23;1;1;land;false;forest;1
7348;24;30;1;land;true;hills;1
7349;21;184;1;land;false;jungle;1
7350;162;83;1;land;false;desert;1
7351;185;54;1;land;false;desert;1
7352;183;80;1;land;false;desert;1
7353;206;33;1;land;false;desert;1
7354;219;65;1;land;false;desert;1
7355;211;105;1;land;false;forest;1
7356;190;155;1;land;false;forest;1
7357;162;104;1;land;false;forest;1
7358;205;114;1;land;false;forest;1
7359;202;126;1;land;false;forest;1
7360;41;49;1;land;false;hills;1
7361;55;42;1;land;false;hills;1
7362;35;19;1;land;false;hills;1
7363;86;21;1;land;false;hills;1
7364;126;182;1;land;false;hills;1
7365;232;24;1;land;false;desert;1
7366;220;32;1;land;false;desert;1
7367;210;162;1;land;false;forest;1
7368;203;164;1;land;false;desert;1
7369;224;88;1;land;false;forest;1
7370;200;133;1;land;false;hills;1
7371;222;106;1;land;false;hills;1
7372;232;146;1;land;false;jungle;1
7373;214;153;1;land;false;hills;1
7374;152;190;1;land;false;desert;1
7375;99;237;1;land;false;desert;1
7376;125;248;1;land;false;desert;1
7377;107;190;1;land;false;desert;1
7378;79;190;1;land;false;desert;1
7379;119;185;1;land;false;desert;1
7380;86;192;1;land;false;desert;1
7381;118;133;1;land;false;desert;1
7382;139;152;1;land;false;desert;1
7383;110;115;1;land;false;desert;1
7384;151;146;1;land;false;desert;1
7385;110;144;1;land;false;desert;1
7386;6;230;1;land;true;desert;1
7387;58;237;1;land;true;desert;1
7388;29;225;1;land;true;desert;1
7389;60;219;1;land;true;desert;1
7390;5;223;1;land;true;desert;1
7391;64;254;1;land;true;desert;1
7392;19;101;1;land;false;desert;1
7393;9;74;1;land;false;desert;1
7394;6;84;1;land;false;desert;1
7395;62;63;1;land;false;desert;1
7396;178;199;1;land;false;mountain;1
7397;208;134;1;land;false;hills;1
7398;168;143;1;land;false;hills;1
7399;227;86;1;land;false;forest;1
7400;206;85;1;land;false;hills;1
7401;169;118;1;land;false;hills;1
7402;218;88;1;land;false;hills;1
7403;230;80;1;land;false;hills;1
7404;173;121;1;land;false;hills;1
7405;189;99;1;land;false;plains;1
7406;77;231;1;land;false;mountain;1
7407;186;116;1;land;false;hills;1
7408;92;169;1;land;true;hills;1
7409;84;228;1;land;false;jungle;1
7410;42;183;1;land;false;hills;1
7411;24;190;1;land;true;jungle;1
7412;36;171;1;land;false;jungle;1
7413;60;180;1;land;false;hills;1
7414;57;184;1;land;false;jungle;1
7415;97;162;1;land;false;jungle;1
7416;40;196;1;land;false;hills;1
7417;102;204;1;land;false;hills;1
7418;63;211;1;land;false;hills;1
7419;96;94;1;land;false;forest;1
7420;76;92;1;land;false;forest;1
7421;215;202;1;land;false;desert;1
7422;217;201;1;land;false;desert;1
7423;236;246;1;land;false;desert;1
7424;222;237;1;land;true;desert;1
7425;201;52;1;land;false;desert;1
7426;247;62;1;land;false;desert;1
7427;191;28;1;land;true;desert;1
7428;130;184;1;land;false;mountain;1
7429;160;85;1;land;true;jungle;1
7430;153;78;1;land;false;jungle;1
7431;135;102;1;land;false;hills;1
7432;112;91;1;land;false;jungle;1
7433;126;87;1;land;true;jungle;1
7434;143;54;1;land;true;jungle;1
7435;141;59;1;land;true;desert;1
7436;127;115;1;land;false;jungle;1
7437;115;98;1;land;false;jungle;1
7438;30;161;1;land;false;forest;1
7439;21;174;1;land;true;plains;1
7440;43;147;1;land;false;forest;1
7441;0;170;1;land;false;forest;1
7442;12;66;1;land;false;forest;1
7443;36;76;1;land;false;forest;1
7444;188;129;1;land;false;plains;1
7445;133;132;1;land;false;plains;1
7446;188;53;1;land;false;desert;1
7447;178;56;1;land;false;desert;1
7448;156;46;1;land;false;desert;1
7449;63;156;1;land;false;plains;1
7450;91;29;1;land;false;hills;1
7451;89;36;1;land;false;forest;1
7452;37;3;1;land;false;forest;1
7453;22;33;1;land;false;forest;1
7454;33;13;1;land;false;mountain;1
7455;25;5;1;land;false;forest;1
7456;97;31;1;land;false;forest;1
7457;196;139;1;land;false;mountain;1
7458;238;105;1;land;false;hills;1
7459;249;43;1;land;true;hills;1
7460;245;31;1;land;true;mountain;1
7461;89;135;1;land;true;desert;1
7462;223;214;1;land;false;mountain;1
7463;243;254;1;land;false;mountain;1
7464;247;231;1;land;false;forest;1
7465;250;240;1;land;false;forest;1
7466;253;247;1;land;false;forest;1
7467;161;69;1;land;false;hills;1
7468;158;73;1;land;false;plains;1
7469;162;35;1;land;false;plains;1
7470;141;45;1;land;false;hills;1
7471;155;212;1;land;false;mountain;1
7472;187;227;1;land;false;mountain;1
7473;204;243;1;land;false;mountain;1
7474;149;181;1;land;false;mountain;1
7475;172;175;1;land;false;hills;1
7476;169;203;1;land;false;mountain;1
7477;187;207;1;land;false;mountain;1
7478;156;210;1;land;false;mountain;1
7479;186;174;1;land;false;mountain;1
7480;141;179;1;land;false;hills;1
7481;182;198;1;land;false;mountain;1
7482;204;229;1;land;false;mountain;1
7483;140;240;1;land;false;mountain;1
7484;196;218;1;land;false;mountain;1
7485;164;190;1;land;false;mountain;1
7486;12;90;1;land;false;desert;1
7487;34;51;1;land;false;desert;1
7488;83;116;1;land;false;desert;1
7489;15;173;1;land;false;hills;1
7490;25;173;1;land;false;hills;1
7491;38;184;1;land;false;hills;1
7492;74;193;1;land;false;hills;1
7493;23;137;1;land;false;hills;1
7494;11;154;1;land;false;hills;1
7495;218;27;1;land;false;plains;1
7496;160;29;1;land;false;plains;1
7497;148;25;1;land;false;plains;1
7498;144;22;1;land;false;plains;1
7499;206;78;1;land;false;forest;1
7500;148;69;1;land;false;plains;1
7501;173;226;1;land;false;desert;1
7502;196;207;1;land;false;mountain;1
7503;192;238;1;land;false;hills;1
7504;244;182;1;land;false;mountain;1
7505;202;228;1;land;false;mountain;1
7506;114;39;1;land;false;mountain;1
7507;118;51;1;land;false;mountain;1
7508;83;31;1;land;false;mountain;1
7509;98;192;1;land;false;jungle;1
7510;61;191;1;land;false;hills;1
7511;247;9;1;land;true;desert;1
7512;221;4;1;land;true;desert;1
7513;211;5;1;land;true;desert;1
7514;196;18;1;land;false;desert;1
7515;193;15;1;land;false;desert;1
7516;241;31;1;land;false;desert;1
7517;247;32;1;land;false;desert;1
7518;203;23;1;land;false;desert;1
7519;200;36;1;land;true;desert;1
7520;203;26;1;land;true;desert;1
7521;227;30;1;land;false;desert;1
7522;227;38;1;land;false;desert;1
7523;18;143;1;land;false;desert;1
7524;15;119;1;land;false;desert;1
7525;104;17;1;land;true;forest;1
7526;162;43;1;land;true;forest;1
7527;102;41;1;land;true;forest;1
7528;167;2;1;land;true;forest;1
7529;120;58;1;land;true;forest;1
7530;118;21;1;land;true;forest;1
7531;122;127;1;land;true;desert;1
7532;4;212;1;land;false;plains;1
7533;51;133;1;land;false;forest;1
7534;40;187;1;land;false;plains;1
7535;86;182;1;land;false;forest;1
7536;75;141;1;land;false;plains;1
7537;35;155;1;land;false;desert;1
7538;35;139;1;land;false;plains;1
7539;86;176;1;land;false;desert;1
7540;32;179;1;land;false;forest;1
7541;60;159;1;land;false;forest;1
7542;53;179;1;land;false;plains;1
7543;30;181;1;land;false;desert;1
7544;26;171;1;land;false;plains;1
7545;27;125;1;land;false;plains;1
7546;171;235;1;land;false;mountain;1
7547;175;231;1;land;false;mountain;1
7548;184;225;1;land;false;mountain;1
7549;171;223;1;land;false;mountain;1
7550;62;121;1;land;false;desert;1
7551;26;166;1;land;false;desert;1
7552;50;134;1;land;false;desert;1
7553;178;225;1;land;true;desert;1
7554;187;246;1;land;true;desert;1
7555;210;228;1;land;false;desert;1
7556;175;145;1;land;false;desert;1
7557;205;120;1;land;false;desert;1
7558;196;115;1;land;false;desert;1
7559;202;148;1;land;false;desert;1
7560;184;109;1;land;false;desert;1
7561;193;161;1;land;false;desert;1
7562;233;168;1;land;false;plains;1
7563;83;51;1;land;false;desert;1
7564;121;8;1;land;false;desert;1
7565;74;12;1;land;false;mountain;1
7566;73;0;1;land;false;mountain;1
7567;120;114;1;land;false;plains;1
7568;72;65;1;land;false;mountain;1
7569;230;225;1;land;false;mountain;1
7570;253;137;1;land;false;desert;1
7571;225;136;1;land;false;desert;1
7572;243;105;1;land;false;desert;1
7573;213;147;1;land;false;desert;1
7574;231;129;1;land;false;desert;1
7575;245;99;1;land;false;desert;1
7576;240;126;1;land;false;desert;1
7577;115;193;1;land;true;desert;1
7578;108;94;1;land;false;desert;1
7579;102;107;1;land;false;desert;1
7580;9;187;1;land;false;forest;1
7581;48;119;1;land;false;desert;1
7582;61;104;1;land;false;desert;1
7583;30;45;1;land;false;desert;1
7584;54;65;1;land;false;desert;1
7585;27;100;1;land;false;mountain;1
7586;7;74;1;land;false;desert;1
7587;10;89;1;land;false;desert;1
7588;24;110;1;land;false;desert;1
7589;40;96;1;land;false;desert;1
7590;43;117;1;land;false;desert;1
7591;20;83;1;land;false;desert;1
7592;157;217;1;land;false;desert;1
7593;168;194;1;land;false;desert;1
7594;148;52;1;land;false;forest;1
7595;175;0;1;land;false;hills;1
7596;194;24;1;land;false;forest;1
7597;194;16;1;land;false;plains;1
7598;60;144;1;land;false;mountain;1
7599;82;159;1;land;false;plains;1
7600;106;59;1;land;true;desert;1
7601;80;57;1;land;false;desert;1
7602;91;66;1;land;false;desert;1
7603;78;93;1;land;false;desert;1
7604;72;64;1;land;false;desert;1
7605;56;102;1;land;false;desert;1
7606;90;105;1;land;true;desert;1
7607;104;83;1;land;false;desert;1
7608;188;169;1;land;false;plains;1
7609;247;160;1;land;false;forest;1
7610;236;144;1;land;false;forest;1
7611;241;194;1;land;false;forest;1
7612;218;194;1;land;false;forest;1
7613;224;149;1;land;false;plains;1
7614;190;136;1;land;false;plains;1
7615;127;247;1;land;true;plains;1
7616;78;247;1;land;false;forest;1
7617;230;112;1;land;false;forest;1
7618;235;90;1;land;false;plains;1
7619;2;226;1;land;false;desert;1
7620;29;219;1;land;false;desert;1
7621;18;243;1;land;false;desert;1
7622;49;240;1;land;false;desert;1
7623;189;121;1;land;true;desert;1
7624;143;95;1;land;true;desert;1
7625;180;185;1;land;false;desert;1
7626;118;196;1;land;false;desert;1
7627;167;197;1;land;false;desert;1
7628;160;171;1;land;false;desert;1
7629;185;224;1;land;false;desert;1
7630;150;187;1;land;false;desert;1
7631;126;209;1;land;false;desert;1
7632;177;202;1;land;false;desert;1
7633;189;175;1;land;false;desert;1
7634;149;189;1;land;false;desert;1
7635;154;188;1;land;false;desert;1
7636;122;175;1;land;false;desert;1
7637;30;89;1;land;true;desert;1
7638;52;118;1;land;false;desert;1
7639;52;123;1;land;true;desert;1
7640;59;98;1;land;false;desert;1
7641;73;118;1;land;false;desert;1
7642;71;70;1;land;false;desert;1
7643;46;71;1;land;true;desert;1
7644;50;83;1;land;true;desert;1
7645;37;119;1;land;false;desert;1
7646;8;63;1;land;false;desert;1
7647;72;123;1;land;false;desert;1
7648;27;220;1;land;false;jungle;1
7649;95;247;1;land;false;jungle;1
7650;77;222;1;land;false;jungle;1
7651;70;211;1;land;false;jungle;1
7652;221;42;1;land;false;desert;1
7653;227;98;1;land;false;desert;1
7654;238;206;1;land;false;forest;1
7655;160;226;1;land;false;forest;1
7656;81;74;1;land;false;forest;1
7657;44;38;1;land;false;forest;1
7658;103;15;1;land;false;forest;1
7659;97;20;1;land;false;plains;1
7660;106;36;1;land;false;plains;1
7661;73;28;1;land;false;forest;1
7662;78;13;1;land;false;forest;1
7663;76;64;1;land;false;plains;1
7664;58;59;1;land;false;forest;1
7665;88;209;1;land;false;mountain;1
7666;109;196;1;land;false;mountain;1
7667;110;186;1;land;false;hills;1
7668;91;214;1;land;false;mountain;1
7669;99;185;1;land;false;mountain;1
7670;104;206;1;land;false;hills;1
7671;220;64;1;land;false;desert;1
7672;247;96;1;land;false;plains;1
7673;227;53;1;land;false;plains;1
7674;214;99;1;land;false;desert;1
7675;226;57;1;land;false;desert;1
7676;216;93;1;land;false;plains;1
7677;237;40;1;land;false;desert;1
7678;243;70;1;land;false;forest;1
7679;220;61;1;land;false;plains;1
7680;236;176;1;land;false;forest;1
7681;139;13;1;land;false;plains;1
7682;139;69;1;land;false;plains;1
7683;120;48;1;land;false;desert;1
7684;141;21;1;land;false;desert;1
7685;155;7;1;land;false;desert;1
7686;129;10;1;land;false;plains;1
7687;135;219;1;land;false;desert;1
7688;118;180;1;land;false;desert;1
7689;171;201;1;land;false;desert;1
7690;160;194;1;land;false;desert;1
7691;189;184;1;land;false;desert;1
7692;197;155;1;land;false;desert;1
7693;152;158;1;land;false;desert;1
7694;58;16;1;land;false;desert;1
7695;36;41;1;land;false;desert;1
7696;70;14;1;land;false;desert;1
7697;57;60;1;land;false;desert;1
7698;72;2;1;land;false;desert;1
7699;32;53;1;land;false;desert;1
7700;11;57;1;land;false;desert;1
7701;17;17;1;land;false;desert;1
7702;51;49;1;land;false;desert;1
7703;240;6;1;land;true;forest;1
7704;198;116;1;land;false;forest;1
7705;227;160;1;land;false;mountain;1
7706;221;151;1;land;false;mountain;1
7707;215;172;1;land;false;mountain;1
7708;200;132;1;land;false;mountain;1
7709;198;118;1;land;false;mountain;1
7710;249;99;1;land;false;mountain;1
7711;215;123;1;land;false;forest;1
7712;208;51;1;land;false;desert;1
7713;168;162;1;land;true;forest;1
7714;40;220;1;land;false;hills;1
7715;6;224;1;land;false;hills;1
7716;10;143;1;land;false;jungle;1
7717;0;144;1;land;false;jungle;1
7718;9;92;1;land;false;jungle;1
7719;25;117;1;land;false;jungle;1
7720;21;108;1;land;false;jungle;1
7721;32;45;1;land;false;forest;1
7722;1;47;1;land;false;forest;1
7723;17;12;1;land;false;plains;1
7724;7;11;1;land;false;forest;1
7725;29;48;1;land;false;plains;1
7726;29;50;1;land;false;forest;1
7727;36;32;1;land;false;forest;1
7728;10;35;1;land;false;forest;1
7729;227;70;1;land;false;desert;1
7730;236;80;1;land;false;desert;1
7731;222;92;1;land;false;desert;1
7732;221;134;1;land;false;desert;1
7733;216;105;1;land;false;desert;1
7734;235;130;1;land;false;desert;1
7735;204;104;1;land;false;desert;1
7736;254;97;1;land;false;desert;1
7737;212;106;1;land;false;desert;1
7738;250;75;1;land;false;desert;1
7739;252;108;1;land;false;desert;1
7740;233;107;1;land;false;desert;1
7741;244;138;1;land;false;desert;1
7742;79;241;1;land;false;desert;1
7743;47;229;1;land;false;desert;1
7744;57;223;1;land;false;desert;1
7745;108;198;1;land;false;desert;1
7746;50;233;1;land;false;desert;1
7747;57;213;1;land;false;desert;1
7748;76;239;1;land;false;desert;1
7749;86;237;1;land;false;desert;1
7750;108;253;1;land;false;desert;1
7751;62;198;1;land;false;desert;1
7752;90;214;1;land;false;desert;1
7753;68;82;1;land;false;mountain;1
7754;40;43;1;land;false;mountain;1
7755;83;73;1;land;false;hills;1
7756;67;51;1;land;false;hills;1
7757;56;232;1;land;true;plains;1
7758;20;214;1;land;false;forest;1
7759;45;221;1;land;false;forest;1
7760;11;188;1;land;false;plains;1
7761;85;196;1;land;true;desert;1
7762;38;198;1;land;false;plains;1
7763;70;246;1;land;false;forest;1
7764;49;83;1;land;false;plains;1
7765;56;73;1;land;true;plains;1
7766;10;140;1;land;true;desert;1
7767;41;124;1;land;true;plains;1
7768;32;71;1;land;true;desert;1
7769;26;101;1;land;true;desert;1
7770;12;86;1;land;true;desert;1
7771;145;227;1;land;false;hills;1
7772;143;212;1;land;false;hills;1
7773;79;164;1;land;true;hills;1
7774;138;58;1;land;false;desert;1
7775;125;112;1;land;false;desert;1
7776;63;84;1;land;false;desert;1
7777;97;105;1;land;false;desert;1
7778;101;74;1;land;false;desert;1
7779;98;62;1;land;false;desert;1
7780;124;39;1;land;false;desert;1
7781;121;102;1;land;false;desert;1
7782;109;66;1;land;false;desert;1
7783;109;99;1;land;false;desert;1
7784;101;107;1;land;false;desert;1
7785;63;73;1;land;false;desert;1
7786;95;243;1;land;true;desert;1
7787;126;210;1;land;true;desert;1
7788;122;176;1;land;false;desert;1
7789;78;233;1;land;true;desert;1
7790;125;180;1;land;true;desert;1
7791;99;203;1;land;true;desert;1
7792;109;231;1;land;false;desert;1
7793;111;203;1;land;true;desert;1
7794;132;175;1;land;false;desert;1
7795;86;190;1;land;true;desert;1
7796;78;175;1;land;false;desert;1
7797;61;231;1;land;false;desert;1
7798;74;200;1;land;true;desert;1
7799;125;189;1;land;false;desert;1
7800;56;179;1;land;true;desert;1
7801;81;237;1;land;false;desert;1
7802;90;202;1;land;true;desert;1
7803;93;49;1;land;false;desert;1
7804;90;184;1;land;true;forest;1
7805;27;141;1;land;false;forest;1
7806;16;123;1;land;false;mountain;1
7807;76;113;1;land;true;plains;1
7808;38;106;1;land;false;forest;1
7809;77;147;1;land;false;forest;1
7810;36;125;1;land;false;mountain;1
7811;22;121;1;land;false;plains;1
7812;19;247;1;land;false;desert;1
7813;9;243;1;land;false;desert;1
7814;72;210;1;land;false;desert;1
7815;22;137;1;land;false;hills;1
7816;0;116;1;land;false;forest;1
7817;0;142;1;land;false;plains;1
7818;30;150;1;land;false;plains;1
7819;36;154;1;land;false;forest;1
7820;6;115;1;land;false;hills;1
7821;47;155;1;land;false;hills;1
7822;30;3;1;land;false;forest;1
7823;12;12;1;land;false;plains;1
7824;32;30;1;land;false;forest;1
7825;118;115;1;land;true;mountain;1
7826;67;220;1;land;false;forest;1
7827;93;239;1;land;false;forest;1
7828;69;199;1;land;false;forest;1
7829;45;252;1;land;false;forest;1
7830;76;144;1;land;false;desert;1
7831;83;131;1;land;false;desert;1
7832;91;124;1;land;false;desert;1
7833;59;251;1;land;false;desert;1
7834;45;201;1;land;false;desert;1
7835;86;186;1;land;false;desert;1
7836;65;245;1;land;false;desert;1
7837;64;251;1;land;false;desert;1
7838;21;208;1;land;false;desert;1
7839;123;90;1;land;true;desert;1
7840;150;73;1;land;true;desert;1
7841;166;75;1;land;false;desert;1
7842;155;75;1;land;true;desert;1
7843;92;227;1;land;false;desert;1
7844;147;188;1;land;false;desert;1
7845;152;227;1;land;false;desert;1
7846;158;181;1;land;false;desert;1
7847;93;176;1;land;false;desert;1
7848;146;53;1;land;true;desert;1
7849;101;32;1;land;true;desert;1
7850;91;179;1;land;false;forest;1
7851;135;181;1;land;true;plains;1
7852;100;248;1;land;false;forest;1
7853;93;243;1;land;false;forest;1
7854;141;250;1;land;false;forest;1
7855;228;28;1;land;false;forest;1
7856;194;11;1;land;false;forest;1
7857;210;61;1;land;false;urban;1
7858;203;181;1;land;false;desert;1
7859;177;215;1;land;true;desert;1
7860;160;48;1;land;false;desert;1
7861;149;65;1;land;false;desert;1
7862;161;85;1;land;true;desert;1
7863;194;32;1;land;true;desert;1
7864;144;71;1;land;false;desert;1
7865;134;59;1;land;false;desert;1
7866;162;66;1;land;true;desert;1
7867;207;103;1;land;true;desert;1
7868;175;98;1;land;false;desert;1
7869;129;167;1;land;false;desert;1
7870;175;177;1;land;true;desert;1
7871;124;180;1;land;false;desert;1
7872;77;52;1;land;false;hills;1
7873;76;53;1;land;false;hills;1
7874;64;192;1;land;false;hills;1
7875;92;138;1;land;false;forest;1
7876;75;71;1;land;false;desert;1
7877;55;33;1;land;false;desert;1
7878;64;81;1;land;false;desert;1
7879;30;15;1;land;false;plains;1
7880;50;195;1;land;false;desert;1
7881;78;221;1;land;false;desert;1
7882;77;175;1;land;false;desert;1
7883;35;168;1;land;false;desert;1
7884;138;1;1;land;false;forest;1
7885;119;19;1;land;false;forest;1
7886;165;61;1;land;false;forest;1
7887;100;9;1;land;false;hills;1
7888;89;195;1;land;false;hills;1
7889;131;75;1;land;false;forest;1
7890;87;10;1;land;false;plains;1
7891;80;27;1;land;true;mountain;1
7892;120;171;1;land;false;desert;1
7893;102;162;1;land;false;desert;1
7894;100;148;1;land;false;mountain;1
7895;74;185;1;land;false;desert;1
7896;106;139;1;land;false;desert;1
7897;55;127;1;land;false;desert;1
7898;128;147;1;land;false;desert;1
7899;69;183;1;land;false;desert;1
7900;123;134;1;land;false;desert;1
7901;114;185;1;land;false;desert;1
7902;107;128;1;land;false;mountain;1
7903;62;170;1;land;false;desert;1
7904;79;175;1;land;false;desert;1
7905;170;10;1;land;true;desert;1
7906;186;29;1;land;false;hills;1
7907;170;55;1;land;true;desert;1
7908;145;114;1;land;false;forest;1
7909;130;91;1;land;false;forest;1
7910;173;109;1;land;false;forest;1
7911;198;109;1;land;false;forest;1
7912;173;114;1;land;false;forest;1
7913;148;234;1;land;false;forest;1
7914;152;233;1;land;false;forest;1
7915;152;225;1;land;false;forest;1
7916;173;103;1;land;false;forest;1
7917;110;148;1;land;false;hills;1
7918;116;172;1;land;false;forest;1
7919;165;169;1;land;false;hills;1
7920;127;112;1;land;false;forest;1
7921;179;121;1;land;false;forest;1
7922;223;240;1;land;false;desert;1
7923;223;238;1;land;false;desert;1
7924;220;243;1;land;false;desert;1
7925;192;201;1;land;false;desert;1
7926;233;238;1;land;false;desert;1
7927;245;86;1;land;false;hills;1
7928;244;242;1;land;false;forest;1
7929;149;81;1;land;false;mountain;1
7930;199;99;1;land;false;mountain;1
7931;152;82;1;land;false;mountain;1
7932;172;57;1;land;false;mountain;1
7933;177;147;1;land;false;forest;1
7934;165;195;1;land;false;forest;1
7935;166;143;1;land;false;forest;1
7936;152;20;1;land;false;jungle;1
7937;141;11;1;land;true;jungle;1
7938;184;24;1;land;false;jungle;1
7939;184;42;1;land;false;jungle;1
7940;108;53;1;land;false;hills;1
7941;115;11;1;land;false;jungle;1
7942;111;37;1;land;false;jungle;1
7943;153;170;1;land;false;marsh;1
7944;149;146;1;land;false;marsh;1
7945;176;197;1;land;false;forest;1
7946;103;142;1;land;false;hills;1
7947;175;164;1;land;false;forest;1
7948;168;144;1;land;false;marsh;1
7949;108;34;1;land;false;desert;1
7950;227;143;1;land;false;mountain;1
7951;183;110;1;land;false;plains;1
7952;195;155;1;land;false;plains;1
7953;212;113;1;land;false;forest;1
7954;189;52;1;land;false;desert;1
7955;155;26;1;land;false;desert;1
7956;196;189;1;land;false;desert;1
7957;200;34;1;land;false;desert;1
7958;198;9;1;land;false;desert;1
7959;207;29;1;land;false;desert;1
7960;20;96;1;land;false;desert;1
7961;27;128;1;land;false;desert;1
7962;27;106;1;land;false;desert;1
7963;17;133;1;land;false;desert;1
7964;211;245;1;land;false;jungle;1
7965;231;196;1;land;false;forest;1
7966;248;197;1;land;false;jungle;1
7967;254;202;1;land;false;jungle;1
7968;204;220;1;land;false;jungle;1
7969;243;250;1;land;false;forest;1
7970;216;75;1;land;false;forest;1
7971;198;80;1;land;false;forest;1
7972;211;113;1;land;false;hills;1
7973;220;110;1;land;false;forest;1
7974;235;105;1;land;false;forest;1
7975;205;116;1;land;false;hills;1
7976;244;78;1;land;false;hills;1
7977;210;104;1;land;false;hills;1
7978;252;71;1;land;false;hills;1
7979;184;251;1;land;false;desert;1
7980;183;217;1;land;false;desert;1
7981;218;221;1;land;false;forest;1
7982;206;225;1;land;false;forest;1
7983;187;230;1;land;false;desert;1
7984;54;43;1;land;false;desert;1
7985;34;62;1;land;false;desert;1
7986;54;72;1;land;false;desert;1
7987;52;78;1;land;false;desert;1
7988;26;242;1;land;false;forest;1
7989;17;190;1;land;false;forest;1
7990;27;224;1;land;false;forest;1
7991;3;91;1;land;false;desert;1
7992;18;80;1;land;false;desert;1
7993;34;78;1;land;true;desert;1
7994;2;84;1;land;false;desert;1
7995;43;108;1;land;false;desert;1
7996;23;71;1;land;false;desert;1
7997;32;62;1;land;false;desert;1
7998;4;107;1;land;false;desert;1
7999;41;63;1;land;false;desert;1
8000;14;129;1;land;false;desert;1
8001;54;122;1;land;false;desert;1
8002;5;80;1;land;false;desert;1
8003;3;76;1;land;false;desert;1
8004;52;88;1;land;true;desert;1
8005;4;133;1;land;true;desert;1
8006;58;87;1;land;false;desert;1
8007;17;65;1;land;false;desert;1
8008;58;75;1;land;false;desert;1
8009;38;96;1;land;false;desert;1
8010;28;211;1;land;true;desert;1
8011;5;235;1;land;false;desert;1
8012;17;242;1;land;true;desert;1
8013;35;235;1;land;true;desert;1
8014;26;194;1;land;false;desert;1
8015;27;205;1;land;true;desert;1
8016;41;164;1;land;true;desert;1
8017;20;168;1;land;true;desert;1
8018;24;209;1;land;true;desert;1
8019;169;81;1;land;true;desert;1
8020;189;186;1;land;false;desert;1
8021;145;184;1;land;true;desert;1
8022;219;188;1;land;false;desert;1
8023;187;240;1;land;true;desert;1
8024;186;187;1;land;true;desert;1
8025;149;213;1;land;false;desert;1
8026;193;239;1;land;false;desert;1
8027;208;64;1;land;true;hills;1
8028;161;245;1;land;false;desert;1
8029;128;234;1;land;false;desert;1
8030;191;235;1;land;false;desert;1
8031;241;58;1;land;false;desert;1
8032;242;78;1;land;false;desert;1
8033;222;41;1;land;false;desert;1
8034;213;56;1;land;false;desert;1
8035;252;72;1;land;false;desert;1
8036;218;54;1;land;false;desert;1
8037;217;34;1;land;false;desert;1
8038;246;81;1;land;false;desert;1
8039;218;98;1;land;false;desert;1
8040;239;97;1;land;false;desert;1
8041;210;75;1;land;false;desert;1
8042;202;166;1;land;false;plains;1
8043;229;75;1;land;false;desert;1
8044;215;74;1;land;false;desert;1
8045;193;108;1;land;false;desert;1
8046;236;67;1;land;true;desert;1
8047;190;44;1;land;false;desert;1
8048;205;57;1;land;false;desert;1
8049;237;76;1;land;true;desert;1
8050;208;123;1;land;false;desert;1
8051;240;97;1;land;true;desert;1
8052;233;118;1;land;true;desert;1
8053;191;45;1;land;true;desert;1
8054;240;51;1;land;false;desert;1
8055;224;105;1;land;false;desert;1
8056;234;196;1;land;false;mountain;1
8057;211;218;1;land;false;forest;1
8058;209;148;1;land;false;forest;1
8059;169;174;1;land;true;forest;1
8060;188;170;1;land;false;forest;1
8061;11;82;1;land;false;jungle;1
8062;3;49;1;land;false;jungle;1
8063;55;84;1;land;false;mountain;1
8064;76;84;1;land;false;jungle;1
8065;44;47;1;land;false;plains;1
8066;68;22;1;land;false;mountain;1
8067;63;35;1;land;false;jungle;1
8068;6;78;1;land;false;jungle;1
8069;1;87;1;land;false;jungle;1
8070;41;14;1;land;false;mountain;1
8071;7;78;1;land;false;jungle;1
8072;10;188;1;land;false;hills;1
8073;0;139;1;land;false;forest;1
8074;45;154;1;land;false;hills;1
8075;46;162;1;land;false;forest;1
8076;11;190;1;land;false;forest;1
8077;3;45;1;land;false;forest;1
8078;14;43;1;land;false;forest;1
8079;216;189;1;land;false;jungle;1
8080;123;42;1;land;false;forest;1
8081;28;167;1;land;true;mountain;1
8082;45;131;1;land;true;mountain;1
8083;37;127;1;land;true;mountain;1
8084;72;154;1;land;true;mountain;1
8085;41;126;1;land;true;mountain;1
8086;187;158;1;land;true;mountain;1
8087;158;141;1;land;true;mountain;1
8088;142;156;1;land;true;mountain;1
8089;190;134;1;land;true;mountain;1
8090;209;5;1;land;true;desert;1
8091;211;28;1;land;true;desert;1
8092;239;25;1;land;true;hills;1
8093;36;77;1;land;true;desert;1
8094;7;26;1;land;false;desert;1
8095;14;33;1;land;true;desert;1
8096;29;34;1;land;true;desert;1
8097;37;29;1;land;true;desert;1
8098;20;32;1;land;false;desert;1
8099;19;80;1;land;false;desert;1
8100;16;19;1;land;true;desert;1
8101;23;82;1;land;true;desert;1
8102;21;71;1;land;true;desert;1
8103;10;34;1;land;true;desert;1
8104;31;11;1;land;true;desert;1
8105;17;37;1;land;true;desert;1
8106;1;53;1;land;true;desert;1
8107;100;115;1;land;true;desert;1
8108;96;159;1;land;true;desert;1
8109;22;163;1;land;true;desert;1
8110;39;169;1;land;true;desert;1
8111;172;47;1;land;true;desert;1
8112;105;187;1;land;true;desert;1
8113;248;74;1;land;true;desert;1
8114;221;103;1;land;true;desert;1
8115;86;249;1;land;true;desert;1
8116;114;215;1;land;true;desert;1
8117;96;240;1;land;true;desert;1
8118;90;234;1;land;true;desert;1
8119;27;70;1;land;true;desert;1
8120;11;37;1;land;true;desert;1
8121;52;175;1;land;true;desert;1
8122;39;201;1;land;true;desert;1
8123;69;159;1;land;true;desert;1
8124;11;179;1;land;true;desert;1
8125;250;130;1;land;true;desert;1
8126;231;119;1;land;true;desert;1
8127;206;150;1;land;true;desert;1
8128;250;127;1;land;true;desert;1
8129;207;104;1;land;true;desert;1
8130;224;120;1;land;true;desert;1
8131;223;149;1;land;true;desert;1
8132;253;149;1;land;true;desert;1
8133;201;120;1;land;true;desert;1
8134;200;153;1;land;true;desert;1
8135;247;114;1;land;true;desert;1
8136;236;121;1;land;true;desert;1
8137;79;122;1;land;true;desert;1
8138;193;12;1;land;true;mountain;1
8139;184;40;1;land;true;mountain;1
8140;55;151;1;land;true;desert;1
8141;14;162;1;land;true;desert;1
8142;27;160;1;land;true;desert;1
8143;24;101;1;land;true;desert;1
8144;48;122;1;land;true;desert;1
8145;0;104;1;land;true;desert;1
8146;41;142;1;land;true;desert;1
8147;41;254;1;land;true;desert;1
8148;201;129;1;land;true;desert;1
8149;174;115;1;land;true;mountain;1
8150;90;38;1;land;true;mountain;1
8151;174;68;1;land;true;mountain;1
8152;98;242;1;land;true;desert;1
8153;170;62;1;land;true;desert;1
8154;92;231;1;land;true;desert;1
8155;231;204;1;land;true;desert;1
8156;231;228;1;land;true;desert;1
8157;240;213;1;land;true;desert;1
8158;182;166;1;land;true;desert;1
8159;77;44;1;land;true;desert;1
8160;76;51;1;land;true;desert;1
8161;96;28;1;land;true;desert;1
8162;78;54;1;land;true;desert;1
8163;192;208;1;land;true;desert;1
8164;139;227;1;land;true;desert;1
8165;198;240;1;land;true;desert;1
8166;206;203;1;land;false;desert;1
8167;180;181;1;land;false;desert;1
8168;152;229;1;land;true;desert;1
8169;144;203;1;land;true;desert;1
8170;28;226;1;land;true;desert;1
8171;32;218;1;land;true;desert;1
8172;33;183;1;land;true;desert;1
8173;222;69;1;land;true;desert;1
8174;96;70;1;land;true;desert;1
8175;214;240;1;land;true;desert;1
8176;39;105;1;land;true;desert;1
8177;26;149;1;land;true;desert;1
8178;106;230;1;land;true;desert;1
8179;102;175;1;land;true;desert;1
8180;237;216;1;land;true;desert;1
8181;129;140;1;land;true;desert;1
8182;180;164;1;land;true;desert;1
8183;109;156;1;land;true;desert;1
8184;108;181;1;land;true;desert;1
8185;209;23;1;land;true;desert;1
8186;184;191;1;land;true;desert;1
8187;222;63;1;land;true;desert;1
8188;64;187;1;land;true;desert;1
8189;84;161;1;land;true;desert;1
8190;235;86;1;land;true;desert;1
8191;114;232;1;land;true;desert;1
8192;67;197;1;land;true;desert;1
8193;126;102;1;land;true;desert;1
8194;220;218;1;land;true;plains;1
8195;165;98;1;land;true;desert;1
8196;13;235;1;land;true;plains;1
8197;237;42;1;land;true;plains;1
8198;239;38;1;land;true;plains;1
8199;19;75;1;land;true;desert;1
8200;111;202;1;land;true;plains;1
8201;82;85;1;land;true;forest;1
8202;88;109;1;land;true;forest;1
8203;52;131;1;land;true;forest;1
8204;54;94;1;land;true;forest;1
8205;24;102;1;land;true;forest;1
8206;182;214;1;land;true;plains;1
8207;36;33;1;land;true;desert;1
8208;196;201;1;land;true;desert;1
8209;202;251;1;land;true;desert;1
8210;141;81;1;land;true;plains;1
8211;243;215;1;land;true;desert;1
8212;212;164;1;land;true;desert;1
8213;196;33;1;land;true;desert;1
8214;119;132;1;land;true;plains;1
8215;28;32;1;land;true;desert;1
8216;108;144;1;land;true;desert;1
8217;160;8;1;land;true;desert;1
8218;15;143;1;land;true;mountain;1
8219;208;11;1;land;true;mountain;1
8220;30;129;1;land;true;desert;1
8221;89;210;1;land;true;desert;1
8222;202;118;1;land;true;desert;1
8223;129;221;1;land;true;desert;1
8224;219;72;1;land;true;desert;1
8225;139;162;1;land;true;desert;1
8226;230;22;1;land;true;desert;1
8227;169;188;1;land;true;desert;1
8228;9;63;1;land;true;desert;1
8229;81;144;1;land;true;desert;1
8230;193;30;1;land;true;desert;1
8231;106;131;1;land;true;desert;1
8232;213;49;1;land;true;desert;1
8233;225;84;1;land;true;desert;1
8234;55;244;1;land;false;desert;1
8235;36;94;1;land;true;desert;1
8236;113;222;1;land;true;desert;1
8237;120;69;1;land;true;plains;1
8238;214;167;1;land;true;desert;1
8239;155;67;1;land;true;desert;1
8240;23;191;1;land;true;desert;1
8241;209;104;1;land;true;desert;1
8242;9;197;1;land;true;plains;1
8243;193;73;1;land;true;plains;1
8244;38;197;1;land;true;desert;1
8245;113;32;1;land;true;forest;1
8246;232;180;1;land;true;desert;1
8247;153;114;1;land;true;desert;1
8248;239;220;1;land;true;desert;1
8249;30;18;1;land;true;desert;1
8250;132;153;1;land;true;desert;1
8251;182;248;1;land;true;desert;1
8252;21;53;255;sea;false;ocean;0
8253;59;23;255;sea;false;ocean;0
8254;21;20;255;sea;false;ocean;0
8255;61;62;255;sea;false;ocean;0
8256;45;117;255;sea;false;ocean;0
8257;62;94;255;sea;true;ocean;0
8258;60;53;255;sea;false;ocean;0
8259;68;81;255;sea;true;ocean;0
8260;22;120;255;sea;true;ocean;0
8261;20;89;255;sea;false;ocean;0
8262;94;120;255;sea;true;ocean;0
8263;79;97;255;sea;false;ocean;0
8264;60;85;255;sea;true;ocean;0
8265;54;71;255;sea;true;ocean;0
8266;74;65;255;sea;false;ocean;0
8267;122;62;255;sea;false;ocean;0
8268;93;30;255;sea;false;ocean;0
8269;140;50;255;sea;false;ocean;0
8270;113;25;255;sea;false;ocean;0
8271;93;81;255;sea;false;ocean;0
8272;74;47;255;sea;false;ocean;0
8273;126;24;255;sea;false;ocean;0
8274;136;17;255;sea;false;ocean;0
8275;96;75;255;sea;false;ocean;0
8276;117;17;255;sea;false;ocean;0
8277;124;24;255;sea;false;ocean;0
8278;90;25;255;sea;false;ocean;0
8279;76;22;255;sea;false;ocean;0
8280;77;68;255;sea;false;ocean;0
8281;17;25;255;sea;false;ocean;0
8282;13;13;255;sea;false;ocean;0
8283;58;44;255;sea;false;ocean;0
8284;75;35;255;sea;false;ocean;0
8285;22;42;255;sea;false;ocean;0
8286;46;6;255;sea;false;ocean;0
8287;63;58;255;sea;false;ocean;0
8288;32;44;255;sea;false;ocean;0
8289;37;16;255;sea;false;ocean;0
8290;53;20;255;sea;false;ocean;0
8291;55;8;255;sea;false;ocean;0
8292;60;57;255;sea;false;ocean;0
8293;53;97;255;sea;false;ocean;0
8294;92;75;255;sea;false;ocean;0
8295;40;99;255;sea;false;ocean;0
8296;47;63;255;sea;false;ocean;0
8297;85;103;255;sea;false;ocean;0
8298;26;73;255;sea;false;ocean;0
8299;43;86;255;sea;false;ocean;0
8300;61;64;255;sea;false;ocean;0
8301;48;121;255;sea;false;ocean;0
8302;65;44;255;sea;false;ocean;0
8303;57;81;255;sea;false;ocean;0
8304;81;55;255;sea;false;ocean;0
8305;34;44;255;sea;false;ocean;0
8306;23;68;255;sea;false;ocean;0
8307;75;96;255;sea;false;ocean;0
8308;92;42;255;sea;false;ocean;0
8309;54;95;255;sea;false;ocean;0
8310;121;76;255;sea;false;ocean;0
8311;45;47;255;sea;false;ocean;0
8312;93;15;255;sea;false;ocean;0
8313;62;62;255;sea;false;ocean;0
8314;63;13;255;sea;false;ocean;0
8315;49;56;255;sea;false;ocean;0
8316;109;9;255;sea;false;ocean;0
8317;56;65;255;sea;false;ocean;0
8318;101;10;255;sea;false;ocean;0
8319;92;11;255;sea;false;ocean;0
8320;102;31;255;sea;false;ocean;0
8321;48;27;255;sea;false;ocean;0
8322;89;31;255;sea;false;ocean;0
8323;98;13;255;sea;false;ocean;0
8324;99;3;255;sea;false;ocean;0
8325;116;0;255;sea;true;ocean;0
8326;110;15;255;sea;false;ocean;0
8327;51;12;255;sea;true;ocean;0
8328;76;16;255;sea;false;ocean;0
8329;42;7;255;sea;true;ocean;0
8330;90;39;255;sea;false;ocean;0
8331;110;54;255;sea;false;ocean;0
8332;107;57;255;sea;false;ocean;0
8333;113;11;255;sea;false;ocean;0
8334;86;48;255;sea;true;ocean;0
8335;44;15;255;sea;false;ocean;0
8336;74;67;255;sea;true;ocean;0
8337;63;119;255;sea;false;ocean;0
8338;0;78;255;sea;false;ocean;0
8339;12;56;255;sea;true;ocean;0
8340;38;88;255;sea;true;ocean;0
8341;45;72;255;sea;false;ocean;0
8342;13;95;255;sea;false;ocean;0
8343;4;100;255;sea;false;ocean;0
8344;15;61;255;sea;false;ocean;0
8345;26;81;255;sea;true;ocean;0
8346;0;123;255;sea;true;ocean;0
8347;42;79;255;sea;true;ocean;0
8348;61;77;255;sea;false;ocean;0
8349;59;39;255;sea;false;ocean;0
8350;37;32;255;sea;true;ocean;0
8351;80;46;255;sea;false;ocean;0
8352;66;11;255;sea;true;ocean;0
8353;55;19;255;sea;true;ocean;0
8354;65;43;255;sea;true;ocean;0
8355;119;46;255;sea;false;ocean;0
8356;60;71;255;sea;false;ocean;0
8357;74;78;255;sea;false;ocean;0
8358;82;42;255;sea;false;ocean;0
8359;41;69;255;sea;false;ocean;0
8360;75;39;255;sea;false;ocean;0
8361;84;19;255;sea;false;ocean;0
8362;114;36;255;sea;false;ocean;0
8363;106;57;255;sea;false;ocean;0
8364;68;83;255;sea;false;ocean;0
8365;94;22;255;sea;false;ocean;0
8366;124;74;255;sea;false;ocean;0
8367;138;45;255;sea;false;ocean;0
8368;119;7;255;sea;false;ocean;0
8369;161;70;255;sea;false;ocean;0
8370;141;41;255;sea;false;ocean;0
8371;151;4;255;sea;false;ocean;0
8372;60;3;255;sea;false;ocean;0
8373;59;34;255;sea;false;ocean;0
8374;15;39;255;sea;false;ocean;0
8375;13;2;255;sea;false;ocean;0
8376;18;46;255;sea;false;ocean;0
8377;16;28;255;sea;false;ocean;0
8378;72;12;255;sea;false;ocean;0
8379;38;46;255;sea;false;ocean;0
8380;2;24;255;sea;false;ocean;0
8381;72;21;255;sea;false;ocean;0
8382;31;47;255;sea;false;ocean;0
8383;20;38;255;sea;false;ocean;0
8384;52;17;255;sea;false;ocean;0
8385;7;66;255;sea;false;ocean;0
8386;24;82;255;sea;false;ocean;0
8387;69;65;255;sea;false;ocean;0
8388;68;49;255;sea;false;ocean;0
8389;2;107;255;sea;false;ocean;0
8390;10;101;255;sea;false;ocean;0
8391;34;90;255;sea;false;ocean;0
8392;40;54;255;sea;false;ocean;0
8393;20;62;255;sea;false;ocean;0
8394;17;53;255;sea;false;ocean;0
8395;27;55;255;sea;false;ocean;0
8396;17;58;255;sea;false;ocean;0
8397;73;45;255;sea;false;ocean;0
8398;53;104;255;sea;false;ocean;0
8399;76;39;255;sea;false;ocean;0
8400;62;83;255;sea;false;ocean;0
8401;61;91;255;sea;false;ocean;0
8402;66;90;255;sea;false;ocean;0
8403;60;58;255;sea;false;ocean;0
8404;23;92;255;sea;false;ocean;0
8405;83;41;255;sea;false;ocean;0
8406;77;109;255;sea;false;ocean;0
8407;30;111;255;sea;false;ocean;0
8408;49;69;255;sea;false;ocean;0
8409;43;106;255;sea;false;ocean;0
8410;8;41;255;sea;false;ocean;0
8411;41;23;255;sea;false;ocean;0
8412;41;3;255;sea;false;ocean;0
8413;57;4;255;sea;false;ocean;0
8414;27;42;255;sea;false;ocean;0
8415;10;40;255;sea;false;ocean;0
8416;7;18;255;sea;false;ocean;0
8417;33;37;255;sea;false;ocean;0
8418;36;125;255;sea;false;ocean;0
8419;33;112;255;sea;true;ocean;0
8420;9;116;255;sea;false;ocean;0
8421;12;78;255;sea;false;ocean;0
8422;24;103;255;sea;true;ocean;0
8423;1;137;255;sea;true;ocean;0
8424;47;140;255;sea;false;ocean;0
8425;33;88;255;sea;false;ocean;0
8426;14;134;255;sea;false;ocean;0
8427;50;75;255;sea;false;ocean;0
8428;8;70;255;sea;false;ocean;0
8429;0;124;255;sea;false;ocean;0
8430;49;62;255;sea;false;ocean;0
8431;21;68;255;sea;false;ocean;0
8432;2;88;255;sea;false;ocean;0
8433;32;104;255;sea;false;ocean;0
8434;75;12;255;sea;false;ocean;0
8435;97;38;255;sea;false;ocean;0
8436;118;30;255;sea;false;ocean;0
8437;109;35;255;sea;false;ocean;0
8438;49;23;255;sea;false;ocean;0
8439;95;2;255;sea;false;ocean;0
8440;58;43;255;sea;false;ocean;0
8441;77;30;255;sea;false;ocean;0
8442;50;11;255;sea;false;ocean;0
8443;94;41;255;sea;false;ocean;0
8444;63;33;255;sea;false;ocean;0
8445;86;20;255;sea;false;ocean;0
8446;101;34;255;sea;false;ocean;0
8447;83;32;255;sea;false;ocean;0
8448;63;42;255;sea;false;ocean;0
8449;122;29;255;sea;false;ocean;0
8450;85;40;255;sea;false;ocean;0
8451;120;8;255;sea;false;ocean;0
8452;123;7;255;sea;false;ocean;0
8453;13;115;255;sea;false;ocean;0
8454;22;84;255;sea;false;ocean;0
8455;22;105;255;sea;false;ocean;0
8456;28;100;255;sea;false;ocean;0
8457;12;118;255;sea;false;ocean;0
8458;27;106;255;sea;false;ocean;0
8459;27;123;255;sea;false;ocean;0
8460;20;147;255;sea;false;ocean;0
8461;4;121;255;sea;false;ocean;0
8462;29;142;255;sea;false;ocean;0
8463;6;132;255;sea;false;ocean;0
8464;33;130;255;sea;false;ocean;0
8465;84;83;255;sea;false;ocean;0
8466;95;65;255;sea;false;ocean;0
8467;142;78;255;sea;false;ocean;0
8468;103;91;255;sea;false;ocean;0
8469;117;56;255;sea;false;ocean;0
8470;85;112;255;sea;false;ocean;0
8471;83;110;255;sea;false;ocean;0
8472;138;57;255;sea;false;ocean;0
8473;79;37;255;sea;false;ocean;0
8474;104;65;255;sea;false;ocean;0
8475;96;74;255;sea;false;ocean;0
8476;77;53;255;sea;false;ocean;0
8477;134;23;255;sea;false;ocean;0
8478;128;70;255;sea;false;ocean;0
8479;100;80;255;sea;false;ocean;0
8480;126;27;255;sea;false;ocean;0
8481;116;9;255;sea;false;ocean;0
8482;127;24;255;sea;false;ocean;0
8483;86;72;255;sea;false;ocean;0
8484;117;74;255;sea;false;ocean;0
8485;25;44;255;sea;false;ocean;0
8486;10;29;255;sea;false;ocean;0
8487;36;4;255;sea;false;ocean;0
8488;86;35;255;sea;false;ocean;0
8489;96;71;255;sea;false;ocean;0
8490;74;39;255;sea;false;ocean;0
8491;71;48;255;sea;false;ocean;0
8492;138;84;255;sea;false;ocean;0
8493;134;71;255;sea;false;ocean;0
8494;72;80;255;sea;false;ocean;0
8495;121;102;255;sea;false;ocean;0
8496;85;89;255;sea;false;ocean;0
8497;66;73;255;sea;false;ocean;0
8498;80;96;255;sea;false;ocean;0
8499;107;60;255;sea;false;ocean;0
8500;79;57;255;sea;false;ocean;0
8501;70;69;255;sea;false;ocean;0
8502;111;64;255;sea;false;ocean;0
8503;111;2;255;sea;false;ocean;0
8504;57;57;255;sea;false;ocean;0
8505;91;60;255;sea;false;ocean;0
8506;123;30;255;sea;false;ocean;0
8507;101;42;255;sea;false;ocean;0
8508;110;12;255;sea;false;ocean;0
8509;65;25;255;sea;false;ocean;0
8510;64;53;255;sea;false;ocean;0
8511;97;5;255;sea;false;ocean;0
8512;72;129;255;sea;false;ocean;0
8513;10;70;255;sea;false;ocean;0
8514;24;83;255;sea;false;ocean;0
8515;9;137;255;sea;false;ocean;0
8516;12;134;255;sea;false;ocean;0
8517;20;76;255;sea;false;ocean;0
8518;64;143;255;sea;false;ocean;0
8519;41;52;255;sea;true;ocean;0
8520;116;102;255;sea;true;ocean;0
8521;51;114;255;sea;true;ocean;0
8522;89;100;255;sea;true;ocean;0
8523;53;101;255;sea;true;ocean;0
8524;59;115;255;sea;true;ocean;0
8525;112;72;255;sea;true;ocean;0
8526;99;77;255;sea;true;ocean;0
8527;88;108;255;sea;false;ocean;0
8528;103;9;255;sea;false;ocean;0
8529;112;18;255;sea;false;ocean;0
8530;113;27;255;sea;false;ocean;0
8531;108;15;255;sea;false;ocean;0
8532;110;17;255;sea;false;ocean;0
8533;127;42;255;sea;false;ocean;0
8534;88;41;255;sea;false;ocean;0
8535;95;16;255;sea;false;ocean;0
8536;84;51;255;sea;false;ocean;0
8537;118;20;255;sea;false;ocean;0
8538;153;33;255;sea;false;ocean;0
8539;113;49;255;sea;false;ocean;0
8540;80;7;255;sea;false;ocean;0
8541;98;1;255;sea;false;ocean;0
8542;120;23;255;sea;false;ocean;0
8543;141;40;255;sea;false;ocean;0
8544;156;20;255;sea;false;ocean;0
8545;140;24;255;sea;false;ocean;0
8546;125;32;255;sea;false;ocean;0
8547;121;26;255;sea;false;ocean;0
8548;85;3;255;sea;false;ocean;0
8549;84;1;255;sea;false;ocean;0
8550;107;11;255;sea;false;ocean;0
8551;79;32;255;sea;false;ocean;0
8552;130;34;255;sea;false;ocean;0
8553;97;24;255;sea;false;ocean;0
8554;116;31;255;sea;false;ocean;0
8555;134;12;255;sea;false;ocean;0
8556;1;88;255;sea;false;ocean;0
8557;1;41;255;sea;false;ocean;0
8558;37;110;255;sea;false;ocean;0
8559;32;106;255;sea;false;ocean;0
8560;43;117;255;sea;false;ocean;0
8561;6;67;255;sea;false;ocean;0
8562;35;67;255;sea;false;ocean;0
8563;27;65;255;sea;false;ocean;0
8564;44;27;255;sea;false;ocean;0
8565;15;40;255;sea;false;ocean;0
8566;31;83;255;sea;false;ocean;0
8567;52;49;255;sea;false;ocean;0
8568;29;72;255;sea;false;ocean;0
8569;37;77;255;sea;false;ocean;0
8570;9;23;255;sea;false;ocean;0
8571;32;14;255;sea;false;ocean;0
8572;49;83;255;sea;false;ocean;0
8573;46;27;255;sea;false;ocean;0
8574;6;37;255;sea;false;ocean;0
8575;56;17;255;sea;false;ocean;0
8576;1;49;255;sea;false;ocean;0
8577;16;80;255;sea;false;ocean;0
8578;15;25;255;sea;false;ocean;0
8579;58;22;255;sea;false;ocean;0
8580;54;51;255;sea;false;ocean;0
8581;28;64;255;sea;false;ocean;0
8582;62;35;255;sea;false;ocean;0
8583;12;33;255;sea;false;ocean;0
8584;58;27;255;sea;false;ocean;0
8585;40;63;255;sea;false;ocean;0
8586;37;87;255;sea;true;ocean;0
8587;39;135;255;sea;true;ocean;0
8588;11;127;255;sea;true;ocean;0
8589;39;119;255;sea;true;ocean;0
8590;55;132;255;sea;true;ocean;0
8591;129;105;255;sea;false;ocean;0
8592;67;94;255;sea;true;ocean;0
8593;101;121;255;sea;true;ocean;0
8594;28;88;255;sea;false;ocean;0
8595;17;100;255;sea;false;ocean;0
8596;42;35;255;sea;false;ocean;0
8597;37;64;255;sea;false;ocean;0
8598;22;65;255;sea;false;ocean;0
8599;38;23;255;sea;false;ocean;0
8600;50;102;255;sea;false;ocean;0
8601;42;112;255;sea;false;ocean;0
8602;76;84;255;sea;false;ocean;0
8603;60;102;255;sea;false;ocean;0
8604;22;141;255;sea;false;ocean;0
8605;47;156;255;sea;false;ocean;0
8606;35;148;255;sea;false;ocean;0
8607;84;102;255;sea;false;ocean;0
8608;14;77;255;sea;false;ocean;0
8609;41;117;255;sea;false;ocean;0
8610;46;84;255;sea;false;ocean;0
8611;79;117;255;sea;false;ocean;0
8612;80;79;255;sea;false;ocean;0
8613;12;88;255;sea;false;ocean;0
8614;53;90;255;sea;false;ocean;0
8615;57;90;255;sea;false;ocean;0
8616;74;96;255;sea;false;ocean;0
8617;62;86;255;sea;false;ocean;0
8618;79;85;255;sea;false;ocean;0
8619;46;77;255;sea;false;ocean;0
8620;55;120;255;sea;false;ocean;0
8621;32;70;255;sea;false;ocean;0
8622;49;64;255;sea;false;ocean;0
8623;106;22;255;sea;false;ocean;0
8624;102;27;255;sea;false;ocean;0
8625;89;75;255;sea;false;ocean;0
8626;38;34;255;sea;false;ocean;0
8627;110;43;255;sea;false;ocean;0
8628;58;48;255;sea;false;ocean;0
8629;96;88;255;sea;false;ocean;0
8630;82;88;255;sea;false;ocean;0
8631;104;60;255;sea;false;ocean;0
8632;86;85;255;sea;false;ocean;0
8633;57;38;255;sea;false;ocean;0
8634;81;44;255;sea;false;ocean;0
8635;43;5;255;sea;true;ocean;0
8636;74;32;255;sea;true;ocean;0
8637;75;23;255;sea;true;ocean;0
8638;68;11;255;sea;true;ocean;0
8639;52;2;255;sea;true;ocean;0
8640;38;38;255;sea;false;ocean;0
8641;14;58;255;sea;true;ocean;0
8642;0;34;255;sea;true;ocean;0
8643;7;39;255;sea;true;ocean;0
8644;11;15;255;sea;false;ocean;0
8645;45;58;255;sea;true;ocean;0
8646;0;7;255;sea;true;ocean;0
8647;18;21;255;sea;false;ocean;0
8648;10;15;255;sea;true;ocean;0
8649;3;18;255;sea;true;ocean;0
8650;57;23;255;sea;true;ocean;0
8651;18;68;255;sea;false;ocean;0
8652;51;9;255;sea;false;ocean;0
8653;3;3;255;sea;false;ocean;0
8654;32;0;255;sea;false;ocean;0
8655;7;4;255;sea;false;ocean;0
8656;13;45;255;sea;false;ocean;0
8657;24;14;255;sea;false;ocean;0
8658;34;27;255;sea;false;ocean;0
8659;62;13;255;sea;false;ocean;0
8660;1;22;255;sea;false;ocean;0
8661;9;0;255;sea;false;ocean;0
8662;43;17;255;sea;false;ocean;0
8663;36;3;255;sea;false;ocean;0
8664;31;0;255;sea;false;ocean;0
8665;48;12;255;sea;false;ocean;0
8666;63;19;255;sea;false;ocean;0
8667;30;12;255;sea;false;ocean;0
8668;43;24;255;sea;false;ocean;0
8669;38;19;255;sea;false;ocean;0
8670;45;45;255;sea;false;ocean;0
8671;67;10;255;sea;false;ocean;0
8672;44;24;255;sea;false;ocean;0
8673;10;43;255;sea;false;ocean;0
8674;57;113;255;sea;false;ocean;0
8675;4;98;255;sea;false;ocean;0
8676;14;90;255;sea;false;ocean;0
8677;46;91;255;sea;false;ocean;0
8678;35;114;255;sea;false;ocean;0
8679;33;110;255;sea;false;ocean;0
8680;43;58;255;sea;false;ocean;0
8681;25;60;255;sea;false;ocean;0
8682;5;37;255;sea;true;ocean;0
8683;70;41;255;sea;true;ocean;0
8684;26;28;255;sea;true;ocean;0
8685;28;7;255;sea;true;ocean;0
8686;9;36;255;sea;true;ocean;0
8687;77;42;255;sea;true;ocean;0
8688;4;33;255;sea;true;ocean;0
8689;81;41;255;sea;true;ocean;0
8690;78;101;255;sea;false;ocean;0
8691;81;145;255;sea;false;ocean;0
8692;80;126;255;sea;false;ocean;0
8693;122;121;255;sea;false;ocean;0
8694;95;112;255;sea;false;ocean;0
8695;81;127;255;sea;false;ocean;0
8696;117;102;255;sea;false;ocean;0
8697;53;114;255;sea;false;ocean;0
8698;97;94;255;sea;false;ocean;0
8699;60;112;255;sea;false;ocean;0
8700;111;77;255;sea;false;ocean;0
8701;93;102;255;sea;false;ocean;0
8702;92;84;255;sea;false;ocean;0
8703;104;142;255;sea;false;ocean;0
8704;124;125;255;sea;false;ocean;0
8705;61;105;255;sea;false;ocean;0
8706;57;70;255;sea;false;ocean;0
8707;142;49;255;sea;true;ocean;0
8708;99;42;255;sea;false;ocean;0
8709;145;103;255;sea;true;ocean;0
8710;114;69;255;sea;true;ocean;0
8711;157;86;255;sea;true;ocean;0
8712;164;93;255;sea;false;ocean;0
8713;118;77;255;sea;true;ocean;0
8714;101;114;255;sea;true;ocean;0
8715;151;100;255;sea;true;ocean;0
8716;128;112;255;sea;true;ocean;0
8717;99;119;255;sea;true;ocean;0
8718;89;91;255;sea;false;ocean;0
8719;85;43;255;sea;true;ocean;0
8720;148;90;255;sea;false;ocean;0
8721;8;61;255;sea;false;ocean;0
8722;3;56;255;sea;false;ocean;0
8723;25;7;255;sea;false;ocean;0
8724;12;11;255;sea;false;ocean;0
8725;33;27;255;sea;false;ocean;0
8726;8;22;255;sea;false;ocean;0
8727;4;0;255;sea;false;ocean;0
8728;39;7;255;sea;false;ocean;0
8729;38;57;255;sea;false;ocean;0
8730;34;45;255;sea;false;ocean;0
8731;8;65;255;sea;false;ocean;0
8732;59;48;255;sea;false;ocean;0
8733;46;43;255;sea;false;ocean;0
8734;2;1;255;sea;false;ocean;0
8735;4;14;255;sea;false;ocean;0
8736;17;19;255;sea;false;ocean;0
8737;2;16;255;sea;false;ocean;0
8738;52;55;255;sea;false;ocean;0
8739;16;55;255;sea;false;ocean;0
8740;42;39;255;sea;false;ocean;0
8741;19;30;255;sea;false;ocean;0
8742;107;105;255;sea;false;ocean;0
8743;103;99;255;sea;false;ocean;0
8744;126;109;255;sea;false;ocean;0
8745;127;102;255;sea;false;ocean;0
8746;96;78;255;sea;false;ocean;0
8747;138;104;255;sea;false;ocean;0
8748;105;76;255;sea;false;ocean;0
8749;121;68;255;sea;false;ocean;0
8750;73;117;255;sea;false;ocean;0
8751;139;123;255;sea;false;ocean;0
8752;142;136;255;sea;false;ocean;0
8753;84;68;255;sea;false;ocean;0
8754;139;69;255;sea;true;ocean;0
8755;82;76;255;sea;false;ocean;0
8756;112;90;255;sea;false;ocean;0
8757;69;89;255;sea;false;ocean;0
8758;140;80;255;sea;true;ocean;0
8759;120;84;255;sea;false;ocean;0
8760;137;76;255;sea;false;ocean;0
8761;144;51;255;sea;false;ocean;0
8762;104;29;255;sea;false;ocean;0
8763;110;80;255;sea;true;ocean;0
8764;111;75;255;sea;false;ocean;0
8765;73;29;255;sea;false;ocean;0
8766;101;62;255;sea;false;ocean;0
8767;88;92;255;sea;true;ocean;0
8768;79;83;255;sea;false;ocean;0
8769;121;0;255;sea;false;ocean;0
8770;100;13;255;sea;false;ocean;0
8771;125;6;255;sea;false;ocean;0
8772;107;63;255;sea;false;ocean;0
8773;99;17;255;sea;false;ocean;0
8774;74;8;255;sea;false;ocean;0
8775;134;41;255;sea;false;ocean;0
8776;79;62;255;sea;false;ocean;0
8777;74;34;255;sea;false;ocean;0
8778;112;40;255;sea;false;ocean;0
8779;78;111;255;sea;false;ocean;0
8780;83;101;255;sea;false;ocean;0
8781;16;52;255;sea;false;ocean;0
8782;44;65;255;sea;false;ocean;0
8783;39;85;255;sea;false;ocean;0
8784;27;111;255;sea;false;ocean;0
8785;55;79;255;sea;false;ocean;0
8786;80;73;255;sea;false;ocean;0
8787;33;67;255;sea;false;ocean;0
8788;74;63;255;sea;false;ocean;0
8789;77;60;255;sea;false;ocean;0
8790;12;79;255;sea;false;ocean;0
8791;23;107;255;sea;false;ocean;0
8792;12;128;255;sea;false;ocean;0
8793;23;80;255;sea;false;ocean;0
8794;20;52;255;sea;false;ocean;0
8795;97;69;255;sea;true;ocean;0
8796;97;107;255;sea;true;ocean;0
8797;89;70;255;sea;true;ocean;0
8798;82;108;255;sea;true;ocean;0
8799;65;50;255;sea;true;ocean;0
8800;58;89;255;sea;true;ocean;0
8801;83;81;255;sea;true;ocean;0
8802;92;108;255;sea;true;ocean;0
8803;69;108;255;sea;true;ocean;0
8804;94;45;255;sea;true;ocean;0
8805;74;29;255;sea;true;ocean;0
8806;37;90;255;sea;true;ocean;0
8807;33;18;255;sea;true;ocean;0
8808;72;20;255;sea;true;ocean;0
8809;81;95;255;sea;true;ocean;0
8810;19;79;255;sea;true;ocean;0
8811;22;57;255;sea;true;ocean;0
8812;64;75;255;sea;true;ocean;0
8813;63;45;255;sea;false;ocean;0
8814;42;33;255;sea;false;ocean;0
8815;64;15;255;sea;false;ocean;0
8816;83;2;255;sea;false;ocean;0
8817;58;19;255;sea;false;ocean;0
8818;39;58;255;sea;false;ocean;0
8819;67;46;255;sea;false;ocean;0
8820;51;16;255;sea;false;ocean;0
8821;53;40;255;sea;false;ocean;0
8822;66;8;255;sea;false;ocean;0
8823;53;130;255;sea;false;ocean;0
8824;59;139;255;sea;false;ocean;0
8825;46;103;255;sea;true;ocean;0
8826;107;124;255;sea;false;ocean;0
8827;79;156;255;sea;false;ocean;0
8828;58;83;255;sea;false;ocean;0
8829;113;94;255;sea;false;ocean;0
8830;43;28;255;sea;false;ocean;0
8831;45;34;255;sea;false;ocean;0
8832;68;85;255;sea;false;ocean;0
8833;25;58;255;sea;false;ocean;0
8834;77;88;255;sea;false;ocean;0
8835;43;34;255;sea;false;ocean;0
8836;43;43;255;sea;false;ocean;0
8837;48;62;255;sea;false;ocean;0
8838;19;87;255;sea;false;ocean;0
8839;30;82;255;sea;false;ocean;0
8840;52;39;255;sea;false;ocean;0
8841;32;25;255;sea;false;ocean;0
8842;1;19;255;sea;true;ocean;0
8843;7;31;255;sea;false;ocean;0
8844;31;33;255;sea;false;ocean;0
8845;28;36;255;sea;true;ocean;0
8846;9;30;255;sea;false;ocean;0
8847;37;3;255;sea;true;ocean;0
8848;58;38;255;sea;false;ocean;0
8849;44;52;255;sea;false;ocean;0
8850;32;52;255;sea;false;ocean;0
8851;30;40;255;sea;false;ocean;0
8852;76;54;255;sea;false;ocean;0
8853;38;33;255;sea;false;ocean;0
8854;29;8;255;sea;false;ocean;0
8855;13;21;255;sea;false;ocean;0
8856;74;35;255;sea;false;ocean;0
8857;21;11;255;sea;false;ocean;0
8858;61;26;255;sea;false;ocean;0
8859;58;36;255;sea;false;ocean;0
8860;43;35;255;sea;false;ocean;0
8861;36;28;255;sea;false;ocean;0
8862;59;7;255;sea;false;ocean;0
8863;34;54;255;sea;false;ocean;0
8864;31;53;255;sea;false;ocean;0
8865;110;62;255;sea;false;ocean;0
8866;147;119;255;sea;false;ocean;0
8867;97;110;255;sea;false;ocean;0
8868;128;88;255;sea;false;ocean;0
8869;127;94;255;sea;false;ocean;0
8870;117;81;255;sea;false;ocean;0
8871;147;103;255;sea;false;ocean;0
8872;97;128;255;sea;false;ocean;0
8873;88;118;255;sea;false;ocean;0
8874;117;72;255;sea;false;ocean;0
8875;94;95;255;sea;false;ocean;0
8876;31;76;255;sea;false;ocean;0
8877;60;67;255;sea;false;ocean;0
8878;16;29;255;sea;false;ocean;0
8879;13;56;255;sea;false;ocean;0
8880;20;94;255;sea;false;ocean;0
8881;7;49;255;sea;false;ocean;0
8882;47;95;255;sea;false;ocean;0
8883;50;98;255;sea;false;ocean;0
8884;32;79;255;sea;false;ocean;0
8885;46;38;255;sea;false;ocean;0
8886;24;97;255;sea;false;ocean;0
8887;79;161;255;sea;false;ocean;0
8888;69;133;255;sea;false;ocean;0
8889;54;108;255;sea;false;ocean;0
8890;37;107;255;sea;false;ocean;0
8891;51;96;255;sea;false;ocean;0
8892;35;134;255;sea;false;ocean;0
8893;96;157;255;sea;false;ocean;0
8894;95;162;255;sea;false;ocean;0
8895;43;95;255;sea;false;ocean;0
8896;49;97;255;sea;false;ocean;0
8897;38;137;255;sea;false;ocean;0
8898;73;153;255;sea;false;ocean;0
8899;41;155;255;sea;false;ocean;0
8900;53;136;255;sea;false;ocean;0
8901;94;93;255;sea;false;ocean;0
8902;60;84;255;sea;false;ocean;0
8903;84;85;255;sea;false;ocean;0
8904;71;115;255;sea;false;ocean;0
8905;89;136;255;sea;false;ocean;0
8906;83;102;255;sea;false;ocean;0
8907;100;97;255;sea;false;ocean;0
8908;26;79;255;sea;false;ocean;0
8909;101;126;255;sea;false;ocean;0
8910;43;76;255;sea;false;ocean;0
8911;26;109;255;sea;false;ocean;0
8912;74;89;255;sea;false;ocean;0
8913;93;121;255;sea;false;ocean;0
8914;43;131;255;sea;false;ocean;0
8915;50;111;255;sea;false;ocean;0
8916;52;127;255;sea;false;ocean;0
8917;79;136;255;sea;false;ocean;0
8918;47;88;255;sea;false;ocean;0
8919;100;132;255;sea;false;ocean;0
8920;93;126;255;sea;false;ocean;0
8921;92;30;255;sea;false;ocean;0
8922;70;96;255;sea;false;ocean;0
8923;100;75;255;sea;false;ocean;0
8924;123;72;255;sea;false;ocean;0
8925;72;34;255;sea;false;ocean;0
8926;64;46;255;sea;false;ocean;0
8927;118;23;255;sea;false;ocean;0
8928;118;26;255;sea;false;ocean;0
8929;84;23;255;sea;false;ocean;0
8930;64;94;255;sea;false;ocean;0
8931;116;33;255;sea;false;ocean;0
8932;125;90;255;sea;false;ocean;0
8933;88;22;255;sea;false;ocean;0
8934;107;39;255;sea;false;ocean;0
8935;63;29;255;sea;false;ocean;0
8936;108;86;255;sea;false;ocean;0
8937;56;79;255;sea;false;ocean;0
8938;134;84;255;sea;false;ocean;0
8939;98;116;255;sea;false;ocean;0
8940;80;115;255;sea;false;ocean;0
8941;75;81;255;sea;false;ocean;0
8942;144;153;255;sea;false;ocean;0
8943;130;112;255;sea;false;ocean;0
8944;101;119;255;sea;false;ocean;0
8945;98;135;255;sea;false;ocean;0
8946;89;123;255;sea;false;ocean;0
8947;103;100;255;sea;false;ocean;0
8948;95;127;255;sea;false;ocean;0
8949;107;83;255;sea;false;ocean;0
8950;139;143;255;sea;false;ocean;0
8951;139;90;255;sea;false;ocean;0
8952;122;77;255;sea;false;ocean;0
8953;90;93;255;sea;false;ocean;0
8954;79;67;255;sea;false;ocean;0
8955;77;58;255;sea;false;ocean;0
8956;141;99;255;sea;false;ocean;0
8957;127;92;255;sea;false;ocean;0
8958;71;37;255;sea;false;ocean;0
8959;65;65;255;sea;false;ocean;0
8960;87;38;255;sea;false;ocean;0
8961;20;33;255;sea;false;ocean;0
8962;33;21;255;sea;false;ocean;0
8963;66;47;255;sea;false;ocean;0
8964;46;46;255;sea;false;ocean;0
8965;33;24;255;sea;false;ocean;0
8966;24;26;255;sea;false;ocean;0
8967;76;53;255;sea;false;ocean;0
8968;58;37;255;sea;false;ocean;0
8969;101;46;255;sea;false;ocean;0
8970;87;20;255;sea;false;ocean;0
8971;80;17;255;sea;false;ocean;0
8972;96;32;255;sea;false;ocean;0
8973;67;39;255;sea;false;ocean;0
8974;138;0;255;sea;false;ocean;0
8975;71;46;255;sea;false;ocean;0
8976;116;8;255;sea;false;ocean;0
8977;121;17;255;sea;false;ocean;0
8978;112;42;255;sea;false;ocean;0
8979;72;14;255;sea;false;ocean;0
8980;126;42;255;sea;false;ocean;0
8981;109;33;255;sea;false;ocean;0
8982;99;14;255;sea;false;ocean;0
8983;104;25;255;sea;false;ocean;0
8984;123;3;255;sea;false;ocean;0
8985;87;14;255;sea;false;ocean;0
8986;77;5;255;sea;false;ocean;0
8987;18;35;255;sea;false;ocean;0
8988;33;92;255;sea;false;ocean;0
8989;0;103;255;sea;false;ocean;0
8990;3;42;255;sea;false;ocean;0
8991;35;35;255;sea;false;ocean;0
8992;27;62;255;sea;false;ocean;0
8993;5;85;255;sea;false;ocean;0
8994;39;74;255;sea;false;ocean;0
8995;11;54;255;sea;false;ocean;0
8996;41;56;255;sea;false;ocean;0
8997;44;26;255;sea;false;ocean;0
8998;28;33;255;sea;false;ocean;0
8999;7;22;255;sea;false;ocean;0
9000;1;8;255;sea;false;ocean;0
9001;42;56;255;sea;false;ocean;0
9002;50;0;255;sea;false;ocean;0
9003;36;67;255;sea;false;ocean;0
9004;36;33;255;sea;false;ocean;0
9005;26;31;255;sea;false;ocean;0
9006;51;31;255;sea;false;ocean;0
9007;17;49;255;sea;false;ocean;0
9008;25;2;255;sea;false;ocean;0
9009;18;12;255;sea;false;ocean;0
9010;27;9;255;sea;false;ocean;0
9011;43;13;255;sea;false;ocean;0
9012;70;26;255;sea;false;ocean;0
9013;35;29;255;sea;false;ocean;0
9014;62;11;255;sea;false;ocean;0
9015;54;35;255;sea;false;ocean;0
9016;1;11;255;sea;false;ocean;0
9017;31;90;255;sea;false;ocean;0
9018;9;76;255;sea;false;ocean;0
9019;7;104;255;sea;false;ocean;0
9020;18;77;255;sea;false;ocean;0
9021;3;140;255;sea;false;ocean;0
9022;30;109;255;sea;false;ocean;0
9023;9;105;255;sea;false;ocean;0
9024;27;87;255;sea;false;ocean;0
9025;22;139;255;sea;false;ocean;0
9026;30;101;255;sea;false;ocean;0
9027;24;112;255;sea;false;ocean;0
9028;7;106;255;sea;false;ocean;0
9029;131;44;255;sea;false;ocean;0
9030;94;102;255;sea;false;ocean;0
9031;84;97;255;sea;false;ocean;0
9032;104;100;255;sea;false;ocean;0
9033;94;94;255;sea;false;ocean;0
9034;107;24;255;sea;false;ocean;0
9035;159;56;255;sea;false;ocean;0
9036;110;31;255;sea;false;ocean;0
9037;103;56;255;sea;false;ocean;0
9038;121;24;255;sea;false;ocean;0
9039;126;31;255;sea;false;ocean;0
9040;141;17;255;sea;false;ocean;0
9041;152;62;255;sea;false;ocean;0
9042;136;55;255;sea;false;ocean;0
9043;139;22;255;sea;false;ocean;0
9044;129;49;255;sea;false;ocean;0
9045;138;26;255;sea;false;ocean;0
9046;122;12;255;sea;false;ocean;0
9047;126;119;255;sea;false;ocean;0
9048;146;89;255;sea;false;ocean;0
9049;93;110;255;sea;false;ocean;0
9050;86;141;255;sea;false;ocean;0
9051;136;120;255;sea;false;ocean;0
9052;109;116;255;sea;false;ocean;0
9053;120;136;255;sea;false;ocean;0
9054;149;93;255;sea;false;ocean;0
9055;110;123;255;sea;false;ocean;0
9056;157;124;255;sea;false;ocean;0
9057;100;100;255;sea;false;ocean;0
9058;155;87;255;sea;false;ocean;0
9059;10;131;255;sea;false;ocean;0
9060;14;89;255;sea;false;ocean;0
9061;22;124;255;sea;false;ocean;0
9062;73;65;255;sea;false;ocean;0
9063;56;57;255;sea;false;ocean;0
9064;72;83;255;sea;false;ocean;0
9065;68;74;255;sea;false;ocean;0
9066;46;57;255;sea;false;ocean;0
9067;71;111;255;sea;false;ocean;0
9068;43;109;255;sea;false;ocean;0
9069;73;100;255;sea;false;ocean;0
9070;42;57;255;sea;false;ocean;0
9071;40;69;255;sea;false;ocean;0
9072;67;86;255;sea;false;ocean;0
9073;56;93;255;sea;false;ocean;0
9074;58;39;255;sea;false;ocean;0
9075;43;71;255;sea;false;ocean;0
9076;53;26;255;sea;false;ocean;0
9077;107;28;255;sea;false;ocean;0
9078;93;76;255;sea;false;ocean;0
9079;42;95;255;sea;false;ocean;0
9080;61;96;255;sea;false;ocean;0
9081;80;43;255;sea;false;ocean;0
9082;60;44;255;sea;false;ocean;0
9083;103;39;255;sea;false;ocean;0
9084;103;88;255;sea;false;ocean;0
9085;33;81;255;sea;false;ocean;0
9086;34;61;255;sea;false;ocean;0
9087;94;13;255;sea;false;ocean;0
9088;38;45;255;sea;false;ocean;0
9089;81;28;255;sea;false;ocean;0
9090;79;15;255;sea;false;ocean;0
9091;100;20;255;sea;false;ocean;0
9092;63;31;255;sea;false;ocean;0
9093;69;15;255;sea;false;ocean;0
9094;67;75;255;sea;false;ocean;0
9095;80;90;255;sea;false;ocean;0
9096;62;60;255;sea;false;ocean;0
9097;34;95;255;sea;false;ocean;0
9098;68;98;255;sea;false;ocean;0
9099;87;82;255;sea;false;ocean;0
9100;39;94;255;sea;false;ocean;0
9101;77;57;255;sea;false;ocean;0
9102;74;115;255;sea;false;ocean;0
9103;52;74;255;sea;false;ocean;0
9104;47;59;255;sea;false;ocean;0
9105;15;36;255;sea;true;ocean;0
9106;32;31;255;sea;false;ocean;0
9107;61;20;255;sea;false;ocean;0
9108;78;51;255;sea;false;ocean;0
9109;21;22;255;sea;false;ocean;0
9110;83;48;255;sea;false;ocean;0
9111;75;14;255;sea;false;ocean;0
9112;47;20;255;sea;false;ocean;0
9113;88;47;255;sea;false;ocean;0
9114;127;101;255;sea;false;ocean;0
9115;87;54;255;sea;false;ocean;0
9116;121;80;255;sea;false;ocean;0
9117;143;105;255;sea;false;ocean;0
9118;91;81;255;sea;false;ocean;0
9119;89;36;255;sea;false;ocean;0
9120;119;86;255;sea;false;ocean;0
9121;103;73;255;sea;false;ocean;0
9122;162;66;255;sea;false;ocean;0
9123;23;58;255;sea;true;ocean;0
9124;52;87;255;sea;true;ocean;0
9125;55;46;255;sea;true;ocean;0
9126;50;59;255;sea;true;ocean;0
9127;36;88;255;sea;false;ocean;0
9128;75;85;255;sea;true;ocean;0
9129;30;69;255;sea;true;ocean;0
9130;1;26;255;sea;true;ocean;0
9131;40;16;255;sea;true;ocean;0
9132;44;66;255;sea;true;ocean;0
9133;33;63;255;sea;true;ocean;0
9134;41;20;255;sea;false;ocean;0
9135;39;39;255;sea;false;ocean;0
9136;15;12;255;sea;false;ocean;0
9137;2;18;255;sea;false;ocean;0
9138;57;129;255;sea;true;ocean;0
9139;10;132;255;sea;false;ocean;0
9140;13;131;255;sea;false;ocean;0
9141;27;105;255;sea;true;ocean;0
9142;13;75;255;sea;false;ocean;0
9143;50;107;255;sea;true;ocean;0
9144;19;84;255;sea;false;ocean;0
9145;61;65;255;sea;true;ocean;0
9146;44;38;255;sea;true;ocean;0
9147;71;29;255;sea;false;ocean;0
9148;86;32;255;sea;true;ocean;0
9149;19;147;255;sea;false;ocean;0
9150;2;92;255;sea;false;ocean;0
9151;47;109;255;sea;false;ocean;0
9152;29;155;255;sea;false;ocean;0
9153;45;97;255;sea;false;ocean;0
9154;20;111;255;sea;false;ocean;0
9155;40;93;255;sea;false;ocean;0
9156;17;138;255;sea;true;ocean;0
9157;37;137;255;sea;false;ocean;0
9158;0;121;255;sea;false;ocean;0
9159;12;102;255;sea;false;ocean;0
9160;25;140;255;sea;false;ocean;0
9161;39;98;255;sea;false;ocean;0
9162;37;121;255;sea;false;ocean;0
9163;2;139;255;sea;false;ocean;0
9164;12;67;255;sea;false;ocean;0
9165;11;95;255;sea;false;ocean;0
9166;0;66;255;sea;false;ocean;0
9167;5;83;255;sea;false;ocean;0
9168;15;127;255;sea;false;ocean;0
9169;10;100;255;sea;false;ocean;0
9170;31;107;255;sea;false;ocean;0
9171;7;85;255;sea;false;ocean;0
9172;19;51;255;sea;false;ocean;0
9173;5;69;255;sea;false;ocean;0
9174;17;52;255;sea;false;ocean;0
9175;101;63;255;sea;false;ocean;0
9176;52;52;255;sea;true;ocean;0
9177;73;26;255;sea;true;ocean;0
9178;37;45;255;sea;true;ocean;0
9179;51;32;255;sea;true;ocean;0
9180;105;70;255;sea;true;ocean;0
9181;79;8;255;sea;false;ocean;0
9182;48;35;255;sea;false;ocean;0
9183;58;10;255;sea;true;ocean;0
9184;104;50;255;sea;false;ocean;0
9185;94;31;255;sea;false;ocean;0
9186;109;0;255;sea;false;ocean;0
9187;88;29;255;sea;false;ocean;0
9188;85;32;255;sea;false;ocean;0
9189;150;35;255;sea;false;ocean;0
9190;81;10;255;sea;false;ocean;0
9191;126;49;255;sea;false;ocean;0
9192;94;21;255;sea;false;ocean;0
9193;89;21;255;sea;false;ocean;0
9194;83;46;255;sea;false;ocean;0
9195;149;12;255;sea;false;ocean;0
9196;88;20;255;sea;false;ocean;0
9197;62;84;255;sea;false;ocean;0
9198;36;44;255;sea;false;ocean;0
9199;36;108;255;sea;false;ocean;0
9200;61;71;255;sea;false;ocean;0
9201;12;104;255;sea;false;ocean;0
9202;44;81;255;sea;false;ocean;0
9203;26;55;255;sea;false;ocean;0
9204;62;104;255;sea;false;ocean;0
9205;59;74;255;sea;false;ocean;0
9206;14;86;255;sea;false;ocean;0
9207;56;87;255;sea;false;ocean;0
9208;22;86;255;sea;false;ocean;0
9209;55;66;255;sea;false;ocean;0
9210;47;41;255;sea;false;ocean;0
9211;64;33;255;sea;false;ocean;0
9212;20;82;255;sea;false;ocean;0
9213;32;90;255;sea;false;ocean;0
9214;63;92;255;sea;false;ocean;0
9215;62;49;255;sea;false;ocean;0
9216;59;31;255;sea;false;ocean;0
9217;66;70;255;sea;false;ocean;0
9218;3;65;255;sea;false;ocean;0
9219;60;41;255;sea;false;ocean;0
9220;11;57;255;sea;false;ocean;0
9221;18;3;255;sea;true;ocean;0
9222;71;27;255;sea;true;ocean;0
9223;54;38;255;sea;true;ocean;0
9224;22;15;255;sea;true;ocean;0
9225;78;12;255;sea;true;ocean;0
9226;46;10;255;sea;true;ocean;0
9227;75;38;255;sea;true;ocean;0
9228;84;16;255;sea;true;ocean;0
9229;65;68;255;sea;true;ocean;0
9230;31;12;255;sea;true;ocean;0
9231;70;59;255;sea;true;ocean;0
9232;26;44;255;sea;false;ocean;0
9233;31;30;255;sea;false;ocean;0
9234;29;6;255;sea;false;ocean;0
9235;9;31;255;sea;false;ocean;0
9236;34;14;255;sea;false;ocean;0
9237;35;55;255;sea;false;ocean;0
9238;8;130;255;sea;false;ocean;0
9239;44;80;255;sea;false;ocean;0
9240;43;139;255;sea;false;ocean;0
9241;30;126;255;sea;false;ocean;0
9242;23;110;255;sea;false;ocean;0
9243;9;72;255;sea;false;ocean;0
9244;45;126;255;sea;false;ocean;0
9245;30;119;255;sea;false;ocean;0
9246;14;94;255;sea;false;ocean;0
9247;15;108;255;sea;false;ocean;0
9248;10;65;255;sea;false;ocean;0
9249;14;71;255;sea;false;ocean;0
9250;136;89;255;sea;true;ocean;0
9251;103;49;255;sea;false;ocean;0
9252;96;68;255;sea;true;ocean;0
9253;98;52;255;sea;true;ocean;0
9254;138;105;255;sea;true;ocean;0
9255;104;24;255;sea;false;ocean;0
9256;58;63;255;sea;false;ocean;0
9257;74;37;255;sea;false;ocean;0
9258;50;45;255;sea;false;ocean;0
9259;75;74;255;sea;false;ocean;0
9260;39;5;255;sea;false;ocean;0
9261;80;13;255;sea;false;ocean;0
9262;2;128;255;sea;false;ocean;0
9263;0;88;255;sea;false;ocean;0
9264;21;72;255;sea;false;ocean;0
9265;19;137;255;sea;false;ocean;0
9266;7;113;255;sea;false;ocean;0
9267;33;138;255;sea;false;ocean;0
9268;3;134;255;sea;false;ocean;0
9269;39;62;255;sea;false;ocean;0
9270;35;75;255;sea;false;ocean;0
9271;22;134;255;sea;false;ocean;0
9272;20;77;255;sea;false;ocean;0
9273;62;55;255;sea;true;ocean;0
9274;66;44;255;sea;true;ocean;0
9275;87;65;255;sea;true;ocean;0
9276;91;95;255;sea;true;ocean;0
9277;74;54;255;sea;true;ocean;0
9278;106;74;255;sea;false;ocean;0
9279;136;18;255;sea;false;ocean;0
9280;149;2;255;sea;false;ocean;0
9281;109;14;255;sea;false;ocean;0
9282;138;5;255;sea;false;ocean;0
9283;82;63;255;sea;false;ocean;0
9284;83;27;255;sea;false;ocean;0
9285;100;46;255;sea;false;ocean;0
9286;75;56;255;sea;false;ocean;0
9287;95;9;255;sea;false;ocean;0
9288;129;32;255;sea;false;ocean;0
9289;114;45;255;sea;false;ocean;0
9290;124;19;255;sea;false;ocean;0
9291;92;49;255;sea;false;ocean;0
9292;72;6;255;sea;false;ocean;0
9293;27;28;255;sea;false;ocean;0
9294;51;6;255;sea;false;ocean;0
9295;101;11;255;sea;false;ocean;0
9296;85;17;255;sea;false;ocean;0
9297;98;0;255;sea;false;ocean;0
9298;51;38;255;sea;false;ocean;0
9299;54;12;255;sea;false;ocean;0
9300;0;144;255;sea;false;ocean;0
9301;52;120;255;sea;false;ocean;0
9302;14;104;255;sea;false;ocean;0
9303;12;131;255;sea;false;ocean;0
9304;5;131;255;sea;false;ocean;0
9305;41;88;255;sea;false;ocean;0
9306;23;60;255;sea;false;ocean;0
9307;39;65;255;sea;false;ocean;0
9308;23;63;255;sea;false;ocean;0
9309;48;52;255;sea;false;ocean;0
9310;19;92;255;sea;false;ocean;0
9311;12;36;255;sea;false;ocean;0
9312;31;69;255;sea;false;ocean;0
9313;13;80;255;sea;false;ocean;0
9314;19;77;255;sea;false;ocean;0
9315;32;55;255;sea;false;ocean;0
9316;31;88;255;sea;false;ocean;0
9317;4;70;255;sea;false;ocean;0
9318;20;39;255;sea;false;ocean;0
9319;71;105;255;sea;false;ocean;0
9320;17;124;255;sea;false;ocean;0
9321;17;140;255;sea;false;ocean;0
9322;61;110;255;sea;false;ocean;0
9323;17;79;255;sea;false;ocean;0
9324;23;126;255;sea;false;ocean;0
9325;21;135;255;sea;false;ocean;0
9326;19;156;255;sea;false;ocean;0
9327;52;80;255;sea;false;ocean;0
9328;21;114;255;sea;false;ocean;0
9329;40;104;255;sea;false;ocean;0
9330;40;115;255;sea;false;ocean;0
9331;54;124;255;sea;false;ocean;0
9332;23;124;255;sea;false;ocean;0
9333;36;124;255;sea;false;ocean;0
9334;32;122;255;sea;false;ocean;0
9335;22;97;255;sea;false;ocean;0
9336;6;109;255;sea;false;ocean;0
9337;29;71;255;sea;false;ocean;0
9338;60;81;255;sea;false;ocean;0
9339;70;98;255;sea;false;ocean;0
9340;114;67;255;sea;true;ocean;0
9341;47;81;255;sea;false;ocean;0
9342;86;102;255;sea;true;ocean;0
9343;63;51;255;sea;false;ocean;0
9344;55;78;255;sea;false;ocean;0
9345;17;38;255;sea;false;ocean;0
9346;21;12;255;sea;false;ocean;0
9347;11;31;255;sea;false;ocean;0
9348;24;23;255;sea;false;ocean;0
9349;18;19;255;sea;false;ocean;0
9350;66;145;255;sea;false;ocean;0
9351;48;134;255;sea;false;ocean;0
9352;53;162;255;sea;false;ocean;0
9353;54;117;255;sea;false;ocean;0
9354;82;143;255;sea;false;ocean;0
9355;63;141;255;sea;false;ocean;0
9356;80;147;255;sea;false;ocean;0
9357;30;86;255;sea;false;ocean;0
9358;85;118;255;sea;false;ocean;0
9359;96;132;255;sea;false;ocean;0
9360;37;99;255;sea;false;ocean;0
9361;35;100;255;sea;false;ocean;0
9362;62;122;255;sea;false;ocean;0
9363;83;127;255;sea;false;ocean;0
9364;29;137;255;sea;false;ocean;0
9365;71;134;255;sea;false;ocean;0
9366;38;93;255;sea;false;ocean;0
9367;31;59;255;sea;false;ocean;0
9368;36;59;255;sea;false;ocean;0
9369;10;109;255;sea;false;ocean;0
9370;90;10;255;sea;true;ocean;0
9371;104;27;255;sea;true;ocean;0
9372;119;14;255;sea;true;ocean;0
9373;84;38;255;sea;true;ocean;0
9374;105;1;255;sea;true;ocean;0
9375;81;46;255;sea;true;ocean;0
9376;120;49;255;sea;false;ocean;0
9377;131;31;255;sea;false;ocean;0
9378;107;38;255;sea;true;ocean;0
9379;108;54;255;sea;false;ocean;0
9380;107;36;255;sea;false;ocean;0
9381;76;38;255;sea;false;ocean;0
9382;96;58;255;sea;false;ocean;0
9383;82;59;255;sea;false;ocean;0
9384;119;22;255;sea;false;ocean;0
9385;84;33;255;sea;false;ocean;0
9386;88;42;255;sea;false;ocean;0
9387;83;40;255;sea;false;ocean;0
9388;100;19;255;sea;false;ocean;0
9389;70;35;255;sea;false;ocean;0
9390;52;60;255;sea;false;ocean;0
9391;77;34;255;sea;false;ocean;0
9392;110;20;255;sea;false;ocean;0
9393;74;1;255;sea;false;ocean;0
9394;51;41;255;sea;false;ocean;0
9395;53;34;255;sea;false;ocean;0
9396;100;3;255;sea;false;ocean;0
9397;38;110;255;sea;false;ocean;0
9398;78;99;255;sea;false;ocean;0
9399;63;71;255;sea;false;ocean;0
9400;72;66;255;sea;false;ocean;0
9401;69;50;255;sea;false;ocean;0
9402;30;70;255;sea;true;ocean;0
9403;54;40;255;sea;false;ocean;0
9404;16;38;255;sea;false;ocean;0
9405;70;81;255;sea;false;ocean;0
9406;46;54;255;sea;false;ocean;0
9407;75;108;255;sea;true;ocean;0
9408;14;61;255;sea;false;ocean;0
9409;39;52;255;sea;false;ocean;0
9410;25;66;255;sea;false;ocean;0
9411;37;79;255;sea;false;ocean;0
9412;43;50;255;sea;false;ocean;0
9413;57;15;255;sea;false;ocean;0
9414;55;82;255;sea;false;ocean;0
9415;18;43;255;sea;false;ocean;0
9416;5;38;255;sea;false;ocean;0
9417;6;25;255;sea;false;ocean;0
9418;28;53;255;sea;false;ocean;0
9419;9;63;255;sea;false;ocean;0
9420;10;14;255;sea;false;ocean;0
9421;24;55;255;sea;false;ocean;0
9422;52;36;255;sea;false;ocean;0
9423;32;16;255;sea;false;ocean;0
9424;32;33;255;sea;false;ocean;0
9425;33;68;255;sea;false;ocean;0
9426;13;73;255;sea;false;ocean;0
9427;38;35;255;sea;false;ocean;0
9428;31;23;255;sea;false;ocean;0
9429;45;46;255;sea;false;ocean;0
9430;17;75;255;sea;false;ocean;0
9431;61;33;255;sea;false;ocean;0
9432;67;22;255;sea;false;ocean;0
9433;74;14;255;sea;false;ocean;0
9434;109;22;255;sea;false;ocean;0
9435;87;33;255;sea;false;ocean;0
9436;40;2;255;sea;false;ocean;0
9437;111;16;255;sea;false;ocean;0
9438;71;3;255;sea;false;ocean;0
9439;93;38;255;sea;false;ocean;0
9440;107;25;255;sea;false;ocean;0
9441;117;114;255;sea;false;ocean;0
9442;145;93;255;sea;false;ocean;0
9443;158;73;255;sea;false;ocean;0
9444;56;39;255;sea;false;ocean;0
9445;74;66;255;sea;false;ocean;0
9446;69;45;255;sea;false;ocean;0
9447;36;14;255;sea;false;ocean;0
9448;66;25;255;sea;false;ocean;0
9449;37;26;255;sea;true;ocean;0
9450;20;3;255;sea;false;ocean;0
9451;35;21;255;sea;true;ocean;0
9452;8;15;255;sea;false;ocean;0
9453;62;24;255;sea;false;ocean;0
9454;50;42;255;sea;true;ocean;0
9455;12;34;255;sea;false;ocean;0
9456;6;10;255;sea;true;ocean;0
9457;10;39;255;sea;false;ocean;0
9458;31;15;255;sea;true;ocean;0
9459;14;27;255;sea;false;ocean;0
9460;48;29;255;sea;true;ocean;0
9461;124;61;255;sea;false;ocean;0
9462;91;104;255;sea;false;ocean;0
9463;127;71;255;sea;false;ocean;0
9464;92;69;255;sea;false;ocean;0
9465;142;66;255;sea;false;ocean;0
9466;124;75;255;sea;false;ocean;0
9467;105;96;255;sea;false;ocean;0
9468;148;50;255;sea;false;ocean;0
9469;85;75;255;sea;false;ocean;0
9470;153;77;255;sea;false;ocean;0
9471;101;90;255;sea;false;ocean;0
9472;110;48;255;sea;false;ocean;0
9473;53;75;255;sea;true;ocean;0
9474;80;9;255;sea;false;ocean;0
9475;59;60;255;sea;false;ocean;0
9476;82;66;255;sea;false;ocean;0
9477;110;13;255;sea;false;ocean;0
9478;59;57;255;sea;false;ocean;0
9479;81;62;255;sea;false;ocean;0
9480;55;22;255;sea;false;ocean;0
9481;65;11;255;sea;false;ocean;0
9482;106;19;255;sea;true;ocean;0
9483;100;70;255;sea;false;ocean;0
9484;92;70;255;sea;false;ocean;0
9485;66;16;255;sea;false;ocean;0
9486;117;49;255;sea;false;ocean;0
9487;49;114;255;sea;false;ocean;0
9488;0;133;255;sea;false;ocean;0
9489;53;95;255;sea;false;ocean;0
9490;36;134;255;sea;false;ocean;0
9491;8;96;255;sea;false;ocean;0
9492;103;61;255;sea;false;ocean;0
9493;44;56;255;sea;false;ocean;0
9494;54;52;255;sea;false;ocean;0
9495;66;107;255;sea;false;ocean;0
9496;99;117;255;sea;false;ocean;0
9497;86;70;255;sea;false;ocean;0
9498;52;51;255;sea;false;ocean;0
9499;91;7;255;sea;false;ocean;0
9500;99;65;255;sea;false;ocean;0
9501;110;49;255;sea;false;ocean;0
9502;100;22;255;sea;false;ocean;0
9503;132;6;255;sea;false;ocean;0
9504;142;61;255;sea;false;ocean;0
9505;110;35;255;sea;false;ocean;0
9506;157;3;255;sea;false;ocean;0
9507;98;78;255;sea;false;ocean;0
9508;125;31;255;sea;false;ocean;0
9509;134;8;255;sea;false;ocean;0
9510;158;9;255;sea;false;ocean;0
9511;7;112;255;sea;false;ocean;0
9512;55;125;255;sea;false;ocean;0
9513;56;112;255;sea;false;ocean;0
9514;59;82;255;sea;false;ocean;0
9515;13;130;255;sea;false;ocean;0
9516;33;127;255;sea;false;ocean;0
9517;5;88;255;sea;false;ocean;0
9518;21;116;255;sea;false;ocean;0
9519;47;143;255;sea;false;ocean;0
9520;104;66;255;sea;false;ocean;0
9521;77;129;255;sea;false;ocean;0
9522;139;91;255;sea;false;ocean;0
9523;98;62;255;sea;false;ocean;0
9524;84;62;255;sea;false;ocean;0
9525;123;93;255;sea;false;ocean;0
9526;137;87;255;sea;false;ocean;0
9527;76;79;255;sea;false;ocean;0
9528;108;96;255;sea;false;ocean;0
9529;91;71;255;sea;false;ocean;0
9530;80;71;255;sea;false;ocean;0
9531;140;66;255;sea;false;ocean;0
9532;71;53;255;sea;false;ocean;0
9533;130;23;255;sea;false;ocean;0
9534;118;12;255;sea;false;ocean;0
9535;119;60;255;sea;false;ocean;0
9536;66;36;255;sea;true;ocean;0
9537;82;8;255;sea;false;ocean;0
9538;74;73;255;sea;false;ocean;0
9539;53;31;255;sea;false;ocean;0
9540;75;11;255;sea;false;ocean;0
9541;89;26;255;sea;false;ocean;0
9542;33;32;255;sea;false;ocean;0
9543;82;48;255;sea;false;ocean;0
9544;97;20;255;sea;false;ocean;0
9545;28;49;255;sea;false;ocean;0
9546;63;16;255;sea;false;ocean;0
9547;56;24;255;sea;false;ocean;0
9548;66;32;255;sea;false;ocean;0
9549;86;46;255;sea;false;ocean;0
9550;102;1;255;sea;false;ocean;0
9551;70;101;255;sea;true;ocean;0
9552;36;86;255;sea;true;ocean;0
9553;99;85;255;sea;true;ocean;0
9554;95;29;255;sea;true;ocean;0
9555;103;14;255;sea;true;ocean;0
9556;79;52;255;sea;true;ocean;0
9557;38;0;255;sea;false;ocean;0
9558;31;3;255;sea;false;ocean;0
9559;43;33;255;sea;false;ocean;0
9560;7;6;255;sea;false;ocean;0
9561;56;31;255;sea;false;ocean;0
9562;49;11;255;sea;false;ocean;0
9563;66;15;255;sea;false;ocean;0
9564;31;5;255;sea;false;ocean;0
9565;59;19;255;sea;false;ocean;0
9566;47;6;255;sea;false;ocean;0
9567;87;124;255;sea;false;ocean;0
9568;53;103;255;sea;false;ocean;0
9569;110;70;255;sea;false;ocean;0
9570;65;110;255;sea;false;ocean;0
9571;37;101;255;sea;false;ocean;0
9572;40;80;255;sea;false;ocean;0
9573;81;140;255;sea;false;ocean;0
9574;71;117;255;sea;false;ocean;0
9575;54;136;255;sea;false;ocean;0
9576;56;134;255;sea;false;ocean;0
9577;59;145;255;sea;false;ocean;0
9578;113;130;255;sea;false;ocean;0
9579;47;86;255;sea;false;ocean;0
9580;36;74;255;sea;false;ocean;0
9581;105;85;255;sea;false;ocean;0
9582;79;120;255;sea;false;ocean;0
9583;51;86;255;sea;false;ocean;0
9584;46;108;255;sea;false;ocean;0
9585;34;131;255;sea;false;ocean;0
9586;73;144;255;sea;false;ocean;0
9587;72;94;255;sea;false;ocean;0
9588;88;76;255;sea;false;ocean;0
9589;106;69;255;sea;false;ocean;0
9590;37;67;255;sea;false;ocean;0
9591;56;89;255;sea;false;ocean;0
9592;60;76;255;sea;false;ocean;0
9593;35;92;255;sea;false;ocean;0
9594;56;68;255;sea;false;ocean;0
9595;66;119;255;sea;false;ocean;0
9596;64;99;255;sea;false;ocean;0
9597;9;110;255;sea;false;ocean;0
9598;42;88;255;sea;false;ocean;0
9599;93;34;255;sea;false;ocean;0
9600;103;31;255;sea;false;ocean;0
9601;95;51;255;sea;false;ocean;0
9602;68;16;255;sea;false;ocean;0
9603;105;68;255;sea;false;ocean;0
9604;111;23;255;sea;false;ocean;0
9605;82;60;255;sea;false;ocean;0
9606;100;74;255;sea;false;ocean;0
9607;142;84;255;sea;false;ocean;0
9608;117;79;255;sea;false;ocean;0
9609;125;26;255;sea;false;ocean;0
9610;144;36;255;sea;false;ocean;0
9611;141;77;255;sea;false;ocean;0
9612;103;40;255;sea;false;ocean;0
9613;105;64;255;sea;false;ocean;0
9614;105;4;255;sea;false;ocean;0
9615;106;10;255;sea;false;ocean;0
9616;136;5;255;sea;false;ocean;0
9617;139;19;255;sea;false;ocean;0
9618;99;25;255;sea;false;ocean;0
9619;140;4;255;sea;false;ocean;0
9620;76;26;255;sea;false;ocean;0
9621;124;37;255;sea;false;ocean;0
9622;73;6;255;sea;false;ocean;0
9623;91;22;255;sea;false;ocean;0
9624;105;13;255;sea;false;ocean;0
9625;87;18;255;sea;false;ocean;0
9626;115;40;255;sea;false;ocean;0
9627;109;37;255;sea;false;ocean;0
9628;97;1;255;sea;false;ocean;0
9629;76;32;255;sea;false;ocean;0
9630;148;74;255;sea;false;ocean;0
9631;159;121;255;sea;false;ocean;0
9632;125;102;255;sea;false;ocean;0
9633;83;125;255;sea;false;ocean;0
9634;112;107;255;sea;false;ocean;0
9635;132;71;255;sea;false;ocean;0
9636;133;85;255;sea;false;ocean;0
9637;73;82;255;sea;false;ocean;0
9638;59;104;255;sea;true;ocean;0
9639;63;102;255;sea;false;ocean;0
9640;82;101;255;sea;false;ocean;0
9641;73;102;255;sea;false;ocean;0
9642;67;65;255;sea;false;ocean;0
9643;94;92;255;sea;true;ocean;0
9644;68;40;255;sea;false;ocean;0
9645;82;53;255;sea;false;ocean;0
9646;94;68;255;sea;true;ocean;0
9647;22;29;255;sea;false;ocean;0
9648;56;58;255;sea;false;ocean;0
9649;59;28;255;sea;false;ocean;0
9650;25;25;255;sea;false;ocean;0
9651;56;20;255;sea;false;ocean;0
9652;17;50;255;sea;true;ocean;0
9653;5;54;255;sea;false;ocean;0
9654;61;44;255;sea;false;ocean;0
9655;45;42;255;sea;true;ocean;0
9656;55;30;255;sea;false;ocean;0
9657;45;68;255;sea;false;ocean;0
9658;114;83;255;sea;false;ocean;0
9659;70;93;255;sea;false;ocean;0
9660;76;102;255;sea;false;ocean;0
9661;55;85;255;sea;false;ocean;0
9662;75;95;255;sea;false;ocean;0
9663;52;84;255;sea;false;ocean;0
9664;101;91;255;sea;false;ocean;0
9665;53;131;255;sea;false;ocean;0
9666;97;102;255;sea;false;ocean;0
9667;122;88;255;sea;false;ocean;0
9668;63;93;255;sea;false;ocean;0
9669;51;123;255;sea;false;ocean;0
9670;70;134;255;sea;false;ocean;0
9671;11;109;255;sea;false;ocean;0
9672;23;131;255;sea;true;ocean;0
9673;21;126;255;sea;true;ocean;0
9674;117;58;255;sea;false;ocean;0
9675;59;49;255;sea;false;ocean;0
9676;89;89;255;sea;false;ocean;0
9677;93;47;255;sea;false;ocean;0
9678;64;57;255;sea;false;ocean;0
9679;127;43;255;sea;false;ocean;0
9680;113;36;255;sea;false;ocean;0
9681;52;70;255;sea;false;ocean;0
9682;99;41;255;sea;false;ocean;0
9683;97;59;255;sea;false;ocean;0
9684;55;64;255;sea;false;ocean;0
9685;58;95;255;sea;false;ocean;0
9686;90;61;255;sea;false;ocean;0
9687;86;40;255;sea;false;ocean;0
9688;66;61;255;sea;false;ocean;0
9689;65;72;255;sea;false;ocean;0
9690;103;72;255;sea;false;ocean;0
9691;107;64;255;sea;false;ocean;0
9692;120;46;255;sea;false;ocean;0
9693;127;65;255;sea;false;ocean;0
9694;20;1;255;sea;false;ocean;0
9695;38;8;255;sea;false;ocean;0
9696;40;30;255;sea;false;ocean;0
9697;12;14;255;sea;false;ocean;0
9698;1;18;255;sea;false;ocean;0
9699;54;9;255;sea;false;ocean;0
9700;73;41;255;sea;false;ocean;0
9701;23;38;255;sea;false;ocean;0
9702;28;30;255;sea;false;ocean;0
9703;47;25;255;sea;false;ocean;0
9704;32;53;255;sea;false;ocean;0
9705;23;45;255;sea;false;ocean;0
9706;22;91;255;sea;false;ocean;0
9707;10;93;255;sea;false;ocean;0
9708;7;94;255;sea;false;ocean;0
9709;118;34;255;sea;false;ocean;0
9710;107;14;255;sea;false;ocean;0
9711;109;70;255;sea;false;ocean;0
9712;114;28;255;sea;false;ocean;0
9713;74;41;255;sea;false;ocean;0
9714;76;107;255;sea;true;ocean;0
9715;115;121;255;sea;true;ocean;0
9716;111;86;255;sea;true;ocean;0
9717;8;92;255;sea;false;ocean;0
9718;58;49;255;sea;false;ocean;0
9719;49;44;255;sea;false;ocean;0
9720;55;54;255;sea;false;ocean;0
9721;66;97;255;sea;false;ocean;0
9722;16;67;255;sea;false;ocean;0
9723;109;45;255;sea;false;ocean;0
9724;119;55;255;sea;false;ocean;0
9725;93;67;255;sea;false;ocean;0
9726;61;47;255;sea;false;ocean;0
9727;101;53;255;sea;false;ocean;0
9728;97;22;255;sea;false;ocean;0
9729;61;11;255;sea;false;ocean;0
9730;81;74;255;sea;false;ocean;0
9731;55;77;255;sea;false;ocean;0
9732;95;52;255;sea;false;ocean;0
9733;50;117;255;sea;false;ocean;0
9734;69;130;255;sea;false;ocean;0
9735;4;119;255;sea;false;ocean;0
9736;70;147;255;sea;false;ocean;0
9737;60;143;255;sea;false;ocean;0
9738;10;116;255;sea;false;ocean;0
9739;0;107;255;sea;false;ocean;0
9740;54;110;255;sea;false;ocean;0
9741;11;94;255;sea;false;ocean;0
9742;120;83;255;sea;false;ocean;0
9743;89;115;255;sea;false;ocean;0
9744;107;66;255;sea;false;ocean;0
9745;140;65;255;sea;false;ocean;0
9746;135;110;255;sea;false;ocean;0
9747;106;98;255;sea;false;ocean;0
9748;116;66;255;sea;false;ocean;0
9749;88;64;255;sea;false;ocean;0
9750;130;94;255;sea;false;ocean;0
9751;86;73;255;sea;false;ocean;0
9752;143;104;255;sea;true;ocean;0
9753;83;35;255;sea;false;ocean;0
9754;105;45;255;sea;true;ocean;0
9755;149;95;255;sea;true;ocean;0
9756;121;90;255;sea;true;ocean;0
9757;126;41;255;sea;false;ocean;0
9758;122;41;255;sea;false;ocean;0
9759;88;56;255;sea;false;ocean;0
9760;105;90;255;sea;false;ocean;0
9761;87;68;255;sea;true;ocean;0
9762;120;38;255;sea;true;ocean;0
9763;87;100;255;sea;true;ocean;0
9764;80;87;255;sea;false;ocean;0
9765;43;10;255;sea;false;ocean;0
9766;90;8;255;sea;false;ocean;0
9767;78;2;255;sea;false;ocean;0
9768;77;32;255;sea;false;ocean;0
9769;69;29;255;sea;false;ocean;0
9770;21;105;255;sea;false;ocean;0
9771;75;130;255;sea;false;ocean;0
9772;48;86;255;sea;false;ocean;0
9773;38;108;255;sea;false;ocean;0
9774;31;121;255;sea;false;ocean;0
9775;95;75;255;sea;false;ocean;0
9776;88;21;255;sea;false;ocean;0
9777;123;65;255;sea;false;ocean;0
9778;131;49;255;sea;false;ocean;0
9779;141;64;255;sea;false;ocean;0
9780;130;48;255;sea;false;ocean;0
9781;118;79;255;sea;false;ocean;0
9782;75;66;255;sea;false;ocean;0
9783;13;16;255;sea;false;ocean;0
9784;72;16;255;sea;false;ocean;0
9785;45;15;255;sea;false;ocean;0
9786;62;23;255;sea;false;ocean;0
9787;17;41;255;sea;false;ocean;0
9788;72;19;255;sea;false;ocean;0
9789;73;55;255;sea;false;ocean;0
9790;28;43;255;sea;false;ocean;0
9791;72;45;255;sea;false;ocean;0
9792;73;7;255;sea;false;ocean;0
9793;55;57;255;sea;false;ocean;0
9794;75;60;255;sea;false;ocean;0
9795;93;139;255;sea;false;ocean;0
9796;92;131;255;sea;false;ocean;0
9797;128;131;255;sea;false;ocean;0
9798;104;125;255;sea;false;ocean;0
9799;73;113;255;sea;false;ocean;0
9800;50;78;255;sea;false;ocean;0
9801;119;90;255;sea;false;ocean;0
9802;66;128;255;sea;false;ocean;0
9803;67;145;255;sea;false;ocean;0
9804;88;143;255;sea;false;ocean;0
9805;88;91;255;sea;false;ocean;0
9806;102;121;255;sea;false;ocean;0
9807;93;123;255;sea;false;ocean;0
9808;104;121;255;sea;false;ocean;0
9809;105;73;255;sea;false;ocean;0
9810;135;96;255;sea;false;ocean;0
9811;12;95;255;sea;false;ocean;0
9812;35;113;255;sea;false;ocean;0
9813;72;115;255;sea;false;ocean;0
9814;38;50;255;sea;false;ocean;0
9815;85;117;255;sea;false;ocean;0
9816;68;80;255;sea;false;ocean;0
9817;26;39;255;sea;false;ocean;0
9818;52;41;255;sea;false;ocean;0
9819;28;109;255;sea;false;ocean;0
9820;71;9;255;sea;false;ocean;0
9821;81;16;255;sea;false;ocean;0
9822;62;64;255;sea;false;ocean;0
9823;61;21;255;sea;false;ocean;0
9824;64;9;255;sea;false;ocean;0
9825;15;49;255;sea;false;ocean;0
9826;27;144;255;sea;false;ocean;0
9827;7;140;255;sea;false;ocean;0
9828;27;115;255;sea;false;ocean;0
9829;41;102;255;sea;false;ocean;0
9830;10;128;255;sea;false;ocean;0
9831;46;134;255;sea;false;ocean;0
9832;9;115;255;sea;false;ocean;0
9833;25;105;255;sea;false;ocean;0
9834;14;131;255;sea;false;ocean;0
9835;35;102;255;sea;false;ocean;0
9836;7;137;255;sea;false;ocean;0
9837;27;100;255;sea;false;ocean;0
9838;109;89;255;sea;false;ocean;0
9839;75;123;255;sea;false;ocean;0
9840;99;112;255;sea;false;ocean;0
9841;143;126;255;sea;false;ocean;0
9842;139;74;255;sea;false;ocean;0
9843;126;68;255;sea;false;ocean;0
9844;147;76;255;sea;false;ocean;0
9845;128;76;255;sea;false;ocean;0
9846;117;112;255;sea;false;ocean;0
9847;121;104;255;sea;false;ocean;0
9848;73;76;255;sea;false;ocean;0
9849;111;85;255;sea;false;ocean;0
9850;22;11;255;sea;false;ocean;0
9851;20;47;255;sea;false;ocean;0
9852;14;35;255;sea;false;ocean;0
9853;23;52;255;sea;false;ocean;0
9854;7;13;255;sea;false;ocean;0
9855;14;54;255;sea;false;ocean;0
9856;31;9;255;sea;false;ocean;0
9857;70;29;255;sea;false;ocean;0
9858;44;5;255;sea;false;ocean;0
9859;5;58;255;sea;false;ocean;0
9860;17;26;255;sea;false;ocean;0
9861;29;65;255;sea;false;ocean;0
9862;69;41;255;sea;false;ocean;0
9863;16;64;255;sea;false;ocean;0
9864;68;122;255;sea;false;ocean;0
9865;136;93;255;sea;false;ocean;0
9866;106;113;255;sea;false;ocean;0
9867;123;134;255;sea;false;ocean;0
9868;65;104;255;sea;false;ocean;0
9869;62;154;255;sea;false;ocean;0
9870;108;121;255;sea;false;ocean;0
9871;99;154;255;sea;false;ocean;0
9872;138;129;255;sea;false;ocean;0
9873;0;69;255;sea;true;ocean;0
9874;98;48;255;sea;true;ocean;0
9875;74;45;255;sea;false;ocean;0
9876;68;67;255;sea;false;ocean;0
9877;88;38;255;sea;true;ocean;0
9878;125;92;255;sea;false;ocean;0
9879;141;30;255;sea;false;ocean;0
9880;130;73;255;sea;true;ocean;0
9881;83;22;255;sea;false;ocean;0
9882;70;55;255;sea;false;ocean;0
9883;50;36;255;sea;false;ocean;0
9884;86;71;255;sea;false;ocean;0
9885;16;3;255;sea;false;ocean;0
9886;79;69;255;sea;false;ocean;0
9887;61;16;255;sea;false;ocean;0
9888;19;32;255;sea;false;ocean;0
9889;74;43;255;sea;false;ocean;0
9890;54;26;255;sea;false;ocean;0
9891;20;61;255;sea;false;ocean;0
9892;22;50;255;sea;false;ocean;0
9893;48;16;255;sea;false;ocean;0
9894;55;51;255;sea;false;ocean;0
9895;41;7;255;sea;false;ocean;0
9896;31;68;255;sea;false;ocean;0
9897;88;103;255;sea;false;ocean;0
9898;30;95;255;sea;false;ocean;0
9899;67;144;255;sea;false;ocean;0
9900;86;153;255;sea;false;ocean;0
9901;58;26;255;sea;false;ocean;0
9902;70;60;255;sea;false;ocean;0
9903;99;69;255;sea;false;ocean;0
9904;86;56;255;sea;false;ocean;0
9905;52;4;255;sea;false;ocean;0
9906;57;50;255;sea;false;ocean;0
9907;81;19;255;sea;false;ocean;0
9908;74;76;255;sea;false;ocean;0
9909;100;42;255;sea;false;ocean;0
9910;79;22;255;sea;false;ocean;0
9911;49;70;255;sea;false;ocean;0
9912;102;13;255;sea;false;ocean;0
9913;86;50;255;sea;false;ocean;0
9914;98;74;255;sea;false;ocean;0
9915;52;20;255;sea;false;ocean;0
9916;89;15;255;sea;false;ocean;0
9917;23;26;255;sea;false;ocean;0
9918;40;17;255;sea;true;ocean;0
9919;62;42;255;sea;false;ocean;0
9920;37;54;255;sea;true;ocean;0
9921;19;1;255;sea;true;ocean;0
9922;85;97;255;sea;false;ocean;0
9923;147;108;255;sea;false;ocean;0
9924;118;138;255;sea;true;ocean;0
9925;101;115;255;sea;true;ocean;0
9926;91;82;255;sea;true;ocean;0
9927;84;128;255;sea;false;ocean;0
9928;47;94;255;sea;false;ocean;0
9929;25;64;255;sea;false;ocean;0
9930;42;94;255;sea;false;ocean;0
9931;51;55;255;sea;false;ocean;0
9932;59;32;255;sea;false;ocean;0
9933;72;62;255;sea;false;ocean;0
9934;84;87;255;sea;false;ocean;0
9935;37;23;255;sea;false;ocean;0
9936;65;55;255;sea;false;ocean;0
9937;101;23;255;sea;false;ocean;0
9938;122;73;255;sea;false;ocean;0
9939;118;31;255;sea;false;ocean;0
9940;129;17;255;sea;true;ocean;0
9941;85;80;255;sea;true;ocean;0
9942;60;69;255;sea;false;ocean;0
9943;89;29;255;sea;false;ocean;0
9944;85;73;255;sea;false;ocean;0
9945;113;47;255;sea;true;ocean;0
9946;129;25;255;sea;false;ocean;0
9947;21;21;255;sea;false;ocean;0
9948;58;31;255;sea;false;ocean;0
9949;53;25;255;sea;false;ocean;0
9950;83;36;255;sea;false;ocean;0
9951;24;17;255;sea;false;ocean;0
9952;64;8;255;sea;false;ocean;0
9953;21;19;255;sea;false;ocean;0
9954;42;47;255;sea;false;ocean;0
9955;68;47;255;sea;false;ocean;0
9956;90;0;255;sea;false;ocean;0
9957;47;27;255;sea;false;ocean;0
9958;64;40;255;sea;false;ocean;0
9959;43;49;255;sea;false;ocean;0
9960;17;39;255;sea;false;ocean;0
9961;38;14;255;sea;false;ocean;0
9962;82;1;255;sea;false;ocean;0
9963;34;47;255;sea;false;ocean;0
9964;19;48;255;sea;false;ocean;0
9965;4;56;255;sea;false;ocean;0
9966;16;77;255;sea;false;ocean;0
9967;6;90;255;sea;false;ocean;0
9968;28;123;255;sea;false;ocean;0
9969;26;99;255;sea;false;ocean;0
9970;22;48;255;sea;false;ocean;0
9971;16;76;255;sea;false;ocean;0
9972;28;99;255;sea;false;ocean;0
9973;15;89;255;sea;false;ocean;0
9974;35;60;255;sea;false;ocean;0
9975;5;74;255;sea;false;ocean;0
9976;39;104;255;sea;false;ocean;0
9977;42;74;255;sea;false;ocean;0
9978;17;57;255;sea;false;ocean;0
9979;90;51;255;sea;true;ocean;0
9980;138;85;255;sea;true;ocean;0
9981;122;97;255;sea;true;ocean;0
9982;143;50;255;sea;false;ocean;0
9983;114;70;255;sea;true;ocean;0
9984;99;98;255;sea;true;ocean;0
9985;114;74;255;sea;true;ocean;0
9986;125;93;255;sea;true;ocean;0
9987;97;96;255;sea;false;ocean;0
9988;131;30;255;sea;false;ocean;0
9989;115;8;255;sea;false;ocean;0
9990;103;24;255;sea;false;ocean;0
9991;75;0;255;sea;false;ocean;0
9992;74;0;255;sea;false;ocean;0
9993;89;137;255;sea;false;ocean;0
9994;25;118;255;sea;false;ocean;0
9995;39;73;255;sea;false;ocean;0
9996;94;15;255;sea;false;ocean;0
9997;125;56;255;sea;false;ocean;0
9998;115;23;255;sea;false;ocean;0
9999;119;44;255;sea;false;ocean;0
10000;115;10;255;sea;false;ocean;0
10001;122;31;255;sea;false;ocean;0
10002;133;28;255;sea;false;ocean;0
10003;30;77;255;sea;false;ocean;0
10004;29;147;255;sea;false;ocean;0
10005;30;79;255;sea;false;ocean;0
10006;15;95;255;sea;false;ocean;0
10007;9;140;255;sea;false;ocean;0
10008;30;80;255;sea;false;ocean;0
10009;12;86;255;sea;false;ocean;0
10010;17;77;255;sea;false;ocean;0
10011;11;139;255;sea;false;ocean;0
10012;38;116;255;sea;false;ocean;0
10013;39;93;255;sea;false;ocean;0
10014;87;75;255;sea;false;ocean;0
10015;76;100;255;sea;false;ocean;0
10016;89;125;255;sea;false;ocean;0
10017;111;103;255;sea;false;ocean;0
10018;107;112;255;sea;false;ocean;0
10019;56;111;255;sea;false;ocean;0
10020;115;58;255;sea;false;ocean;0
10021;39;81;255;sea;false;ocean;0
10022;104;70;255;sea;false;ocean;0
10023;56;98;255;sea;false;ocean;0
10024;98;124;255;sea;false;ocean;0
10025;60;64;255;sea;false;ocean;0
10026;52;97;255;sea;false;ocean;0
10027;42;53;255;sea;false;ocean;0
10028;8;5;255;sea;false;ocean;0
10029;37;51;255;sea;false;ocean;0
10030;3;8;255;sea;false;ocean;0
10031;12;5;255;sea;false;ocean;0
10032;27;5;255;sea;false;ocean;0
10033;46;33;255;sea;false;ocean;0
10034;46;9;255;sea;false;ocean;0
10035;26;16;255;sea;false;ocean;0
10036;35;11;255;sea;false;ocean;0
10037;31;57;255;sea;false;ocean;0
10038;139;97;255;sea;false;ocean;0
10039;77;151;255;sea;false;ocean;0
10040;129;127;255;sea;false;ocean;0
10041;70;125;255;sea;false;ocean;0
10042;125;115;255;sea;false;ocean;0
10043;56;104;255;sea;false;ocean;0
10044;61;138;255;sea;false;ocean;0
10045;83;141;255;sea;false;ocean;0
10046;86;105;255;sea;false;ocean;0
10047;79;115;255;sea;false;ocean;0
10048;72;78;255;sea;false;ocean;0
10049;103;110;255;sea;false;ocean;0
10050;77;111;255;sea;false;ocean;0
10051;117;88;255;sea;false;ocean;0
10052;94;138;255;sea;false;ocean;0
10053;39;68;255;sea;true;ocean;0
10054;34;64;255;sea;true;ocean;0
10055;62;44;255;sea;false;ocean;0
10056;103;19;255;sea;true;ocean;0
10057;84;96;255;sea;true;ocean;0
10058;106;41;255;sea;true;ocean;0
10059;54;36;255;sea;true;ocean;0
10060;55;11;255;sea;true;ocean;0
10061;11;5;255;sea;true;ocean;0
10062;47;32;255;sea;false;ocean;0
10063;44;46;255;sea;true;ocean;0
10064;20;29;255;sea;false;ocean;0
10065;78;49;255;sea;false;ocean;0
10066;74;122;255;sea;false;ocean;0
10067;12;46;255;sea;false;ocean;0
10068;31;98;255;sea;false;ocean;0
10069;5;77;255;sea;false;ocean;0
10070;38;69;255;sea;false;ocean;0
10071;86;51;255;sea;false;ocean;0
10072;110;30;255;sea;false;ocean;0
10073;113;20;255;sea;false;ocean;0
10074;110;29;255;sea;false;ocean;0
10075;118;1;255;sea;false;ocean;0
10076;88;49;255;sea;false;ocean;0
10077;118;44;255;sea;false;ocean;0
10078;109;26;255;sea;false;ocean;0
10079;102;22;255;sea;false;ocean;0
10080;107;52;255;sea;false;ocean;0
10081;48;53;255;sea;false;ocean;0
10082;75;17;255;sea;false;ocean;0
10083;84;24;255;sea;false;ocean;0
10084;58;62;255;sea;false;ocean;0
10085;95;58;255;sea;false;ocean;0
10086;53;65;255;sea;false;ocean;0
10087;105;91;255;sea;false;ocean;0
10088;52;71;255;sea;false;ocean;0
10089;64;82;255;sea;false;ocean;0
10090;57;88;255;sea;false;ocean;0
10091;100;59;255;sea;false;ocean;0
10092;78;113;255;sea;false;ocean;0
10093;70;86;255;sea;false;ocean;0
10094;48;74;255;sea;false;ocean;0
10095;51;87;255;sea;false;ocean;0
10096;73;99;255;sea;false;ocean;0
10097;36;51;255;sea;false;ocean;0
10098;24;53;255;sea;false;ocean;0
10099;59;94;255;sea;false;ocean;0
10100;59;47;255;sea;false;ocean;0
10101;27;63;255;sea;false;ocean;0
10102;45;48;255;sea;false;ocean;0
10103;20;13;255;sea;true;ocean;0
10104;11;39;255;sea;false;ocean;0
10105;9;21;255;sea;false;ocean;0
10106;69;53;255;sea;false;ocean;0
10107;44;37;255;sea;false;ocean;0
10108;3;14;255;sea;false;ocean;0
10109;3;128;255;sea;true;ocean;0
10110;27;147;255;sea;true;ocean;0
10111;22;87;255;sea;true;ocean;0
10112;49;99;255;sea;true;ocean;0
10113;5;91;255;sea;true;ocean;0
10114;53;146;255;sea;true;ocean;0
10115;35;153;255;sea;true;ocean;0
10116;4;133;255;sea;true;ocean;0
10117;30;151;255;sea;true;ocean;0
10118;19;88;255;sea;true;ocean;0
10119;39;140;255;sea;true;ocean;0
10120;28;146;255;sea;true;ocean;0
10121;4;163;255;sea;true;ocean;0
10122;31;150;255;sea;true;ocean;0
10123;14;108;255;sea;true;ocean;0
10124;38;152;255;sea;true;ocean;0
10125;53;148;255;sea;true;ocean;0
10126;15;152;255;sea;true;ocean;0
10127;2;161;255;sea;true;ocean;0
10128;2;146;255;sea;true;ocean;0
10129;21;164;255;sea;true;ocean;0
10130;4;156;255;sea;true;ocean;0
10131;19;115;255;sea;false;ocean;0
10132;47;129;255;sea;true;ocean;0
10133;76;112;255;sea;false;ocean;0
10134;94;71;255;sea;false;ocean;0
10135;118;125;255;sea;false;ocean;0
10136;90;81;255;sea;false;ocean;0
10137;110;71;255;sea;true;ocean;0
10138;59;109;255;sea;false;ocean;0
10139;70;63;255;sea;false;ocean;0
10140;115;126;255;sea;false;ocean;0
10141;91;131;255;sea;false;ocean;0
10142;129;122;255;sea;false;ocean;0
10143;74;111;255;sea;false;ocean;0
10144;67;71;255;sea;false;ocean;0
10145;81;69;255;sea;false;ocean;0
10146;90;92;255;sea;false;ocean;0
10147;32;42;255;sea;false;ocean;0
10148;30;16;255;sea;false;ocean;0
10149;74;42;255;sea;false;ocean;0
10150;90;68;255;sea;false;ocean;0
10151;42;58;255;sea;false;ocean;0
10152;43;67;255;sea;false;ocean;0
10153;66;7;255;sea;false;ocean;0
10154;87;44;255;sea;false;ocean;0
10155;91;57;255;sea;false;ocean;0
10156;84;110;255;sea;false;ocean;0
10157;100;129;255;sea;false;ocean;0
10158;72;122;255;sea;false;ocean;0
10159;111;87;255;sea;false;ocean;0
10160;88;87;255;sea;false;ocean;0
10161;68;150;255;sea;false;ocean;0
10162;111;134;255;sea;false;ocean;0
10163;98;130;255;sea;false;ocean;0
10164;104;116;255;sea;false;ocean;0
10165;113;151;255;sea;false;ocean;0
10166;100;116;255;sea;false;ocean;0
10167;115;82;255;sea;false;ocean;0
10168;107;120;255;sea;false;ocean;0
10169;57;102;255;sea;false;ocean;0
10170;96;102;255;sea;false;ocean;0
10171;65;91;255;sea;false;ocean;0
10172;27;127;255;sea;false;ocean;0
10173;65;97;255;sea;false;ocean;0
10174;37;122;255;sea;false;ocean;0
10175;54;105;255;sea;false;ocean;0
10176;50;118;255;sea;false;ocean;0
10177;33;80;255;sea;false;ocean;0
10178;41;86;255;sea;false;ocean;0
10179;23;72;255;sea;false;ocean;0
10180;32;109;255;sea;false;ocean;0
10181;0;130;255;sea;false;ocean;0
10182;28;113;255;sea;false;ocean;0
10183;23;127;255;sea;false;ocean;0
10184;117;40;255;sea;false;ocean;0
10185;108;41;255;sea;false;ocean;0
10186;50;30;255;sea;false;ocean;0
10187;72;32;255;sea;false;ocean;0
10188;68;66;255;sea;false;ocean;0
10189;110;98;255;sea;false;ocean;0
10190;99;60;255;sea;false;ocean;0
10191;115;34;255;sea;false;ocean;0
10192;93;74;255;sea;false;ocean;0
10193;93;40;255;sea;false;ocean;0
10194;53;100;255;sea;false;ocean;0
10195;86;45;255;sea;false;ocean;0
10196;61;38;255;sea;false;ocean;0
10197;63;47;255;sea;false;ocean;0
10198;47;14;255;sea;false;ocean;0
10199;71;75;255;sea;false;ocean;0
10200;22;101;255;sea;false;ocean;0
10201;5;107;255;sea;false;ocean;0
10202;29;111;255;sea;false;ocean;0
10203;22;131;255;sea;false;ocean;0
10204;33;118;255;sea;false;ocean;0
10205;35;97;255;sea;false;ocean;0
10206;61;89;255;sea;false;ocean;0
10207;37;143;255;sea;false;ocean;0
10208;33;144;255;sea;false;ocean;0
10209;51;154;255;sea;false;ocean;0
10210;24;116;255;sea;false;ocean;0
10211;53;151;255;sea;false;ocean;0
10212;38;147;255;sea;false;ocean;0
10213;18;106;255;sea;false;ocean;0
10214;63;77;255;sea;false;ocean;0
10215;72;134;255;sea;false;ocean;0
10216;49;130;255;sea;false;ocean;0
10217;68;119;255;sea;false;ocean;0
10218;50;120;255;sea;false;ocean;0
10219;74;81;255;sea;false;ocean;0
10220;60;135;255;sea;false;ocean;0
10221;1;113;255;sea;false;ocean;0
10222;65;133;255;sea;false;ocean;0
10223;17;89;255;sea;false;ocean;0
10224;46;95;255;sea;false;ocean;0
10225;59;148;255;sea;false;ocean;0
10226;15;119;255;sea;false;ocean;0
10227;64;100;255;sea;false;ocean;0
10228;119;62;255;sea;false;ocean;0
10229;95;57;255;sea;false;ocean;0
10230;115;42;255;sea;false;ocean;0
10231;94;43;255;sea;false;ocean;0
10232;90;112;255;sea;false;ocean;0
10233;95;53;255;sea;false;ocean;0
10234;68;43;255;sea;false;ocean;0
10235;65;56;255;sea;false;ocean;0
10236;48;63;255;sea;false;ocean;0
10237;116;73;255;sea;false;ocean;0
10238;87;114;255;sea;false;ocean;0
10239;112;74;255;sea;false;ocean;0
10240;48;92;255;sea;false;ocean;0
10241;113;87;255;sea;false;ocean;0
10242;96;73;255;sea;false;ocean;0
10243;52;119;255;sea;false;ocean;0
10244;96;44;255;sea;false;ocean;0
10245;89;43;255;sea;false;ocean;0
10246;46;87;255;sea;false;ocean;0
10247;73;75;255;sea;false;ocean;0
10248;97;84;255;sea;false;ocean;0
10249;61;69;255;sea;false;ocean;0
10250;49;77;255;sea;false;ocean;0
10251;78;76;255;sea;false;ocean;0
10252;117;61;255;sea;false;ocean;0
10253;115;85;255;sea;false;ocean;0
10254;56;75;255;sea;false;ocean;0
10255;8;78;255;sea;false;ocean;0
10256;51;70;255;sea;false;ocean;0
10257;26;40;255;sea;false;ocean;0
10258;18;67;255;sea;false;ocean;0
10259;36;50;255;sea;false;ocean;0
10260;86;10;255;sea;false;ocean;0
10261;121;7;255;sea;false;ocean;0
10262;104;9;255;sea;false;ocean;0
10263;110;23;255;sea;false;ocean;0
10264;149;8;255;sea;false;ocean;0
10265;102;53;255;sea;false;ocean;0
10266;117;8;255;sea;false;ocean;0
10267;117;66;255;sea;false;ocean;0
10268;102;58;255;sea;false;ocean;0
10269;75;19;255;sea;false;ocean;0
10270;128;34;255;sea;false;ocean;0
10271;108;58;255;sea;false;ocean;0
10272;116;13;255;sea;false;ocean;0
10273;15;94;255;sea;false;ocean;0
10274;39;72;255;sea;true;ocean;0
10275;41;80;255;sea;true;ocean;0
10276;33;131;255;sea;true;ocean;0
10277;4;55;255;sea;false;ocean;0
10278;16;107;255;sea;true;ocean;0
10279;51;124;255;sea;false;ocean;0
10280;10;54;255;sea;true;ocean;0
10281;18;105;255;sea;true;ocean;0
10282;30;89;255;sea;false;ocean;0
10283;26;130;255;sea;true;ocean;0
10284;102;72;255;sea;false;ocean;0
10285;91;122;255;sea;false;ocean;0
10286;51;68;255;sea;false;ocean;0
10287;75;129;255;sea;false;ocean;0
10288;56;86;255;sea;false;ocean;0
10289;64;104;255;sea;false;ocean;0
10290;73;71;255;sea;false;ocean;0
10291;98;117;255;sea;false;ocean;0
10292;128;92;255;sea;false;ocean;0
10293;59;95;255;sea;false;ocean;0
10294;114;129;255;sea;false;ocean;0
10295;117;86;255;sea;false;ocean;0
10296;96;119;255;sea;false;ocean;0
10297;114;52;255;sea;false;ocean;0
10298;55;40;255;sea;false;ocean;0
10299;58;57;255;sea;false;ocean;0
10300;3;87;255;sea;false;ocean;0
10301;50;18;255;sea;false;ocean;0
10302;23;40;255;sea;false;ocean;0
10303;46;50;255;sea;false;ocean;0
10304;53;41;255;sea;false;ocean;0
10305;35;72;255;sea;false;ocean;0
10306;36;68;255;sea;false;ocean;0
10307;94;83;255;sea;false;ocean;0
10308;138;154;255;sea;false;ocean;0
10309;147;104;255;sea;false;ocean;0
10310;94;132;255;sea;false;ocean;0
10311;163;160;255;sea;false;ocean;0
10312;108;108;255;sea;false;ocean;0
10313;82;104;255;sea;false;ocean;0
10314;102;96;255;sea;false;ocean;0
10315;71;110;255;sea;false;ocean;0
10316;119;134;255;sea;false;ocean;0
10317;93;146;255;sea;false;ocean;0
10318;89;80;255;sea;false;ocean;0
10319;113;72;255;sea;false;ocean;0
10320;55;68;255;sea;false;ocean;0
10321;116;76;255;sea;false;ocean;0
10322;99;53;255;sea;false;ocean;0
10323;72;61;255;sea;false;ocean;0
10324;119;68;255;sea;false;ocean;0
10325;108;38;255;sea;false;ocean;0
10326;95;74;255;sea;false;ocean;0
10327;78;48;255;sea;false;ocean;0
10328;64;39;255;sea;false;ocean;0
10329;69;77;255;sea;false;ocean;0
10330;84;31;255;sea;false;ocean;0
10331;114;47;255;sea;false;ocean;0
10332;47;78;255;sea;false;ocean;0
10333;61;50;255;sea;true;ocean;0
10334;27;32;255;sea;true;ocean;0
10335;38;32;255;sea;true;ocean;0
10336;70;40;255;sea;true;ocean;0
10337;53;6;255;sea;true;ocean;0
10338;24;42;255;sea;true;ocean;0
10339;69;11;255;sea;true;ocean;0
10340;59;38;255;sea;true;ocean;0
10341;49;3;255;sea;true;ocean;0
10342;6;7;255;sea;true;ocean;0
10343;71;10;255;sea;true;ocean;0
10344;49;12;255;sea;true;ocean;0
10345;2;48;255;sea;true;ocean;0
10346;39;24;255;sea;true;ocean;0
10347;40;44;255;sea;true;ocean;0
10348;44;100;255;sea;false;ocean;0
10349;90;62;255;sea;false;ocean;0
10350;28;83;255;sea;false;ocean;0
10351;95;89;255;sea;false;ocean;0
10352;37;102;255;sea;false;ocean;0
10353;89;41;255;sea;false;ocean;0
10354;115;76;255;sea;false;ocean;0
10355;74;68;255;sea;false;ocean;0
10356;83;56;255;sea;false;ocean;0
10357;101;82;255;sea;false;ocean;0
10358;129;15;255;sea;false;ocean;0
10359;30;13;255;sea;false;ocean;0
10360;69;38;255;sea;false;ocean;0
10361;69;48;255;sea;false;ocean;0
10362;36;9;255;sea;false;ocean;0
10363;23;24;255;sea;false;ocean;0
10364;6;56;255;sea;false;ocean;0
10365;67;20;255;sea;false;ocean;0
10366;37;31;255;sea;false;ocean;0
10367;120;123;255;sea;true;ocean;0
10368;113;119;255;sea;true;ocean;0
10369;89;81;255;sea;true;ocean;0
10370;121;59;255;sea;true;ocean;0
10371;106;118;255;sea;true;ocean;0
10372;93;95;255;sea;true;ocean;0
10373;109;112;255;sea;true;ocean;0
10374;107;74;255;sea;false;ocean;0
10375;76;52;255;sea;false;ocean;0
10376;59;59;255;sea;true;ocean;0
10377;45;64;255;sea;true;ocean;0
10378;39;69;255;sea;false;ocean;0
10379;38;29;255;sea;true;ocean;0
10380;55;32;255;sea;false;ocean;0
10381;46;37;255;sea;false;ocean;0
10382;10;33;255;sea;false;ocean;0
10383;7;14;255;sea;false;ocean;0
10384;52;21;255;sea;false;ocean;0
10385;5;19;255;sea;false;ocean;0
10386;56;1;255;sea;false;ocean;0
10387;33;22;255;sea;false;ocean;0
10388;1;13;255;sea;false;ocean;0
10389;57;3;255;sea;false;ocean;0
10390;1;25;255;sea;false;ocean;0
10391;21;14;255;sea;false;ocean;0
10392;64;11;255;sea;false;ocean;0
10393;114;108;255;sea;false;ocean;0
10394;120;75;255;sea;false;ocean;0
10395;90;85;255;sea;false;ocean;0
10396;73;78;255;sea;false;ocean;0
10397;94;103;255;sea;false;ocean;0
10398;143;77;255;sea;false;ocean;0
10399;141;79;255;sea;false;ocean;0
10400;98;108;255;sea;false;ocean;0
10401;94;79;255;sea;false;ocean;0
10402;64;48;255;sea;false;ocean;0
10403;94;56;255;sea;true;ocean;0
10404;125;8;255;sea;false;ocean;0
10405;83;7;255;sea;true;ocean;0
10406;125;5;255;sea;true;ocean;0
10407;126;21;255;sea;true;ocean;0
10408;5;128;255;sea;false;ocean;0
10409;24;101;255;sea;false;ocean;0
10410;56;105;255;sea;false;ocean;0
10411;79;132;255;sea;false;ocean;0
10412;79;100;255;sea;false;ocean;0
10413;53;92;255;sea;false;ocean;0
10414;8;82;255;sea;false;ocean;0
10415;78;74;255;sea;false;ocean;0
10416;44;58;255;sea;false;ocean;0
10417;70;118;255;sea;false;ocean;0
10418;67;56;255;sea;false;ocean;0
10419;52;62;255;sea;false;ocean;0
10420;64;110;255;sea;false;ocean;0
10421;73;74;255;sea;false;ocean;0
10422;31;129;255;sea;false;ocean;0
10423;25;130;255;sea;false;ocean;0
10424;22;44;255;sea;false;ocean;0
10425;40;50;255;sea;false;ocean;0
10426;58;92;255;sea;false;ocean;0
10427;54;104;255;sea;false;ocean;0
10428;9;91;255;sea;false;ocean;0
10429;43;110;255;sea;false;ocean;0
10430;50;41;255;sea;false;ocean;0
10431;43;75;255;sea;false;ocean;0
10432;94;24;255;sea;false;ocean;0
10433;103;16;255;sea;false;ocean;0
10434;68;33;255;sea;false;ocean;0
10435;117;11;255;sea;true;ocean;0
10436;85;5;255;sea;true;ocean;0
10437;119;47;255;sea;true;ocean;0
10438;76;27;255;sea;false;ocean;0
10439;104;46;255;sea;false;ocean;0
10440;104;146;255;sea;false;ocean;0
10441;130;85;255;sea;false;ocean;0
10442;117;133;255;sea;false;ocean;0
10443;78;130;255;sea;false;ocean;0
10444;102;137;255;sea;false;ocean;0
10445;71;139;255;sea;false;ocean;0
10446;70;124;255;sea;false;ocean;0
10447;4;68;255;sea;false;ocean;0
10448;23;74;255;sea;false;ocean;0
10449;38;42;255;sea;false;ocean;0
10450;71;104;255;sea;false;ocean;0
10451;76;92;255;sea;false;ocean;0
10452;29;77;255;sea;false;ocean;0
10453;8;74;255;sea;false;ocean;0
10454;17;92;255;sea;false;ocean;0
10455;65;111;255;sea;false;ocean;0
10456;57;98;255;sea;false;ocean;0
10457;34;75;255;sea;false;ocean;0
10458;54;109;255;sea;false;ocean;0
10459;36;76;255;sea;false;ocean;0
10460;17;34;255;sea;false;ocean;0
10461;32;30;255;sea;false;ocean;0
10462;13;48;255;sea;false;ocean;0
10463;33;11;255;sea;false;ocean;0
10464;16;36;255;sea;false;ocean;0
10465;7;16;255;sea;false;ocean;0
10466;57;96;255;sea;false;ocean;0
10467;21;84;255;sea;false;ocean;0
10468;63;136;255;sea;false;ocean;0
10469;40;91;255;sea;false;ocean;0
10470;39;114;255;sea;false;ocean;0
10471;18;107;255;sea;false;ocean;0
10472;65;101;255;sea;false;ocean;0
10473;35;68;255;sea;false;ocean;0
10474;60;82;255;sea;false;ocean;0
10475;20;66;255;sea;false;ocean;0
10476;35;132;255;sea;false;ocean;0
10477;17;139;255;sea;false;ocean;0
10478;56;129;255;sea;false;ocean;0
10479;34;115;255;sea;false;ocean;0
10480;143;44;255;sea;false;ocean;0
10481;105;49;255;sea;false;ocean;0
10482;85;59;255;sea;false;ocean;0
10483;82;81;255;sea;false;ocean;0
10484;69;107;255;sea;false;ocean;0
10485;117;62;255;sea;false;ocean;0
10486;90;89;255;sea;false;ocean;0
10487;135;77;255;sea;false;ocean;0
10488;74;33;255;sea;false;ocean;0
10489;27;54;255;sea;false;ocean;0
10490;31;28;255;sea;false;ocean;0
10491;54;65;255;sea;false;ocean;0
10492;37;33;255;sea;false;ocean;0
10493;70;28;255;sea;false;ocean;0
10494;11;59;255;sea;false;ocean;0
10495;71;31;255;sea;false;ocean;0
10496;37;48;255;sea;false;ocean;0
10497;64;77;255;sea;false;ocean;0
10498;10;62;255;sea;false;ocean;0
10499;22;25;255;sea;false;ocean;0
10500;14;49;255;sea;false;ocean;0
10501;2;11;255;sea;false;ocean;0
10502;47;5;255;sea;false;ocean;0
10503;35;45;255;sea;false;ocean;0
10504;45;57;255;sea;false;ocean;0
10505;45;50;255;sea;false;ocean;0
10506;88;96;255;sea;false;ocean;0
10507;71;80;255;sea;false;ocean;0
10508;79;61;255;sea;false;ocean;0
10509;71;97;255;sea;false;ocean;0
10510;21;48;255;sea;false;ocean;0
10511;24;3;255;sea;false;ocean;0
10512;55;48;255;sea;false;ocean;0
10513;24;64;255;sea;false;ocean;0
10514;108;94;255;sea;false;ocean;0
10515;140;118;255;sea;false;ocean;0
10516;131;115;255;sea;false;ocean;0
10517;119;109;255;sea;false;ocean;0
10518;138;116;255;sea;false;ocean;0
10519;149;90;255;sea;false;ocean;0
10520;115;109;255;sea;false;ocean;0
10521;119;161;255;sea;false;ocean;0
10522;125;143;255;sea;false;ocean;0
10523;116;97;255;sea;false;ocean;0
10524;151;132;255;sea;false;ocean;0
10525;104;102;255;sea;false;ocean;0
10526;88;61;255;sea;false;ocean;0
10527;63;99;255;sea;false;ocean;0
10528;55;100;255;sea;false;ocean;0
10529;70;68;255;sea;false;ocean;0
10530;69;61;255;sea;false;ocean;0
10531;76;9;255;sea;false;ocean;0
10532;111;44;255;sea;false;ocean;0
10533;106;55;255;sea;false;ocean;0
10534;135;10;255;sea;false;ocean;0
10535;125;17;255;sea;false;ocean;0
10536;97;39;255;sea;false;ocean;0
10537;84;34;255;sea;false;ocean;0
10538;86;36;255;sea;true;ocean;0
10539;41;30;255;sea;true;ocean;0
10540;39;42;255;sea;true;ocean;0
10541;50;39;255;sea;true;ocean;0
10542;70;42;255;sea;true;ocean;0
10543;134;127;255;sea;false;ocean;0
10544;150;86;255;sea;false;ocean;0
10545;114;110;255;sea;false;ocean;0
10546;125;96;255;sea;false;ocean;0
10547;125;111;255;sea;false;ocean;0
10548;125;127;255;sea;false;ocean;0
10549;80;152;255;sea;false;ocean;0
10550;121;105;255;sea;false;ocean;0
10551;107;50;255;sea;false;ocean;0
10552;74;86;255;sea;false;ocean;0
10553;107;68;255;sea;false;ocean;0
10554;82;96;255;sea;false;ocean;0
10555;99;36;255;sea;false;ocean;0
10556;86;79;255;sea;false;ocean;0
10557;66;68;255;sea;false;ocean;0
10558;106;87;255;sea;false;ocean;0
10559;188;43;128;lake;false;lakes;0
10560;155;35;128;lake;false;lakes;0
10561;153;16;128;lake;false;lakes;0
10562;178;29;128;lake;false;lakes;0
10563;46;158;128;lake;false;lakes;0
10564;94;121;128;lake;false;lakes;0
10565;76;102;128;lake;false;lakes;0
10566;65;96;128;lake;false;lakes;0
10567;106;144;128;lake;false;lakes;0
10568;48;115;128;lake;false;lakes;0
10569;49;114;128;lake;false;lakes;0
10570;83;144;128;lake;false;lakes;0
10571;100;111;128;lake;false;lakes;0
10572;86;89;128;lake;false;lakes;0
10573;88;116;128;lake;false;lakes;0
10574;43;116;128;lake;false;lakes;0
10575;10;165;128;lake;false;lakes;0
10576;55;94;128;lake;false;lakes;0
10577;31;116;128;lake;false;lakes;0
10578;13;140;128;lake;false;lakes;0
10579;45;117;128;lake;false;lakes;0
10580;30;102;128;lake;false;lakes;0
10581;4;96;128;lake;false;lakes;0
10582;11;114;128;lake;false;lakes;0
10583;33;135;128;lake;false;lakes;0
10584;44;156;128;lake;false;lakes;0
10585;208;20;128;lake;false;lakes;0
10586;248;29;128;lake;false;lakes;0
10587;77;14;128;lake;false;lakes;0
10588;135;5;128;lake;false;lakes;0
10589;88;14;128;lake;false;lakes;0
10590;85;133;128;lake;false;lakes;0
10591;70;168;128;lake;false;lakes;0
10592;77;157;128;lake;false;lakes;0
10593;71;170;128;lake;false;lakes;0
10594;53;80;128;lake;false;lakes;0
10595;221;166;128;lake;false;lakes;0
10596;251;238;128;lake;false;lakes;0
10597;251;184;128;lake;false;lakes;0
10598;207;194;128;lake;false;lakes;0
10599;56;49;128;lake;false;lakes;0
10600;88;146;128;lake;false;lakes;0
10601;103;151;128;lake;false;lakes;0
10602;4;206;128;lake;false;lakes;0
10603;13;239;128;lake;false;lakes;0
10604;16;213;128;lake;false;lakes;0
10605;129;120;128;lake;false;lakes;0
10606;149;86;128;lake;false;lakes;0
10607;139;66;128;lake;false;lakes;0
10608;0;51;128;lake;false;lakes;0
10609;146;193;128;lake;false;lakes;0
10610;171;195;128;lake;false;lakes;0
10611;122;190;128;lake;false;lakes;0
10612;39;32;128;lake;false;lakes;0
10613;13;30;128;lake;false;lakes;0
10614;14;4;128;lake;false;lakes;0
10615;228;153;128;lake;false;lakes;0
10616;69;23;128;lake;false;lakes;0
10617;83;20;128;lake;false;lakes;0
10618;72;49;128;lake;false;lakes;0
10619;56;92;128;lake;false;lakes;0
10620;66;23;128;lake;false;lakes;0
10621;65;154;128;lake;false;lakes;0
10622;100;148;128;lake;false;lakes;0
10623;160;11;128;lake;false;lakes;0
10624;97;138;128;lake;false;lakes;0
10625;214;24;128;lake;false;lakes;0
10626;248;149;128;lake;false;lakes;0
10627;143;235;128;lake;false;lakes;0
10628;12;98;128;lake;false;lakes;0
10629;129;225;128;lake;false;lakes;0
10630;57;128;128;lake;false;lakes;0
10631;133;254;128;lake;false;lakes;0
10632;54;126;128;lake;false;lakes;0
10633;174;5;128;lake;false;lakes;0
10634;170;112;128;lake;false;lakes;0
10635;66;225;128;lake;false;lakes;0
10636;225;151;128;lake;false;lakes;0
10637;63;250;128;lake;false;lakes;0
10638;112;92;128;lake;false;lakes;0
10639;189;207;128;lake;false;lakes;0
10640;158;106;128;lake;false;lakes;0
10641;27;237;128;lake;false;lakes;0
10642;18;40;128;lake;false;lakes;0
10643;137;159;128;lake;false;lakes;0
10644;111;38;128;lake;false;lakes;0
10645;201;171;128;lake;false;lakes;0
10646;108;220;128;lake;false;lakes;0
10647;26;30;66;sea;false;ocean;0
10648;63;121;229;sea;false;ocean;0
10649;100;212;136;sea;false;ocean;0
